[WORKER] 2026/03/06 14:38:50 worker.go:65: === Запуск worker ===
[WORKER] 2026/03/06 14:38:50 worker.go:79: Архетипы загружены успешно (всего: 11)
[WORKER] 2026/03/06 14:38:50 worker.go:99: Начинаем обработку матча test_match_001 с архетипами [attacker pragmatic]
[WORKER] 2026/03/06 14:38:51 worker.go:139: Начинаем обработку 86 полуходов. EngPath: C:\Users\yaros\Downloads\stockfish-windows-x86-64-avx2\stockfish\stockfish-windows-x86-64-avx2.exe
[WORKER] 2026/03/06 14:38:51 worker.go:501: Анализ позиции: 0 тактических ходов из 20 возможных
[WORKER] 2026/03/06 14:38:51 worker.go:179: Полуход 1. Ход белых: 0.5 сек (оценка: 50)
[WORKER] 2026/03/06 14:38:52 worker.go:501: Анализ позиции: 0 тактических ходов из 20 возможных
[WORKER] 2026/03/06 14:38:52 worker.go:179: Полуход 2. Ход черных: 0.9 сек (оценка: 38)
[WORKER] 2026/03/06 14:38:53 worker.go:501: Анализ позиции: 0 тактических ходов из 30 возможных
[WORKER] 2026/03/06 14:38:53 worker.go:179: Полуход 3. Ход белых: 0.4 сек (оценка: 50)
[WORKER] 2026/03/06 14:38:54 worker.go:501: Анализ позиции: 1 тактических ходов из 30 возможных
[WORKER] 2026/03/06 14:38:54 worker.go:179: Полуход 4. Ход черных: 0.8 сек (оценка: 47)
[WORKER] 2026/03/06 14:38:54 worker.go:501: Анализ позиции: 2 тактических ходов из 38 возможных
[WORKER] 2026/03/06 14:38:54 worker.go:179: Полуход 5. Ход белых: 0.4 сек (оценка: 54)
[WORKER] 2026/03/06 14:38:55 worker.go:501: Анализ позиции: 1 тактических ходов из 34 возможных
[WORKER] 2026/03/06 14:38:55 worker.go:179: Полуход 6. Ход черных: 1.0 сек (оценка: 52)
[WORKER] 2026/03/06 14:38:56 worker.go:501: Анализ позиции: 2 тактических ходов из 33 возможных
[WORKER] 2026/03/06 14:38:56 worker.go:179: Полуход 7. Ход белых: 0.6 сек (оценка: 72)
[WORKER] 2026/03/06 14:38:56 worker.go:501: Анализ позиции: 3 тактических ходов из 38 возможных
[WORKER] 2026/03/06 14:38:56 worker.go:179: Полуход 8. Ход черных: 0.7 сек (оценка: 32)
[WORKER] 2026/03/06 14:38:57 worker.go:501: Анализ позиции: 2 тактических ходов из 31 возможных
[WORKER] 2026/03/06 14:38:57 worker.go:179: Полуход 9. Ход белых: 0.8 сек (оценка: 33)
[WORKER] 2026/03/06 14:38:58 worker.go:501: Анализ позиции: 2 тактических ходов из 39 возможных
[WORKER] 2026/03/06 14:38:58 worker.go:179: Полуход 10. Ход черных: 0.9 сек (оценка: 31)
[WORKER] 2026/03/06 14:38:59 worker.go:501: Анализ позиции: 2 тактических ходов из 35 возможных
[WORKER] 2026/03/06 14:38:59 worker.go:179: Полуход 11. Ход белых: 0.3 сек (оценка: 46)
[WORKER] 2026/03/06 14:39:00 worker.go:501: Анализ позиции: 2 тактических ходов из 40 возможных
[WORKER] 2026/03/06 14:39:00 worker.go:179: Полуход 12. Ход черных: 0.9 сек (оценка: 36)
[WORKER] 2026/03/06 14:39:00 worker.go:501: Анализ позиции: 1 тактических ходов из 31 возможных
[WORKER] 2026/03/06 14:39:00 worker.go:179: Полуход 13. Ход белых: 0.4 сек (оценка: 34)
[WORKER] 2026/03/06 14:39:01 worker.go:501: Анализ позиции: 2 тактических ходов из 35 возможных
[WORKER] 2026/03/06 14:39:01 worker.go:179: Полуход 14. Ход черных: 0.9 сек (оценка: 24)
[WORKER] 2026/03/06 14:39:02 worker.go:501: Анализ позиции: 2 тактических ходов из 31 возможных
[WORKER] 2026/03/06 14:39:02 worker.go:179: Полуход 15. Ход белых: 9.8 сек (оценка: 44)
[WORKER] 2026/03/06 14:39:02 worker.go:501: Анализ позиции: 3 тактических ходов из 32 возможных
[WORKER] 2026/03/06 14:39:02 worker.go:179: Полуход 16. Ход черных: 27.1 сек (оценка: 3)
[WORKER] 2026/03/06 14:39:03 worker.go:501: Анализ позиции: 1 тактических ходов из 27 возможных
[WORKER] 2026/03/06 14:39:03 worker.go:179: Полуход 17. Ход белых: 9.1 сек (оценка: 0)
[WORKER] 2026/03/06 14:39:04 worker.go:501: Анализ позиции: 3 тактических ходов из 44 возможных
[WORKER] 2026/03/06 14:39:04 worker.go:179: Полуход 18. Ход черных: 23.7 сек (оценка: -26)
[WORKER] 2026/03/06 14:39:04 worker.go:501: Анализ позиции: 4 тактических ходов из 37 возможных
[WORKER] 2026/03/06 14:39:04 worker.go:179: Полуход 19. Ход белых: 7.2 сек (оценка: -19)
[WORKER] 2026/03/06 14:39:05 worker.go:501: Анализ позиции: 2 тактических ходов из 46 возможных
[WORKER] 2026/03/06 14:39:05 worker.go:179: Полуход 20. Ход черных: 14.4 сек (оценка: -12)
[WORKER] 2026/03/06 14:39:05 worker.go:501: Анализ позиции: 1 тактических ходов из 37 возможных
[WORKER] 2026/03/06 14:39:05 worker.go:179: Полуход 21. Ход белых: 50.9 сек (оценка: -8)
[WORKER] 2026/03/06 14:39:06 worker.go:501: Анализ позиции: 3 тактических ходов из 45 возможных
[WORKER] 2026/03/06 14:39:06 worker.go:179: Полуход 22. Ход черных: 14.3 сек (оценка: -23)
[WORKER] 2026/03/06 14:39:06 worker.go:501: Анализ позиции: 4 тактических ходов из 34 возможных
[WORKER] 2026/03/06 14:39:06 worker.go:179: Полуход 23. Ход белых: 27.7 сек (оценка: -13)
[WORKER] 2026/03/06 14:39:07 worker.go:501: Анализ позиции: 1 тактических ходов из 42 возможных
[WORKER] 2026/03/06 14:39:07 worker.go:179: Полуход 24. Ход черных: 17.8 сек (оценка: -11)
[WORKER] 2026/03/06 14:39:07 worker.go:501: Анализ позиции: 1 тактических ходов из 41 возможных
[WORKER] 2026/03/06 14:39:07 worker.go:179: Полуход 25. Ход белых: 5.8 сек (оценка: -9)
[WORKER] 2026/03/06 14:39:08 worker.go:501: Анализ позиции: 2 тактических ходов из 47 возможных
[WORKER] 2026/03/06 14:39:08 worker.go:179: Полуход 26. Ход черных: 14.4 сек (оценка: -24)
[WORKER] 2026/03/06 14:39:08 worker.go:501: Анализ позиции: 2 тактических ходов из 41 возможных
[WORKER] 2026/03/06 14:39:08 worker.go:179: Полуход 27. Ход белых: 17.6 сек (оценка: 5)
[WORKER] 2026/03/06 14:39:09 worker.go:501: Анализ позиции: 3 тактических ходов из 45 возможных
[WORKER] 2026/03/06 14:39:09 worker.go:179: Полуход 28. Ход черных: 16.2 сек (оценка: -35)
[WORKER] 2026/03/06 14:39:10 worker.go:501: Анализ позиции: 2 тактических ходов из 42 возможных
[WORKER] 2026/03/06 14:39:10 worker.go:179: Полуход 29. Ход белых: 26.2 сек (оценка: -57)
[WORKER] 2026/03/06 14:39:11 worker.go:501: Анализ позиции: 4 тактических ходов из 46 возможных
[WORKER] 2026/03/06 14:39:11 worker.go:179: Полуход 30. Ход черных: 21.9 сек (оценка: -77)
[WORKER] 2026/03/06 14:39:11 worker.go:501: Анализ позиции: 3 тактических ходов из 35 возможных
[WORKER] 2026/03/06 14:39:11 worker.go:179: Полуход 31. Ход белых: 33.4 сек (оценка: -75)
[WORKER] 2026/03/06 14:39:12 worker.go:501: Анализ позиции: 6 тактических ходов из 49 возможных
[WORKER] 2026/03/06 14:39:12 worker.go:179: Полуход 32. Ход черных: 15.8 сек (оценка: -167)
[WORKER] 2026/03/06 14:39:12 worker.go:501: Анализ позиции: 5 тактических ходов из 35 возможных
[WORKER] 2026/03/06 14:39:12 worker.go:179: Полуход 33. Ход белых: 32.8 сек (оценка: -152)
[WORKER] 2026/03/06 14:39:13 worker.go:501: Анализ позиции: 4 тактических ходов из 46 возможных
[WORKER] 2026/03/06 14:39:13 worker.go:179: Полуход 34. Ход черных: 19.8 сек (оценка: -172)
[WORKER] 2026/03/06 14:39:13 worker.go:501: Анализ позиции: 4 тактических ходов из 36 возможных
[WORKER] 2026/03/06 14:39:13 worker.go:179: Полуход 35. Ход белых: 23.3 сек (оценка: -156)
[WORKER] 2026/03/06 14:39:14 worker.go:501: Анализ позиции: 5 тактических ходов из 45 возможных
[WORKER] 2026/03/06 14:39:14 worker.go:179: Полуход 36. Ход черных: 19.0 сек (оценка: -159)
[WORKER] 2026/03/06 14:39:15 worker.go:501: Анализ позиции: 3 тактических ходов из 39 возможных
[WORKER] 2026/03/06 14:39:15 worker.go:179: Полуход 37. Ход белых: 19.4 сек (оценка: -123)
[WORKER] 2026/03/06 14:39:15 worker.go:501: Анализ позиции: 3 тактических ходов из 50 возможных
[WORKER] 2026/03/06 14:39:15 worker.go:179: Полуход 38. Ход черных: 9.7 сек (оценка: -129)
[WORKER] 2026/03/06 14:39:15 worker.go:501: Анализ позиции: 2 тактических ходов из 33 возможных
[WORKER] 2026/03/06 14:39:15 worker.go:179: Полуход 39. Ход белых: 4.6 сек (оценка: -127)
[WORKER] 2026/03/06 14:39:16 worker.go:501: Анализ позиции: 3 тактических ходов из 48 возможных
[WORKER] 2026/03/06 14:39:16 worker.go:179: Полуход 40. Ход черных: 14.1 сек (оценка: -148)
[WORKER] 2026/03/06 14:39:16 worker.go:501: Анализ позиции: 3 тактических ходов из 37 возможных
[WORKER] 2026/03/06 14:39:16 worker.go:179: Полуход 41. Ход белых: 6.5 сек (оценка: -156)
[WORKER] 2026/03/06 14:39:16 worker.go:501: Анализ позиции: 3 тактических ходов из 47 возможных
[WORKER] 2026/03/06 14:39:16 worker.go:179: Полуход 42. Ход черных: 8.7 сек (оценка: -172)
[WORKER] 2026/03/06 14:39:17 worker.go:501: Анализ позиции: 3 тактических ходов из 36 возможных
[WORKER] 2026/03/06 14:39:17 worker.go:179: Полуход 43. Ход белых: 26.3 сек (оценка: -166)
[WORKER] 2026/03/06 14:39:17 worker.go:501: Анализ позиции: 5 тактических ходов из 46 возможных
[WORKER] 2026/03/06 14:39:17 worker.go:179: Полуход 44. Ход черных: 23.7 сек (оценка: -219)
[WORKER] 2026/03/06 14:39:18 worker.go:501: Анализ позиции: 4 тактических ходов из 43 возможных
[WORKER] 2026/03/06 14:39:18 worker.go:179: Полуход 45. Ход белых: 20.3 сек (оценка: -235)
[WORKER] 2026/03/06 14:39:18 worker.go:501: Анализ позиции: 3 тактических ходов из 50 возможных
[WORKER] 2026/03/06 14:39:18 worker.go:179: Полуход 46. Ход черных: 15.6 сек (оценка: -233)
[WORKER] 2026/03/06 14:39:19 worker.go:501: Анализ позиции: 6 тактических ходов из 44 возможных
[WORKER] 2026/03/06 14:39:19 worker.go:179: Полуход 47. Ход белых: 15.6 сек (оценка: -164)
[WORKER] 2026/03/06 14:39:19 worker.go:501: Анализ позиции: 4 тактических ходов из 45 возможных
[WORKER] 2026/03/06 14:39:19 worker.go:179: Полуход 48. Ход черных: 11.2 сек (оценка: -178)
[WORKER] 2026/03/06 14:39:20 worker.go:501: Анализ позиции: 6 тактических ходов из 39 возможных
[WORKER] 2026/03/06 14:39:20 worker.go:179: Полуход 49. Ход белых: 24.1 сек (оценка: -163)
[WORKER] 2026/03/06 14:39:20 worker.go:501: Анализ позиции: 4 тактических ходов из 41 возможных
[WORKER] 2026/03/06 14:39:20 worker.go:179: Полуход 50. Ход черных: 18.4 сек (оценка: -146)
[WORKER] 2026/03/06 14:41:03 worker.go:65: === Запуск worker ===
[WORKER] 2026/03/06 14:41:03 worker.go:79: Архетипы загружены успешно (всего: 11)
[WORKER] 2026/03/06 14:41:03 worker.go:99: Начинаем обработку матча test_match_001 с архетипами [attacker pragmatic]
[WORKER] 2026/03/06 14:41:03 worker.go:369: Создаем движок: C:\Users\yaros\Downloads\stockfish-windows-x86-64-avx2\stockfish\stockfish-windows-x86-64-avx2.exe
[WORKER] 2026/03/06 14:41:03 worker.go:382: Запускаем движок...
[WORKER] 2026/03/06 14:41:03 worker.go:415: Отправляем команду uci
[WORKER] 2026/03/06 14:41:03 worker.go:398: Запускаем goroutine для чтения вывода
[WORKER] 2026/03/06 14:41:03 worker.go:402: Получена строка от движка: Stockfish 18 by the Stockfish developers (see AUTHORS file)
[WORKER] 2026/03/06 14:41:03 worker.go:420: Ждем uciok...
[WORKER] 2026/03/06 14:41:03 worker.go:402: Получена строка от движка: id name Stockfish 18
[WORKER] 2026/03/06 14:41:03 worker.go:402: Получена строка от движка: id author the Stockfish developers (see AUTHORS file)
[WORKER] 2026/03/06 14:41:03 worker.go:402: Получена строка от движка: 
[WORKER] 2026/03/06 14:41:03 worker.go:402: Получена строка от движка: option name Debug Log File type string default <empty>
[WORKER] 2026/03/06 14:41:03 worker.go:402: Получена строка от движка: option name NumaPolicy type string default auto
[WORKER] 2026/03/06 14:41:03 worker.go:402: Получена строка от движка: option name Threads type spin default 1 min 1 max 1024
[WORKER] 2026/03/06 14:41:03 worker.go:402: Получена строка от движка: option name Hash type spin default 16 min 1 max 33554432
[WORKER] 2026/03/06 14:41:03 worker.go:402: Получена строка от движка: option name Clear Hash type button
[WORKER] 2026/03/06 14:41:03 worker.go:402: Получена строка от движка: option name Ponder type check default false
[WORKER] 2026/03/06 14:41:03 worker.go:402: Получена строка от движка: option name MultiPV type spin default 1 min 1 max 256
[WORKER] 2026/03/06 14:41:03 worker.go:402: Получена строка от движка: option name Skill Level type spin default 20 min 0 max 20
[WORKER] 2026/03/06 14:41:03 worker.go:402: Получена строка от движка: option name Move Overhead type spin default 10 min 0 max 5000
[WORKER] 2026/03/06 14:41:03 worker.go:402: Получена строка от движка: option name nodestime type spin default 0 min 0 max 10000
[WORKER] 2026/03/06 14:41:03 worker.go:402: Получена строка от движка: option name UCI_Chess960 type check default false
[WORKER] 2026/03/06 14:41:03 worker.go:402: Получена строка от движка: option name UCI_LimitStrength type check default false
[WORKER] 2026/03/06 14:41:03 worker.go:402: Получена строка от движка: option name UCI_Elo type spin default 1320 min 1320 max 3190
[WORKER] 2026/03/06 14:41:03 worker.go:402: Получена строка от движка: option name UCI_ShowWDL type check default false
[WORKER] 2026/03/06 14:41:03 worker.go:402: Получена строка от движка: option name SyzygyPath type string default <empty>
[WORKER] 2026/03/06 14:41:03 worker.go:402: Получена строка от движка: option name SyzygyProbeDepth type spin default 1 min 1 max 100
[WORKER] 2026/03/06 14:41:03 worker.go:402: Получена строка от движка: option name Syzygy50MoveRule type check default true
[WORKER] 2026/03/06 14:41:03 worker.go:402: Получена строка от движка: option name SyzygyProbeLimit type spin default 7 min 0 max 7
[WORKER] 2026/03/06 14:41:03 worker.go:402: Получена строка от движка: option name EvalFile type string default nn-c288c895ea92.nnue
[WORKER] 2026/03/06 14:41:03 worker.go:402: Получена строка от движка: option name EvalFileSmall type string default nn-37f18f62d772.nnue
[WORKER] 2026/03/06 14:41:03 worker.go:402: Получена строка от движка: uciok
[WORKER] 2026/03/06 14:41:03 worker.go:426: Получен uciok
[WORKER] 2026/03/06 14:41:03 worker.go:429: Настраиваем MultiPV
[WORKER] 2026/03/06 14:41:03 worker.go:432: Движок успешно инициализирован
[WORKER] 2026/03/06 14:41:03 worker.go:139: Начинаем обработку 86 полуходов. EngPath: C:\Users\yaros\Downloads\stockfish-windows-x86-64-avx2\stockfish\stockfish-windows-x86-64-avx2.exe
[WORKER] 2026/03/06 14:41:03 worker.go:402: Получена строка от движка: info string Available processors: 0-11
[WORKER] 2026/03/06 14:41:03 worker.go:402: Получена строка от движка: info string Using 1 thread
[WORKER] 2026/03/06 14:41:03 worker.go:402: Получена строка от движка: info string NNUE evaluation using nn-c288c895ea92.nnue (125MiB, (102384, 1024, 15, 32, 1))
[WORKER] 2026/03/06 14:41:03 worker.go:402: Получена строка от движка: info string NNUE evaluation using nn-37f18f62d772.nnue (6MiB, (22528, 128, 15, 32, 1))
[WORKER] 2026/03/06 14:41:03 worker.go:402: Получена строка от движка: info string Network replica 1: Shared memory.
[WORKER] 2026/03/06 14:41:03 worker.go:402: Получена строка от движка: info depth 1 seldepth 2 multipv 1 score cp -1 nodes 71 nps 71000 hashfull 0 tbhits 0 time 1 pv e2e4
[WORKER] 2026/03/06 14:41:03 worker.go:402: Получена строка от движка: info depth 1 seldepth 2 multipv 2 score cp -2 nodes 71 nps 71000 hashfull 0 tbhits 0 time 1 pv c2c3
[WORKER] 2026/03/06 14:41:03 worker.go:402: Получена строка от движка: info depth 1 seldepth 2 multipv 3 score cp -2 nodes 71 nps 71000 hashfull 0 tbhits 0 time 1 pv d2d4
[WORKER] 2026/03/06 14:41:03 worker.go:402: Получена строка от движка: info depth 2 seldepth 3 multipv 1 score cp 27 nodes 149 nps 149000 hashfull 0 tbhits 0 time 1 pv e2e4
[WORKER] 2026/03/06 14:41:03 worker.go:402: Получена строка от движка: info depth 2 seldepth 3 multipv 2 score cp 23 nodes 149 nps 149000 hashfull 0 tbhits 0 time 1 pv d2d4
[WORKER] 2026/03/06 14:41:03 worker.go:402: Получена строка от движка: info depth 2 seldepth 3 multipv 3 score cp 16 nodes 149 nps 149000 hashfull 0 tbhits 0 time 1 pv c2c3
[WORKER] 2026/03/06 14:41:03 worker.go:402: Получена строка от движка: info depth 3 seldepth 4 multipv 1 score cp 44 nodes 342 nps 342000 hashfull 0 tbhits 0 time 1 pv e2e4
[WORKER] 2026/03/06 14:41:03 worker.go:402: Получена строка от движка: info depth 3 seldepth 5 multipv 2 score cp 29 nodes 342 nps 342000 hashfull 0 tbhits 0 time 1 pv c2c3
[WORKER] 2026/03/06 14:41:03 worker.go:402: Получена строка от движка: info depth 3 seldepth 4 multipv 3 score cp 28 nodes 342 nps 342000 hashfull 0 tbhits 0 time 1 pv d2d4 d7d5 c2c3
[WORKER] 2026/03/06 14:41:03 worker.go:402: Получена строка от движка: info depth 4 seldepth 5 multipv 1 score cp 55 nodes 1166 nps 388666 hashfull 0 tbhits 0 time 3 pv e2e4
[WORKER] 2026/03/06 14:41:03 worker.go:402: Получена строка от движка: info depth 4 seldepth 8 multipv 2 score cp 31 nodes 1166 nps 388666 hashfull 0 tbhits 0 time 3 pv d2d4 d7d5 b1d2
[WORKER] 2026/03/06 14:41:03 worker.go:402: Получена строка от движка: info depth 4 seldepth 6 multipv 3 score cp 29 nodes 1166 nps 388666 hashfull 0 tbhits 0 time 3 pv g2g3 d7d5 c2c3 c8f5
[WORKER] 2026/03/06 14:41:03 worker.go:402: Получена строка от движка: info depth 5 seldepth 9 multipv 1 score cp 61 nodes 2990 nps 747500 hashfull 1 tbhits 0 time 4 pv e2e4 d7d5 e4d5 d8d5
[WORKER] 2026/03/06 14:41:03 worker.go:402: Получена строка от движка: info depth 5 seldepth 9 multipv 2 score cp 27 nodes 2990 nps 747500 hashfull 1 tbhits 0 time 4 pv d2d4 d7d5 b1d2 c8f5 c2c3
[WORKER] 2026/03/06 14:41:03 worker.go:402: Получена строка от движка: info depth 5 seldepth 7 multipv 3 score cp 18 nodes 2990 nps 747500 hashfull 1 tbhits 0 time 4 pv g1f3 d7d5 d2d4 c8f5
[WORKER] 2026/03/06 14:41:03 worker.go:402: Получена строка от движка: info depth 6 seldepth 8 multipv 1 score cp 54 nodes 4104 nps 820800 hashfull 1 tbhits 0 time 5 pv e2e4 c7c6 d2d4 d7d5 b1d2 d5e4 d2e4
[WORKER] 2026/03/06 14:41:03 worker.go:402: Получена строка от движка: info depth 6 seldepth 8 multipv 2 score cp 25 nodes 4104 nps 820800 hashfull 1 tbhits 0 time 5 pv d2d4 d7d5 b1d2 c8f5 c2c3 b8d7
[WORKER] 2026/03/06 14:41:03 worker.go:402: Получена строка от движка: info depth 6 seldepth 7 multipv 3 score cp 16 nodes 4104 nps 820800 hashfull 1 tbhits 0 time 5 pv g1f3 d7d5 d2d4 b8d7
[WORKER] 2026/03/06 14:41:03 worker.go:402: Получена строка от движка: info depth 7 seldepth 8 multipv 1 score cp 54 nodes 6458 nps 922571 hashfull 1 tbhits 0 time 7 pv e2e4 c7c6 d2d4 d7d5 b1d2 d5e4 d2e4
[WORKER] 2026/03/06 14:41:03 worker.go:402: Получена строка от движка: info depth 7 seldepth 11 multipv 2 score cp 27 nodes 6458 nps 922571 hashfull 1 tbhits 0 time 7 pv d2d4 d7d5 c2c3 c7c6 c1f4
[WORKER] 2026/03/06 14:41:03 worker.go:402: Получена строка от движка: info depth 7 seldepth 9 multipv 3 score cp 20 nodes 6458 nps 922571 hashfull 1 tbhits 0 time 7 pv g2g3 e7e5 d2d4 e5d4 d1d4
[WORKER] 2026/03/06 14:41:03 worker.go:402: Получена строка от движка: info depth 8 seldepth 11 multipv 1 score cp 50 nodes 14461 nps 964066 hashfull 2 tbhits 0 time 15 pv e2e4 e7e5 g1f3 g8f6 f3e5 f6e4 f1c4
[WORKER] 2026/03/06 14:41:03 worker.go:402: Получена строка от движка: info depth 8 seldepth 13 multipv 2 score cp 22 nodes 14461 nps 964066 hashfull 2 tbhits 0 time 15 pv d2d4 d7d5 c2c4 e7e6 g1f3 g8f6 b1c3 d5c4
[WORKER] 2026/03/06 14:41:03 worker.go:402: Получена строка от движка: info depth 8 seldepth 12 multipv 3 score cp 22 nodes 14461 nps 964066 hashfull 2 tbhits 0 time 15 pv c2c4 e7e5 b1c3 b8c6 g1f3 f8b4
[WORKER] 2026/03/06 14:41:03 worker.go:402: Получена строка от движка: info depth 9 seldepth 17 multipv 1 score cp 47 nodes 31451 nps 873638 hashfull 8 tbhits 0 time 36 pv e2e4 e7e5 g1f3 b8c6 f1b5 g8e7 b1c3 a7a6 b5c6 e7c6
[WORKER] 2026/03/06 14:41:03 worker.go:402: Получена строка от движка: info depth 9 seldepth 17 multipv 2 score cp 33 nodes 31451 nps 873638 hashfull 8 tbhits 0 time 36 pv d2d4 d7d5 c2c4 e7e6 b1c3 f8e7 g1f3 g8f6 c1g5 d5c4
[WORKER] 2026/03/06 14:41:03 worker.go:402: Получена строка от движка: info depth 9 seldepth 13 multipv 3 score cp 20 nodes 31451 nps 873638 hashfull 8 tbhits 0 time 36 pv c2c4 e7e5 b1c3 b8c6 g1f3 f8b4 d2d4 e5d4 f3d4
[WORKER] 2026/03/06 14:41:03 worker.go:402: Получена строка от движка: info depth 10 seldepth 17 multipv 1 score cp 45 nodes 45496 nps 874923 hashfull 10 tbhits 0 time 52 pv e2e4 c7c5 g1f3 e7e6 b1c3 b8c6 d2d4 c5d4 f3d4 g8f6 d4c6 b7c6
[WORKER] 2026/03/06 14:41:03 worker.go:402: Получена строка от движка: info depth 10 seldepth 18 multipv 2 score cp 37 nodes 45496 nps 874923 hashfull 10 tbhits 0 time 52 pv d2d4 d7d5 c2c4 e7e6 b1c3 f8e7 g1f3 g8f6 c4d5 e6d5 c1f4 e8g8
[WORKER] 2026/03/06 14:41:03 worker.go:402: Получена строка от движка: info depth 10 seldepth 13 multipv 3 score cp 23 nodes 45496 nps 874923 hashfull 10 tbhits 0 time 52 pv c2c4 e7e5 b1c3 b8c6 g1f3 f8b4 d2d4 e5d4 f3d4 g8f6
[WORKER] 2026/03/06 14:41:03 worker.go:402: Получена строка от движка: info depth 11 seldepth 17 multipv 1 score cp 46 nodes 78287 nps 869855 hashfull 23 tbhits 0 time 90 pv e2e4 c7c5 g1f3 e7e6 b1c3 b8c6 d2d4 c5d4 f3d4 g8f6 d4c6 d7c6 d1d8 e8d8 c1f4 f8b4
[WORKER] 2026/03/06 14:41:03 worker.go:402: Получена строка от движка: info depth 11 seldepth 23 multipv 2 score cp 36 nodes 78287 nps 869855 hashfull 23 tbhits 0 time 90 pv d2d4 g8f6 c2c4 e7e6 g1f3 d7d5 c1g5 h7h6 g5f6 d8f6 e2e3 f8b4 b1c3
[WORKER] 2026/03/06 14:41:03 worker.go:402: Получена строка от движка: info depth 11 seldepth 20 multipv 3 score cp 23 nodes 78287 nps 869855 hashfull 23 tbhits 0 time 90 pv e2e3 e7e5 d2d4 e5d4 e3d4 d7d5 g1f3
[WORKER] 2026/03/06 14:41:04 worker.go:402: Получена строка от движка: info depth 12 seldepth 16 multipv 1 score cp 46 nodes 98598 nps 872548 hashfull 29 tbhits 0 time 113 pv e2e4 c7c5 g1f3 e7e6 b1c3 b8c6 d2d4 c5d4 f3d4 g8f6 d4c6 d7c6 d1d8 e8d8 c1f4
[WORKER] 2026/03/06 14:41:04 worker.go:402: Получена строка от движка: info depth 12 seldepth 23 multipv 2 score cp 36 nodes 98598 nps 872548 hashfull 29 tbhits 0 time 113 pv d2d4 g8f6 c2c4 e7e6 g1f3 d7d5 c1g5 f8e7 b1c3 h7h6 g5f6 e7f6 c4d5 e6d5 e2e3 e8g8
[WORKER] 2026/03/06 14:41:04 worker.go:402: Получена строка от движка: info depth 12 seldepth 15 multipv 3 score cp 30 nodes 98598 nps 872548 hashfull 29 tbhits 0 time 113 pv g1f3 d7d5 d2d4 c8f5 c2c4 c7c6 b1c3 e7e6 c1g5 g8f6 e2e3 f8d6
[WORKER] 2026/03/06 14:41:04 worker.go:402: Получена строка от движка: info depth 13 seldepth 22 multipv 1 score cp 44 nodes 142394 nps 868256 hashfull 42 tbhits 0 time 164 pv e2e4 e7e5 g1f3 g8f6 f3e5 f6e4 d2d4 d7d5 f1d3 f8d6 e1g1
[WORKER] 2026/03/06 14:41:04 worker.go:402: Получена строка от движка: info depth 13 seldepth 22 multipv 2 score cp 35 nodes 142394 nps 868256 hashfull 42 tbhits 0 time 164 pv d2d4 g8f6 c2c4 e7e6 g1f3 d7d5 b1c3 f8e7 c1g5 h7h6 g5f6 e7f6 e2e3 c7c6
[WORKER] 2026/03/06 14:41:04 worker.go:402: Получена строка от движка: info depth 13 seldepth 15 multipv 3 score cp 33 nodes 142394 nps 868256 hashfull 42 tbhits 0 time 164 pv g1f3 d7d5 d2d4 g8f6 c2c4 e7e6 c1g5 f8e7 b1c3 h7h6 g5f4 e8g8
[WORKER] 2026/03/06 14:41:04 worker.go:402: Получена строка от движка: info depth 14 seldepth 21 multipv 1 score cp 44 nodes 158371 nps 870170 hashfull 46 tbhits 0 time 182 pv e2e4 e7e5 g1f3 b8c6 d2d4 e5d4 f3d4 g8f6 d4c6 d7c6 d1d8 e8d8 f2f3 c8e6 c1e3 f6d7 b1d2 f8c5 e3c5 d7c5
[WORKER] 2026/03/06 14:41:04 worker.go:402: Получена строка от движка: info depth 14 seldepth 21 multipv 2 score cp 34 nodes 158371 nps 870170 hashfull 46 tbhits 0 time 182 pv d2d4 g8f6 c2c4 e7e6 g1f3 b7b6 a2a3 c8a6 b1d2 d7d5 c4d5 e6d5 b2b3 f8e7
[WORKER] 2026/03/06 14:41:04 worker.go:402: Получена строка от движка: info depth 14 seldepth 22 multipv 3 score cp 34 nodes 158371 nps 870170 hashfull 46 tbhits 0 time 182 pv g1f3 d7d5 d2d4 g8f6 c2c4 e7e6 b1c3 c7c5 c4d5 c5d4 d1d4
[WORKER] 2026/03/06 14:41:04 worker.go:402: Получена строка от движка: info depth 15 seldepth 23 multipv 1 score cp 45 nodes 185795 nps 872276 hashfull 53 tbhits 0 time 213 pv e2e4 e7e5 g1f3 b8c6 d2d4 e5d4 f3d4 g8f6 d4c6 b7c6 f1d3 f8d6 b1d2 e8g8 e1g1 f8e8 f2f4 d6c5 g1h1
[WORKER] 2026/03/06 14:41:04 worker.go:402: Получена строка от движка: info depth 15 seldepth 22 multipv 2 score cp 34 nodes 185795 nps 872276 hashfull 53 tbhits 0 time 213 pv d2d4 g8f6 c2c4 e7e6 g1f3 d7d5 c1g5 f8e7 b1c3 h7h6 g5f6 e7f6 e2e3 e8g8 a1c1 c7c6 f1d3 d5c4 d3c4 b7b5 c4b3
[WORKER] 2026/03/06 14:41:04 worker.go:402: Получена строка от движка: info depth 15 seldepth 25 multipv 3 score cp 34 nodes 185795 nps 872276 hashfull 53 tbhits 0 time 213 pv g1f3 d7d5 d2d4 g8f6 c2c4 e7e6 c1g5 f8e7 b1c3 h7h6 g5f6 e7f6 e2e3 e8g8 a1c1 c7c6 f1d3 d5c4
[WORKER] 2026/03/06 14:41:04 worker.go:402: Получена строка от движка: info depth 16 seldepth 30 multipv 1 score cp 50 nodes 295244 nps 841150 hashfull 101 tbhits 0 time 351 pv e2e4 c7c6 d2d4 d7d5 b1c3 d5e4 c3e4 g8f6 e4g3 c8g4 d1d3 e7e6
[WORKER] 2026/03/06 14:41:04 worker.go:402: Получена строка от движка: info depth 16 seldepth 28 multipv 2 score cp 32 nodes 295244 nps 841150 hashfull 101 tbhits 0 time 351 pv d2d4 g8f6 c2c4 e7e6 g1f3 d7d5 c1g5 f8e7 e2e3 e8g8 b1c3 h7h6 g5f6 e7f6 a1c1 b7b6
[WORKER] 2026/03/06 14:41:04 worker.go:402: Получена строка от движка: info depth 16 seldepth 28 multipv 3 score cp 31 nodes 295244 nps 841150 hashfull 101 tbhits 0 time 351 pv g1f3 d7d5 d2d4 g8f6 c2c4 e7e6 c1g5 f8e7 e2e3 h7h6 g5h4 e8g8 b1c3 f6e4 h4e7 d8e7 d1c2 e4c3 c2c3 d5c4 f1c4 c7c5 d4c5 e7c5
[WORKER] 2026/03/06 14:41:04 worker.go:402: Получена строка от движка: bestmove e2e4 ponder c7c6
[WORKER] 2026/03/06 14:41:04 worker.go:518: Анализ позиции: 0 тактических ходов из 20 возможных
[WORKER] 2026/03/06 14:41:04 worker.go:179: Полуход 1. Ход белых: 0.5 сек (оценка: 50)
[WORKER] 2026/03/06 14:41:04 worker.go:402: Получена строка от движка: info string Available processors: 0-11
[WORKER] 2026/03/06 14:41:04 worker.go:402: Получена строка от движка: info string Using 1 thread
[WORKER] 2026/03/06 14:41:04 worker.go:402: Получена строка от движка: info string NNUE evaluation using nn-c288c895ea92.nnue (125MiB, (102384, 1024, 15, 32, 1))
[WORKER] 2026/03/06 14:41:04 worker.go:402: Получена строка от движка: info string NNUE evaluation using nn-37f18f62d772.nnue (6MiB, (22528, 128, 15, 32, 1))
[WORKER] 2026/03/06 14:41:04 worker.go:402: Получена строка от движка: info string Network replica 1: Shared memory.
[WORKER] 2026/03/06 14:41:04 worker.go:402: Получена строка от движка: info depth 1 seldepth 4 multipv 1 score cp -37 nodes 68 nps 68000 hashfull 0 tbhits 0 time 1 pv g8f6
[WORKER] 2026/03/06 14:41:04 worker.go:402: Получена строка от движка: info depth 1 seldepth 2 multipv 2 score cp -39 nodes 68 nps 68000 hashfull 0 tbhits 0 time 1 pv e7e5
[WORKER] 2026/03/06 14:41:04 worker.go:402: Получена строка от движка: info depth 1 seldepth 2 multipv 3 score cp -48 nodes 68 nps 68000 hashfull 0 tbhits 0 time 1 pv c7c6
[WORKER] 2026/03/06 14:41:04 worker.go:402: Получена строка от движка: info depth 2 seldepth 5 multipv 1 score cp -43 nodes 262 nps 262000 hashfull 0 tbhits 0 time 1 pv e7e5 g1f3
[WORKER] 2026/03/06 14:41:04 worker.go:402: Получена строка от движка: info depth 2 seldepth 3 multipv 2 score cp -49 nodes 262 nps 262000 hashfull 0 tbhits 0 time 1 pv c7c6
[WORKER] 2026/03/06 14:41:04 worker.go:402: Получена строка от движка: info depth 2 seldepth 5 multipv 3 score cp -60 nodes 262 nps 262000 hashfull 0 tbhits 0 time 1 pv g7g6
[WORKER] 2026/03/06 14:41:04 worker.go:402: Получена строка от движка: info depth 3 seldepth 6 multipv 1 score cp -47 nodes 481 nps 481000 hashfull 0 tbhits 0 time 1 pv c7c6 d2d4 d7d5 b1c3
[WORKER] 2026/03/06 14:41:04 worker.go:402: Получена строка от движка: info depth 3 seldepth 6 multipv 2 score cp -50 nodes 481 nps 481000 hashfull 0 tbhits 0 time 1 pv e7e6 d2d4 d7d5 b1c3
[WORKER] 2026/03/06 14:41:04 worker.go:402: Получена строка от движка: info depth 3 seldepth 4 multipv 3 score cp -55 nodes 481 nps 481000 hashfull 0 tbhits 0 time 1 pv e7e5 g1f3 b8c6
[WORKER] 2026/03/06 14:41:04 worker.go:402: Получена строка от движка: info depth 4 seldepth 6 multipv 1 score cp -47 nodes 576 nps 576000 hashfull 0 tbhits 0 time 1 pv c7c6 d2d4 d7d5 b1c3
[WORKER] 2026/03/06 14:41:04 worker.go:402: Получена строка от движка: info depth 4 seldepth 6 multipv 2 score cp -50 nodes 576 nps 576000 hashfull 0 tbhits 0 time 1 pv e7e6 d2d4 d7d5 b1c3
[WORKER] 2026/03/06 14:41:04 worker.go:402: Получена строка от движка: info depth 4 seldepth 5 multipv 3 score cp -52 nodes 576 nps 576000 hashfull 0 tbhits 0 time 1 pv e7e5 g1f3 b8c6 f1b5
[WORKER] 2026/03/06 14:41:04 worker.go:402: Получена строка от движка: info depth 5 seldepth 10 multipv 1 score cp -50 nodes 1325 nps 1325000 hashfull 0 tbhits 0 time 1 pv e7e6 d2d4 d7d5 b1c3 g8f6
[WORKER] 2026/03/06 14:41:04 worker.go:402: Получена строка от движка: info depth 5 seldepth 9 multipv 2 score cp -52 nodes 1325 nps 1325000 hashfull 0 tbhits 0 time 1 pv e7e5 g1f3 b8c6 f1b5
[WORKER] 2026/03/06 14:41:04 worker.go:402: Получена строка от движка: info depth 5 seldepth 7 multipv 3 score cp -60 nodes 1325 nps 1325000 hashfull 0 tbhits 0 time 1 pv c7c6 d2d4 d7d5 b1c3 d5e4 c3e4
[WORKER] 2026/03/06 14:41:04 worker.go:402: Получена строка от движка: info depth 6 seldepth 10 multipv 1 score cp -47 nodes 1644 nps 1644000 hashfull 0 tbhits 0 time 1 pv e7e6 d2d4 d7d5 b1c3 d5e4 c3e4 g8f6 e4f6 d8f6
[WORKER] 2026/03/06 14:41:04 worker.go:402: Получена строка от движка: info depth 6 seldepth 10 multipv 2 score cp -50 nodes 1644 nps 1644000 hashfull 0 tbhits 0 time 1 pv e7e5 g1f3 b8c6 f1b5 f8d6 d2d4 e5d4 f3d4
[WORKER] 2026/03/06 14:41:04 worker.go:402: Получена строка от движка: info depth 6 seldepth 7 multipv 3 score cp -59 nodes 1644 nps 1644000 hashfull 0 tbhits 0 time 1 pv c7c6 d2d4 d7d5 b1c3 e7e6
[WORKER] 2026/03/06 14:41:04 worker.go:402: Получена строка от движка: info depth 7 seldepth 10 multipv 1 score cp -47 nodes 1870 nps 1870000 hashfull 0 tbhits 0 time 1 pv e7e6 d2d4 d7d5 b1c3 d5e4 c3e4 g8f6
[WORKER] 2026/03/06 14:41:04 worker.go:402: Получена строка от движка: info depth 7 seldepth 11 multipv 2 score cp -48 nodes 1870 nps 1870000 hashfull 0 tbhits 0 time 1 pv c7c6 d2d4 d7d5 b1c3 d5e4 c3e4
[WORKER] 2026/03/06 14:41:04 worker.go:402: Получена строка от движка: info depth 7 seldepth 10 multipv 3 score cp -50 nodes 1870 nps 1870000 hashfull 0 tbhits 0 time 1 pv e7e5 g1f3 b8c6 f1b5 f8d6 d2d4 e5d4 f3d4
[WORKER] 2026/03/06 14:41:04 worker.go:402: Получена строка от движка: info depth 8 seldepth 21 multipv 1 score cp -43 nodes 8885 nps 987222 hashfull 2 tbhits 0 time 9 pv c7c6 d2d4 d7d5 b1c3 d5e4 c3e4 g8f6 e4f6 e7f6
[WORKER] 2026/03/06 14:41:04 worker.go:402: Получена строка от движка: info depth 8 seldepth 14 multipv 2 score cp -48 nodes 8885 nps 987222 hashfull 2 tbhits 0 time 9 pv e7e6 d2d4 d7d5 b1c3 g8f6 c1g5
[WORKER] 2026/03/06 14:41:04 worker.go:402: Получена строка от движка: info depth 8 seldepth 18 multipv 3 score cp -54 nodes 8885 nps 987222 hashfull 2 tbhits 0 time 9 pv e7e5 g1f3 b8c6 f1b5 a7a6 b5a4 g8f6 e1g1 b7b5 a4b3 c8b7
[WORKER] 2026/03/06 14:41:04 worker.go:402: Получена строка от движка: info depth 9 seldepth 16 multipv 1 score cp -44 nodes 9855 nps 1095000 hashfull 2 tbhits 0 time 9 pv c7c6 d2d4 d7d5 e4d5 c6d5 g1f3 g8f6 c2c4 e7e6 c4c5
[WORKER] 2026/03/06 14:41:04 worker.go:402: Получена строка от движка: info depth 9 seldepth 13 multipv 2 score cp -45 nodes 9855 nps 1095000 hashfull 2 tbhits 0 time 9 pv e7e6 d2d4 d7d5 b1c3 g8f6 e4e5 f6d7 g1f3
[WORKER] 2026/03/06 14:41:04 worker.go:402: Получена строка от движка: info depth 9 seldepth 19 multipv 3 score cp -53 nodes 9855 nps 1095000 hashfull 2 tbhits 0 time 9 pv e7e5 g1f3 b8c6 f1b5 a7a6 b5a4 g8f6 e1g1 b7b5 a4b3 c8b7 f1e1 f8c5 c2c3 d7d6
[WORKER] 2026/03/06 14:41:04 worker.go:402: Получена строка от движка: info depth 10 seldepth 11 multipv 1 score cp -42 nodes 17312 nps 865600 hashfull 5 tbhits 0 time 20 pv e7e6 d2d4 d7d5 b1c3 g8f6 c1g5 d5e4
[WORKER] 2026/03/06 14:41:04 worker.go:402: Получена строка от движка: info depth 10 seldepth 18 multipv 2 score cp -46 nodes 17312 nps 865600 hashfull 5 tbhits 0 time 20 pv c7c6 d2d4 d7d5 b1c3 d5e4 c3e4 g8f6 e4g3 c8g4 d1d3 g7g6 h2h3 g4e6 g1f3 f8g7 f1e2 e8g8
[WORKER] 2026/03/06 14:41:04 worker.go:402: Получена строка от движка: info depth 10 seldepth 27 multipv 3 score cp -53 nodes 17312 nps 865600 hashfull 5 tbhits 0 time 20 pv e7e5 g1f3 b8c6 f1b5 a7a6 b5a4 b7b5 a4b3 c8b7 e1g1 g8f6 f1e1 f8c5 c2c3 d7d6 d2d4 c5b6 c1g5
[WORKER] 2026/03/06 14:41:04 worker.go:402: Получена строка от движка: info depth 11 seldepth 17 multipv 1 score cp -40 nodes 25207 nps 869206 hashfull 7 tbhits 0 time 29 pv e7e6 b1c3 d7d5 d2d4 g8f6 e4e5 f6d7 c3e2 c7c5 g1f3 f8e7 c2c3 c5d4
[WORKER] 2026/03/06 14:41:04 worker.go:402: Получена строка от движка: info depth 11 seldepth 17 multipv 2 score cp -42 nodes 25207 nps 869206 hashfull 7 tbhits 0 time 29 pv c7c6 d2d4 d7d5 e4e5 c8f5 h2h4 h7h5 f1d3 f5d3 d1d3 e7e6 g1f3 c6c5 e1g1 b8c6
[WORKER] 2026/03/06 14:41:04 worker.go:402: Получена строка от движка: info depth 11 seldepth 29 multipv 3 score cp -44 nodes 25207 nps 869206 hashfull 7 tbhits 0 time 29 pv e7e5 g1f3 b8c6 f1b5 a7a6 b5a4 b7b5 a4b3 c8b7 c2c3
[WORKER] 2026/03/06 14:41:04 worker.go:402: Получена строка от движка: info depth 12 seldepth 24 multipv 1 score cp -38 nodes 60253 nps 792802 hashfull 23 tbhits 0 time 76 pv e7e6 d2d4 d7d5 b1c3 g8f6 e4e5 f6d7 c3e2 c7c5 g1f3 d8b6 c2c3
[WORKER] 2026/03/06 14:41:04 worker.go:402: Получена строка от движка: info depth 12 seldepth 24 multipv 2 score cp -44 nodes 60253 nps 792802 hashfull 23 tbhits 0 time 76 pv c7c6 d2d4 d7d5 e4e5 c8f5 g2g4 f5g6 h2h4 h7h5 e5e6 h5g4 d1g4 g8f6 g4g3 g6c2 e6f7 e8f7 g1f3 f7g8
[WORKER] 2026/03/06 14:41:04 worker.go:402: Получена строка от движка: info depth 12 seldepth 29 multipv 3 score cp -44 nodes 60253 nps 792802 hashfull 23 tbhits 0 time 76 pv e7e5 g1f3 b8c6 f1b5 a7a6 b5a4 b7b5 a4b3 g8f6 e1g1 c8b7 f1e1 f8c5 c2c3 d7d6 d2d4 c5b6 c1g5 e8g8 a2a4 e5d4 c3d4 h7h6
[WORKER] 2026/03/06 14:41:04 worker.go:402: Получена строка от движка: info depth 13 seldepth 24 multipv 1 score cp -36 nodes 127752 nps 798450 hashfull 44 tbhits 0 time 160 pv e7e6 d2d4 d7d5 e4e5 c7c5 c2c3 d8b6 g1f3 b8c6 f1e2 c5d4 c3d4 g8e7 e1g1
[WORKER] 2026/03/06 14:41:04 worker.go:402: Получена строка от движка: info depth 13 seldepth 28 multipv 2 score cp -39 nodes 127752 nps 798450 hashfull 44 tbhits 0 time 160 pv c7c6 d2d4 d7d5 e4e5 c8f5 b1c3 e7e6 g2g4 f5g6 g1e2 c6c5 h2h4 h7h6
[WORKER] 2026/03/06 14:41:04 worker.go:402: Получена строка от движка: info depth 13 seldepth 23 multipv 3 score cp -44 nodes 127752 nps 798450 hashfull 44 tbhits 0 time 160 pv e7e5 g1f3 b8c6 f1b5 a7a6 b5a4 b7b5 a4b3 g8f6 e1g1 c8b7 f1e1 f8c5 c2c3 d7d6 d2d4 c5b6 c1g5 e8g8 a2a4 e5d4 c3d4
[WORKER] 2026/03/06 14:41:04 worker.go:402: Получена строка от движка: info depth 14 seldepth 25 multipv 1 score cp -36 nodes 371110 nps 805010 hashfull 135 tbhits 0 time 461 pv c7c6 d2d4 d7d5 b1c3 d5e4 c3e4 g8f6 e4g3 c6c5 d4c5 d8d1 e1d1 e7e6 c1e3
[WORKER] 2026/03/06 14:41:04 worker.go:402: Получена строка от движка: info depth 14 seldepth 26 multipv 2 score cp -37 nodes 371110 nps 805010 hashfull 135 tbhits 0 time 461 pv e7e6 d2d4 d7d5 b1c3 g8f6 e4e5 f6d7 c3e2 c7c5 g1f3 b8c6 c2c3 c5d4 c3d4 f8b4 e2c3 e8g8 a2a3
[WORKER] 2026/03/06 14:41:04 worker.go:402: Получена строка от движка: info depth 14 seldepth 27 multipv 3 score cp -47 nodes 371110 nps 805010 hashfull 135 tbhits 0 time 461 pv e7e5 g1f3 b8c6 f1b5 a7a6 b5a4 f8e7 b1c3 b7b5 a4b3 g8f6 e1g1 c8b7 c3d5 e8g8 f1e1 c6a5 d5e7 d8e7 d2d4
[WORKER] 2026/03/06 14:41:04 worker.go:402: Получена строка от движка: info depth 15 seldepth 28 multipv 1 score cp -32 nodes 577354 nps 821271 hashfull 204 tbhits 0 time 703 pv e7e6 d2d4 d7d5 e4e5 c7c5 c2c3 b8c6 g1f3 c8d7 a2a3 c5c4 f1e2 c6a5 b1d2 g8e7 e1g1
[WORKER] 2026/03/06 14:41:04 worker.go:402: Получена строка от движка: info depth 15 seldepth 31 multipv 2 score cp -33 nodes 577354 nps 821271 hashfull 204 tbhits 0 time 703 pv c7c6 d2d4 d7d5 e4e5 c8f5 h2h4 h7h5 f1d3 f5d3 d1d3 e7e6 g1f3 d8a5 c2c3 a5a6 d3d1 c6c5 d4c5 f8c5 b2b4 c5b6 a2a4 a6c4 b1a3 c4c3 c1d2 c3d3
[WORKER] 2026/03/06 14:41:04 worker.go:402: Получена строка от движка: info depth 15 seldepth 31 multipv 3 score cp -41 nodes 577354 nps 821271 hashfull 204 tbhits 0 time 703 pv e7e5 g1f3 b8c6 f1b5 a7a6 b5a4 f8e7 e1g1 g8f6 f1e1 b7b5 a4b3 e8g8 a2a4 c8b7 d2d3 d7d5 a4b5 a6b5 a1a8 b7a8 e4d5 f6d5 f3e5 c6e5 e1e5
[WORKER] 2026/03/06 14:41:05 worker.go:402: Получена строка от движка: info depth 16 seldepth 34 multipv 1 score cp -38 nodes 879976 nps 803631 hashfull 305 tbhits 0 time 1095 pv c7c6 d2d4 d7d5 e4e5 c8f5 b1c3 e7e6 g2g4 f5g6 g1e2 g8e7 h2h4 h7h5 e2f4 h5g4 f4g6 e7g6 h4h5 c6c5 d1g4 c5d4 h5g6 h8h1 g6f7 e8f7 g4f3 f7g8 f3h1 d4c3
[WORKER] 2026/03/06 14:41:05 worker.go:402: Получена строка от движка: info depth 16 seldepth 33 multipv 2 score cp -44 nodes 879976 nps 803631 hashfull 305 tbhits 0 time 1095 pv e7e6 b1c3 d7d5 d2d4 g8f6 e4e5 f6d7 f2f4 c7c5 g1f3 b8c6 c1e3 d8b6 a2a3 c6d4 f3d4 c5d4 e3d4 f8c5 c3b5
[WORKER] 2026/03/06 14:41:05 worker.go:402: Получена строка от движка: info depth 16 seldepth 38 multipv 3 score cp -44 nodes 879976 nps 803631 hashfull 305 tbhits 0 time 1095 pv e7e5 g1f3 b8c6 f1b5 a7a6 b5a4 g8f6 e1g1 f8e7 f1e1 b7b5 a4b3 e8g8 c2c3 c6a5 b3c2 d7d5 d2d4 d5e4 f3e5 c7c5 d4c5 d8c7 c1f4 a5c4 c2e4 f6e4 e1e4 c4b2
[WORKER] 2026/03/06 14:41:05 worker.go:402: Получена строка от движка: bestmove c7c6 ponder d2d4
[WORKER] 2026/03/06 14:41:05 worker.go:518: Анализ позиции: 0 тактических ходов из 20 возможных
[WORKER] 2026/03/06 14:41:05 worker.go:179: Полуход 2. Ход черных: 0.9 сек (оценка: 38)
[WORKER] 2026/03/06 14:41:05 worker.go:402: Получена строка от движка: info string Available processors: 0-11
[WORKER] 2026/03/06 14:41:05 worker.go:402: Получена строка от движка: info string Using 1 thread
[WORKER] 2026/03/06 14:41:05 worker.go:402: Получена строка от движка: info string NNUE evaluation using nn-c288c895ea92.nnue (125MiB, (102384, 1024, 15, 32, 1))
[WORKER] 2026/03/06 14:41:05 worker.go:402: Получена строка от движка: info string NNUE evaluation using nn-37f18f62d772.nnue (6MiB, (22528, 128, 15, 32, 1))
[WORKER] 2026/03/06 14:41:05 worker.go:402: Получена строка от движка: info string Network replica 1: Shared memory.
[WORKER] 2026/03/06 14:41:05 worker.go:402: Получена строка от движка: info depth 1 seldepth 2 multipv 1 score cp 58 nodes 104 nps 104000 hashfull 0 tbhits 0 time 1 pv d2d4
[WORKER] 2026/03/06 14:41:05 worker.go:402: Получена строка от движка: info depth 1 seldepth 5 multipv 2 score cp 44 nodes 104 nps 104000 hashfull 0 tbhits 0 time 1 pv b1c3
[WORKER] 2026/03/06 14:41:05 worker.go:402: Получена строка от движка: info depth 1 seldepth 2 multipv 3 score cp 43 nodes 104 nps 104000 hashfull 0 tbhits 0 time 1 pv g1f3
[WORKER] 2026/03/06 14:41:05 worker.go:402: Получена строка от движка: info depth 2 seldepth 4 multipv 1 score cp 48 nodes 400 nps 400000 hashfull 0 tbhits 0 time 1 pv d2d4 d7d5
[WORKER] 2026/03/06 14:41:05 worker.go:402: Получена строка от движка: info depth 2 seldepth 18 multipv 2 score cp 44 nodes 400 nps 400000 hashfull 0 tbhits 0 time 1 pv b1c3 c7c5
[WORKER] 2026/03/06 14:41:05 worker.go:402: Получена строка от движка: info depth 2 seldepth 16 multipv 3 score cp 40 nodes 400 nps 400000 hashfull 0 tbhits 0 time 1 pv g1f3 d7d5
[WORKER] 2026/03/06 14:41:05 worker.go:402: Получена строка от движка: info depth 3 seldepth 6 multipv 1 score cp 45 nodes 1152 nps 1152000 hashfull 0 tbhits 0 time 1 pv d2d4 d7d5 b1c3
[WORKER] 2026/03/06 14:41:05 worker.go:402: Получена строка от движка: info depth 3 seldepth 6 multipv 2 score cp 44 nodes 1152 nps 1152000 hashfull 0 tbhits 0 time 1 pv b1c3 d7d5 d2d4 g8f6
[WORKER] 2026/03/06 14:41:05 worker.go:402: Получена строка от движка: info depth 3 seldepth 6 multipv 3 score cp 22 nodes 1152 nps 1152000 hashfull 0 tbhits 0 time 1 pv d1e2 c7c5 g1f3 b8c6
[WORKER] 2026/03/06 14:41:05 worker.go:402: Получена строка от движка: info depth 4 seldepth 7 multipv 1 score cp 44 nodes 1857 nps 1857000 hashfull 0 tbhits 0 time 1 pv d2d4 d7d5 b1c3 g8f6 e4e5 f6d7
[WORKER] 2026/03/06 14:41:05 worker.go:402: Получена строка от движка: info depth 4 seldepth 6 multipv 2 score cp 44 nodes 1857 nps 1857000 hashfull 0 tbhits 0 time 1 pv b1c3 d7d5 d2d4 g8f6 e4e5
[WORKER] 2026/03/06 14:41:05 worker.go:402: Получена строка от движка: info depth 4 seldepth 6 multipv 3 score cp 22 nodes 1857 nps 1857000 hashfull 0 tbhits 0 time 1 pv d1e2 c7c5 g1f3 b8c6
[WORKER] 2026/03/06 14:41:05 worker.go:402: Получена строка от движка: info depth 5 seldepth 6 multipv 1 score cp 50 nodes 2193 nps 2193000 hashfull 0 tbhits 0 time 1 pv d2d4 d7d5 b1c3 g8f6
[WORKER] 2026/03/06 14:41:05 worker.go:402: Получена строка от движка: info depth 5 seldepth 10 multipv 2 score cp 43 nodes 2193 nps 2193000 hashfull 0 tbhits 0 time 1 pv b1c3 c7c5 g1f3 b8c6 d2d4 c5d4 f3d4 g8f6
[WORKER] 2026/03/06 14:41:05 worker.go:402: Получена строка от движка: info depth 5 seldepth 9 multipv 3 score cp 26 nodes 2193 nps 2193000 hashfull 0 tbhits 0 time 1 pv g1f3 d7d5 e4e5 c7c5
[WORKER] 2026/03/06 14:41:05 worker.go:402: Получена строка от движка: info depth 6 seldepth 7 multipv 1 score cp 49 nodes 3328 nps 1664000 hashfull 0 tbhits 0 time 2 pv d2d4 d7d5 b1c3 d5e4 c3e4
[WORKER] 2026/03/06 14:41:05 worker.go:402: Получена строка от движка: info depth 6 seldepth 10 multipv 2 score cp 43 nodes 3328 nps 1664000 hashfull 0 tbhits 0 time 2 pv b1c3 c7c5 g1f3 b8c6 d2d4 c5d4 f3d4 g8f6
[WORKER] 2026/03/06 14:41:05 worker.go:402: Получена строка от движка: info depth 6 seldepth 9 multipv 3 score cp 27 nodes 3328 nps 1664000 hashfull 0 tbhits 0 time 2 pv c2c3 d7d5 e4e5 c7c5 g1f3 c8d7
[WORKER] 2026/03/06 14:41:05 worker.go:402: Получена строка от движка: info depth 7 seldepth 12 multipv 1 score cp 45 nodes 4970 nps 1242500 hashfull 1 tbhits 0 time 4 pv d2d4 d7d5 b1c3 g8f6 e4e5 f6d7 f2f4
[WORKER] 2026/03/06 14:41:05 worker.go:402: Получена строка от движка: info depth 7 seldepth 10 multipv 2 score cp 40 nodes 4970 nps 1242500 hashfull 1 tbhits 0 time 4 pv b1c3 d7d5 d2d4 g8f6 e4e5 f6d7 f2f4
[WORKER] 2026/03/06 14:41:05 worker.go:402: Получена строка от движка: info depth 7 seldepth 13 multipv 3 score cp 33 nodes 4970 nps 1242500 hashfull 1 tbhits 0 time 4 pv c2c3 d7d5 e4e5 c7c5 d2d4
[WORKER] 2026/03/06 14:41:05 worker.go:402: Получена строка от движка: info depth 8 seldepth 18 multipv 1 score cp 44 nodes 8644 nps 1234857 hashfull 1 tbhits 0 time 7 pv d2d4 d7d5 b1c3 g8f6 e4e5 f6d7 f2f4 c7c5 g1f3 b8c6 c1e3 d8b6 a2a3 c6d4 e3d4
[WORKER] 2026/03/06 14:41:05 worker.go:402: Получена строка от движка: info depth 8 seldepth 25 multipv 2 score cp 42 nodes 8644 nps 1234857 hashfull 1 tbhits 0 time 7 pv b1c3 d7d5 d2d4 g8f6 e4e5 f6d7 f2f4 c7c5 g1f3 b8c6 c1e3 d8b6 a2a3 c6d4 f3d4 c5d4 e3d4 f8c5 c3b5 e8g8 b2b4 c5d4 d1d4
[WORKER] 2026/03/06 14:41:05 worker.go:402: Получена строка от движка: info depth 8 seldepth 18 multipv 3 score cp 32 nodes 8644 nps 1234857 hashfull 1 tbhits 0 time 7 pv c2c3 d7d5 e4e5 c7c5 d2d4 b8c6 g1f3 c8d7 f1d3 c5d4 c3d4 d8b6 e1g1 c6d4
[WORKER] 2026/03/06 14:41:05 worker.go:402: Получена строка от движка: info depth 9 seldepth 32 multipv 1 score cp 42 nodes 14102 nps 1282000 hashfull 2 tbhits 0 time 11 pv b1c3 d7d5 d2d4 g8f6 e4e5 f6d7 f2f4 c7c5 g1f3 b8c6 c1e3 d8b6 a2a3 f8e7
[WORKER] 2026/03/06 14:41:05 worker.go:402: Получена строка от движка: info depth 9 seldepth 33 multipv 2 score cp 41 nodes 14102 nps 1282000 hashfull 2 tbhits 0 time 11 pv d2d4 d7d5 b1c3 g8f6 e4e5 f6d7 f2f4 c7c5 g1f3 b8c6 c1e3 d8b6 a2a3 c6d4 f3d4 c5d4 e3d4 f8c5 d4c5 d7c5 f1b5
[WORKER] 2026/03/06 14:41:05 worker.go:402: Получена строка от движка: info depth 9 seldepth 18 multipv 3 score cp 30 nodes 14102 nps 1282000 hashfull 2 tbhits 0 time 11 pv c2c3 d7d5 e4e5 c7c5 d2d4 b8c6 g1f3 c8d7 f1d3
[WORKER] 2026/03/06 14:41:05 worker.go:402: Получена строка от движка: info depth 10 seldepth 27 multipv 1 score cp 38 nodes 38755 nps 1019868 hashfull 8 tbhits 0 time 38 pv d2d4 d7d5 b1c3 g8f6 e4e5 f6d7 f2f4 c7c5 g1f3 c5d4 f3d4
[WORKER] 2026/03/06 14:41:05 worker.go:402: Получена строка от движка: info depth 10 seldepth 32 multipv 2 score cp 33 nodes 38755 nps 1019868 hashfull 8 tbhits 0 time 38 pv b1c3 d7d5 d2d4 g8f6 e4e5 f6d7 f2f4 c7c5 g1f3 b8c6
[WORKER] 2026/03/06 14:41:05 worker.go:402: Получена строка от движка: info depth 10 seldepth 19 multipv 3 score cp 31 nodes 38755 nps 1019868 hashfull 8 tbhits 0 time 38 pv c2c3 c7c5 d2d4 d7d5 e4e5 b8c6 g1f3 c8d7 a2a3 c5c4 g2g3 g8e7
[WORKER] 2026/03/06 14:41:05 worker.go:402: Получена строка от движка: info depth 11 seldepth 33 multipv 1 score cp 43 nodes 49964 nps 1019673 hashfull 11 tbhits 0 time 49 pv b1c3 d7d5 d2d4 g8f6 e4e5 f6d7 f2f4 c7c5 g1f3 b8c6
[WORKER] 2026/03/06 14:41:05 worker.go:402: Получена строка от движка: info depth 11 seldepth 31 multipv 2 score cp 41 nodes 49964 nps 1019673 hashfull 11 tbhits 0 time 49 pv d2d4 d7d5 b1c3 g8f6 e4e5 f6d7 f2f4 c7c5 g1f3 c5d4 f3d4 b8c6 c1e3 d8b6 d1d2 b6b2 a1b1 b2a3 c3b5 a3a2 b5c7 e8d8
[WORKER] 2026/03/06 14:41:05 worker.go:402: Получена строка от движка: info depth 11 seldepth 18 multipv 3 score cp 39 nodes 49964 nps 1019673 hashfull 11 tbhits 0 time 49 pv g1f3 d7d5 e4e5 c7c5 c2c3 d5d4 b1a3 c8d7 f1d3 g8e7 e1g1 e7g6
[WORKER] 2026/03/06 14:41:05 worker.go:402: Получена строка от движка: info depth 12 seldepth 32 multipv 1 score cp 38 nodes 81545 nps 937298 hashfull 20 tbhits 0 time 87 pv d2d4 d7d5 b1c3 g8f6 e4e5 f6d7 f2f4 c7c5 g1f3 b8c6 c1e3 d8b6 c3a4 b6a5 c2c3 c5d4 b2b4 c6b4 c3b4 f8b4 e3d2 b4d2 f3d2 e8g8 f1d3 f7f6 e1g1 f6e5 f4e5 f8f1 g1f1
[WORKER] 2026/03/06 14:41:05 worker.go:402: Получена строка от движка: info depth 12 seldepth 28 multipv 2 score cp 37 nodes 81545 nps 926647 hashfull 20 tbhits 0 time 88 pv b1c3 d7d5 d2d4 g8f6 e4e5 f6d7 f2f4 c7c5 g1f3 b8c6 c1e3 d8b6 c3a4 b6a5 c2c3 c6d4
[WORKER] 2026/03/06 14:41:05 worker.go:402: Получена строка от движка: info depth 12 seldepth 19 multipv 3 score cp 34 nodes 81545 nps 926647 hashfull 20 tbhits 0 time 88 pv g1f3 d7d5 e4e5 c7c5 c2c3 d5d4 b1a3 g8e7 f1d3 b8c6 e1g1 e7g6 c3d4
[WORKER] 2026/03/06 14:41:05 worker.go:402: Получена строка от движка: info depth 13 seldepth 37 multipv 1 score cp 44 nodes 133589 nps 878875 hashfull 39 tbhits 0 time 152 pv d2d4 d7d5 b1c3 g8f6 e4e5 f6d7 f2f4 c7c5 g1f3 c5d4 c3b5 b8c6 b5d4 d8b6 a2a4 d7c5 c2c3
[WORKER] 2026/03/06 14:41:05 worker.go:402: Получена строка от движка: info depth 13 seldepth 33 multipv 2 score cp 38 nodes 133589 nps 878875 hashfull 39 tbhits 0 time 152 pv b1c3 d7d5 d2d4 g8f6 e4e5 f6d7 f2f4 c7c5 g1f3 b8c6 c1e3 c5d4 f3d4 d8b6 a2a3 c6d4 e3d4 f8c5 c3b5 e8g8
[WORKER] 2026/03/06 14:41:05 worker.go:402: Получена строка от движка: info depth 13 seldepth 18 multipv 3 score cp 36 nodes 133589 nps 878875 hashfull 39 tbhits 0 time 152 pv g1f3 d7d5 e4e5 c7c5 c2c3 d5d4 f1d3 c8d7 e1g1 g8e7 d3e4 d7c6 d2d3 c6e4 d3e4
[WORKER] 2026/03/06 14:41:05 worker.go:402: Получена строка от движка: info depth 14 seldepth 43 multipv 1 score cp 44 nodes 226145 nps 856609 hashfull 66 tbhits 0 time 264 pv b1c3 d7d5 d2d4 g8f6 e4e5 f6d7 f2f4 c7c5 g1f3 b8c6 c1e3 c5d4 f3d4 d8b6 d1d2 b6b2 a1b1 b2a3 c3b5 a3a2 b1b3 d7c5
[WORKER] 2026/03/06 14:41:05 worker.go:402: Получена строка от движка: info depth 14 seldepth 24 multipv 2 score cp 43 nodes 226145 nps 856609 hashfull 66 tbhits 0 time 264 pv d2d4 d7d5 b1c3 g8f6 e4e5 f6d7 f2f4 c7c5 g1f3 c5d4 c3b5 b8c6 b5d4 d7c5
[WORKER] 2026/03/06 14:41:05 worker.go:402: Получена строка от движка: info depth 14 seldepth 25 multipv 3 score cp 31 nodes 226145 nps 856609 hashfull 66 tbhits 0 time 264 pv g1f3 d7d5 e4e5 c7c5 c2c3 d5d4 f1d3 c8d7 e1g1 d7c6 b1a3 g8e7 c3d4 c5d4 a3c2 e7g6 d3g6 h7g6 c2d4 c6d5 d2d3 f8e7
[WORKER] 2026/03/06 14:41:05 worker.go:402: Получена строка от движка: info depth 15 seldepth 31 multipv 1 score cp 44 nodes 251722 nps 862061 hashfull 72 tbhits 0 time 292 pv b1c3 d7d5 d2d4 g8f6 e4e5 f6d7 f2f4 c7c5 g1f3 b8c6 c1e3 c5d4 f3d4 d8b6 d1d2 b6b2 a1b1 b2a3 c3b5 a3a2 b1b3 d7c5 b5c7 e8d7
[WORKER] 2026/03/06 14:41:05 worker.go:402: Получена строка от движка: info depth 15 seldepth 35 multipv 2 score cp 43 nodes 251722 nps 862061 hashfull 72 tbhits 0 time 292 pv d2d4 d7d5 b1c3 g8f6 e4e5 f6d7 f2f4 c7c5 g1f3 b8c6 c1e3 c5d4 f3d4 d8b6 d1d2 b6b2 a1b1 b2a3 c3b5 a3a2 b1b3 a8b8 d2c3 a2a5 d4c6 a5c3 b3c3 b7c6 c3c6 e8d8 b5a7
[WORKER] 2026/03/06 14:41:05 worker.go:402: Получена строка от движка: info depth 15 seldepth 25 multipv 3 score cp 30 nodes 251722 nps 862061 hashfull 72 tbhits 0 time 292 pv g1f3 d7d5 e4e5 c7c5 c2c3 d5d4 f1d3 c8d7 c3d4 c5d4 f3d4 d7c6 d4c6 b8c6
[WORKER] 2026/03/06 14:41:06 worker.go:402: Получена строка от движка: info depth 16 seldepth 45 multipv 1 score cp 50 nodes 581414 nps 816592 hashfull 186 tbhits 0 time 712 pv d2d4 d7d5 b1c3 g8f6 e4e5 f6d7 f2f4 c7c5 g1f3 a7a6 c1e3 b8c6 d1d2 f8e7 f1d3 c5d4 f3d4 d7c5 d3e2
[WORKER] 2026/03/06 14:41:06 worker.go:402: Получена строка от движка: info depth 16 seldepth 31 multipv 2 score cp 45 nodes 581414 nps 816592 hashfull 186 tbhits 0 time 712 pv b1c3 d7d5 d2d4 g8f6 e4e5 f6d7 f2f4 c7c5 g1f3 a7a6 c1e3 b8c6 d1d2 f8e7 d4c5 e7c5
[WORKER] 2026/03/06 14:41:06 worker.go:402: Получена строка от движка: info depth 16 seldepth 31 multipv 3 score cp 28 nodes 581414 nps 816592 hashfull 186 tbhits 0 time 712 pv g1f3 d7d5 e4e5 c7c5 c2c3 d5d4 c3d4 c5d4 f1d3 g8e7 e1g1 c8d7 b2b4 d7c6
[WORKER] 2026/03/06 14:41:06 worker.go:402: Получена строка от движка: bestmove d2d4 ponder d7d5
[WORKER] 2026/03/06 14:41:06 worker.go:518: Анализ позиции: 0 тактических ходов из 30 возможных
[WORKER] 2026/03/06 14:41:06 worker.go:179: Полуход 3. Ход белых: 0.4 сек (оценка: 50)
[WORKER] 2026/03/06 14:41:06 worker.go:402: Получена строка от движка: info string Available processors: 0-11
[WORKER] 2026/03/06 14:41:06 worker.go:402: Получена строка от движка: info string Using 1 thread
[WORKER] 2026/03/06 14:41:06 worker.go:402: Получена строка от движка: info string NNUE evaluation using nn-c288c895ea92.nnue (125MiB, (102384, 1024, 15, 32, 1))
[WORKER] 2026/03/06 14:41:06 worker.go:402: Получена строка от движка: info string NNUE evaluation using nn-37f18f62d772.nnue (6MiB, (22528, 128, 15, 32, 1))
[WORKER] 2026/03/06 14:41:06 worker.go:402: Получена строка от движка: info string Network replica 1: Shared memory.
[WORKER] 2026/03/06 14:41:06 worker.go:402: Получена строка от движка: info depth 1 seldepth 4 multipv 1 score cp -50 nodes 130 nps 130000 hashfull 0 tbhits 0 time 1 pv d7d5
[WORKER] 2026/03/06 14:41:06 worker.go:402: Получена строка от движка: info depth 1 seldepth 5 multipv 2 score cp -66 nodes 130 nps 130000 hashfull 0 tbhits 0 time 1 pv c7c5
[WORKER] 2026/03/06 14:41:06 worker.go:402: Получена строка от движка: info depth 1 seldepth 2 multipv 3 score cp -72 nodes 130 nps 130000 hashfull 0 tbhits 0 time 1 pv c7c6
[WORKER] 2026/03/06 14:41:06 worker.go:402: Получена строка от движка: info depth 2 seldepth 4 multipv 1 score cp -45 nodes 600 nps 600000 hashfull 0 tbhits 0 time 1 pv d7d5 b1c3
[WORKER] 2026/03/06 14:41:06 worker.go:402: Получена строка от движка: info depth 2 seldepth 5 multipv 2 score cp -64 nodes 600 nps 600000 hashfull 0 tbhits 0 time 1 pv b8c6
[WORKER] 2026/03/06 14:41:06 worker.go:402: Получена строка от движка: info depth 2 seldepth 4 multipv 3 score cp -72 nodes 600 nps 600000 hashfull 0 tbhits 0 time 1 pv g8e7
[WORKER] 2026/03/06 14:41:06 worker.go:402: Получена строка от движка: info depth 3 seldepth 5 multipv 1 score cp -45 nodes 903 nps 903000 hashfull 0 tbhits 0 time 1 pv d7d5 b1c3 g8f6
[WORKER] 2026/03/06 14:41:06 worker.go:402: Получена строка от движка: info depth 3 seldepth 5 multipv 2 score cp -61 nodes 903 nps 903000 hashfull 0 tbhits 0 time 1 pv a7a6 h2h4
[WORKER] 2026/03/06 14:41:06 worker.go:402: Получена строка от движка: info depth 3 seldepth 8 multipv 3 score cp -64 nodes 903 nps 903000 hashfull 0 tbhits 0 time 1 pv c7c6 f1d3 d7d5 b1c3
[WORKER] 2026/03/06 14:41:06 worker.go:402: Получена строка от движка: info depth 4 seldepth 5 multipv 1 score cp -45 nodes 1459 nps 1459000 hashfull 0 tbhits 0 time 1 pv d7d5 b1c3 g8f6 e4e5
[WORKER] 2026/03/06 14:41:06 worker.go:402: Получена строка от движка: info depth 4 seldepth 9 multipv 2 score cp -56 nodes 1459 nps 1459000 hashfull 0 tbhits 0 time 1 pv a7a6 g1f3
[WORKER] 2026/03/06 14:41:06 worker.go:402: Получена строка от движка: info depth 4 seldepth 6 multipv 3 score cp -65 nodes 1459 nps 1459000 hashfull 0 tbhits 0 time 1 pv c7c6 f1d3 d7d5 b1c3
[WORKER] 2026/03/06 14:41:06 worker.go:402: Получена строка от движка: info depth 5 seldepth 6 multipv 1 score cp -45 nodes 2986 nps 1493000 hashfull 0 tbhits 0 time 2 pv d7d5 b1c3 g8f6 e4e5 f6d7
[WORKER] 2026/03/06 14:41:06 worker.go:402: Получена строка от движка: info depth 5 seldepth 10 multipv 2 score cp -55 nodes 2986 nps 1493000 hashfull 0 tbhits 0 time 2 pv a7a6 f1d3 d7d5 b1c3 d5e4 c3e4 d8d4 g1f3 d4b6
[WORKER] 2026/03/06 14:41:06 worker.go:402: Получена строка от движка: info depth 5 seldepth 8 multipv 3 score cp -74 nodes 2986 nps 1493000 hashfull 0 tbhits 0 time 2 pv f8e7 d1g4 g7g6 f1d3
[WORKER] 2026/03/06 14:41:06 worker.go:402: Получена строка от движка: info depth 6 seldepth 7 multipv 1 score cp -45 nodes 3739 nps 1246333 hashfull 0 tbhits 0 time 3 pv d7d5 b1c3 g8f6 e4e5 f6d7 f2f4
[WORKER] 2026/03/06 14:41:06 worker.go:402: Получена строка от движка: info depth 6 seldepth 10 multipv 2 score cp -60 nodes 3739 nps 1246333 hashfull 0 tbhits 0 time 3 pv f8e7 b1c3 d7d5 e4e5 b8d7 f1d3 c7c5
[WORKER] 2026/03/06 14:41:06 worker.go:402: Получена строка от движка: info depth 6 seldepth 12 multipv 3 score cp -61 nodes 3739 nps 1246333 hashfull 0 tbhits 0 time 3 pv a7a6 h2h4 c7c5 c1g5
[WORKER] 2026/03/06 14:41:06 worker.go:402: Получена строка от движка: info depth 7 seldepth 9 multipv 1 score cp -45 nodes 5333 nps 1333250 hashfull 0 tbhits 0 time 4 pv d7d5 b1c3 g8f6 e4e5 f6d7 f2f4 c7c5
[WORKER] 2026/03/06 14:41:06 worker.go:402: Получена строка от движка: info depth 7 seldepth 10 multipv 2 score cp -63 nodes 5333 nps 1333250 hashfull 0 tbhits 0 time 4 pv a7a6 h2h4 d7d5 b1c3 d5e4 c3e4 f7f5 e4g3
[WORKER] 2026/03/06 14:41:06 worker.go:402: Получена строка от движка: info depth 7 seldepth 10 multipv 3 score cp -65 nodes 5333 nps 1333250 hashfull 0 tbhits 0 time 4 pv f8e7 b1c3 d7d5 f1d3 d5e4 c3e4 g8f6
[WORKER] 2026/03/06 14:41:06 worker.go:402: Получена строка от движка: info depth 8 seldepth 21 multipv 1 score cp -45 nodes 14381 nps 958733 hashfull 3 tbhits 0 time 15 pv d7d5 b1c3 g8f6 e4e5 f6d7 f2f4 c7c5 g1f3 a7a6 c1e3 b8c6 d1d2 f8e7 d4c5 e7c5 e3c5 d7c5
[WORKER] 2026/03/06 14:41:06 worker.go:402: Получена строка от движка: info depth 8 seldepth 13 multipv 2 score cp -60 nodes 14381 nps 958733 hashfull 3 tbhits 0 time 15 pv a7a6 h2h4 d7d6 b1c3 g8f6 g1f3 f8e7 h4h5
[WORKER] 2026/03/06 14:41:06 worker.go:402: Получена строка от движка: info depth 8 seldepth 16 multipv 3 score cp -70 nodes 14381 nps 958733 hashfull 3 tbhits 0 time 15 pv c7c5 d4d5 g8f6 b1c3 d7d6 f1b5 c8d7 b5d7 b8d7 d5e6 f7e6
[WORKER] 2026/03/06 14:41:06 worker.go:402: Получена строка от движка: info depth 9 seldepth 15 multipv 1 score cp -45 nodes 27460 nps 915333 hashfull 7 tbhits 0 time 30 pv d7d5 b1c3 g8f6 e4e5 f6d7 f2f4 c7c5 g1f3 a7a6 c1e3 b8c6 d1d2 f8e7
[WORKER] 2026/03/06 14:41:06 worker.go:402: Получена строка от движка: info depth 9 seldepth 20 multipv 2 score cp -67 nodes 27460 nps 915333 hashfull 7 tbhits 0 time 30 pv f8e7 b1c3 d7d5 e4e5 c7c5 d1g4 g7g5 h2h4 h7h5 g4g3 c5d4 c3b5
[WORKER] 2026/03/06 14:41:06 worker.go:402: Получена строка от движка: info depth 9 seldepth 15 multipv 3 score cp -71 nodes 27460 nps 915333 hashfull 7 tbhits 0 time 30 pv c7c5 d4d5 g8f6 b1c3 d7d6 d5e6 c8e6
[WORKER] 2026/03/06 14:41:06 worker.go:402: Получена строка от движка: info depth 10 seldepth 18 multipv 1 score cp -45 nodes 30397 nps 921121 hashfull 8 tbhits 0 time 33 pv d7d5 b1c3 g8f6 e4e5 f6d7 f2f4 c7c5 g1f3 a7a6 c1e3 b8c6 d1d2 f8e7 d4c5 e7c5 e3c5 d7c5
[WORKER] 2026/03/06 14:41:06 worker.go:402: Получена строка от движка: info depth 10 seldepth 19 multipv 2 score cp -56 nodes 30397 nps 921121 hashfull 8 tbhits 0 time 33 pv f8e7 b1c3 d7d5 d1g4 g7g6 g4f4 d5e4 c3e4 g8f6
[WORKER] 2026/03/06 14:41:06 worker.go:402: Получена строка от движка: info depth 10 seldepth 14 multipv 3 score cp -70 nodes 30397 nps 921121 hashfull 8 tbhits 0 time 33 pv a7a6 c1e3 d7d5 b1d2 c7c5 d4c5 g8f6 f1d3 b8c6 g1f3 d5d4 e3f4 f8c5
[WORKER] 2026/03/06 14:41:06 worker.go:402: Получена строка от движка: info depth 11 seldepth 20 multipv 1 score cp -43 nodes 73512 nps 854790 hashfull 27 tbhits 0 time 86 pv d7d5 b1c3 g8f6 e4e5 f6d7 f2f4 c7c5 g1f3 a7a6 c1e3 b8c6 d1d2 f8e7 d4c5 e7c5 e1c1 d8b6 e3c5 d7c5
[WORKER] 2026/03/06 14:41:06 worker.go:402: Получена строка от движка: info depth 11 seldepth 17 multipv 2 score cp -69 nodes 73512 nps 854790 hashfull 27 tbhits 0 time 86 pv a7a6 c1e3 d7d5 b1d2 c7c5 d4c5 d5d4 e3f4 f8c5 f1d3 g8e7
[WORKER] 2026/03/06 14:41:06 worker.go:402: Получена строка от движка: info depth 11 seldepth 24 multipv 3 score cp -69 nodes 73512 nps 854790 hashfull 27 tbhits 0 time 86 pv f8e7 f1d3 d7d5 e4e5 c7c5 d4c5 e7c5
[WORKER] 2026/03/06 14:41:06 worker.go:402: Получена строка от движка: info depth 12 seldepth 20 multipv 1 score cp -43 nodes 112106 nps 836611 hashfull 43 tbhits 0 time 134 pv d7d5 b1c3 g8f6 e4e5 f6d7 f2f4 c7c5 g1f3 a7a6 c1e3 b8c6 d1d2 f8e7 d4c5 e7c5 e1c1 d8b6 e3c5
[WORKER] 2026/03/06 14:41:06 worker.go:402: Получена строка от движка: info depth 12 seldepth 23 multipv 2 score cp -64 nodes 112106 nps 836611 hashfull 43 tbhits 0 time 134 pv a7a6 c1e3 d7d5 b1d2 c7c5 d4c5 d5d4 e3f4 f8c5 d1g4 g8f6 g4g7 h8g8 g7h6 b8c6 g1f3 g8g6
[WORKER] 2026/03/06 14:41:06 worker.go:402: Получена строка от движка: info depth 12 seldepth 21 multipv 3 score cp -72 nodes 112106 nps 836611 hashfull 43 tbhits 0 time 134 pv c7c5 d4d5 g8f6 b1c3 d7d6 f1b5 c8d7 a2a4 e6d5 e4d5 f8e7 g1e2 b8a6
[WORKER] 2026/03/06 14:41:06 worker.go:402: Получена строка от движка: info depth 13 seldepth 31 multipv 1 score cp -44 nodes 251961 nps 802423 hashfull 95 tbhits 0 time 314 pv d7d5 b1c3 g8f6 e4e5 f6d7 f2f4 c7c5 g1f3 f8e7 c1e3 e8g8 d1d2 a7a6 a2a3 b7b5 f1d3 b8c6 e1g1 c5c4 d3e2 f7f5
[WORKER] 2026/03/06 14:41:06 worker.go:402: Получена строка от движка: info depth 13 seldepth 29 multipv 2 score cp -66 nodes 251961 nps 802423 hashfull 95 tbhits 0 time 314 pv a7a6 g1f3 d7d5 b1c3 g8f6 e4e5 f6d7 c3e2 c7c5 c2c3 d8b6 a2a3
[WORKER] 2026/03/06 14:41:06 worker.go:402: Получена строка от движка: info depth 13 seldepth 18 multipv 3 score cp -71 nodes 251961 nps 802423 hashfull 95 tbhits 0 time 314 pv h7h6 f1d3 d7d5 e4e5 c7c5 c2c3 b8c6 g1f3 c8d7 e1g1 c5d4 c3d4 d8b6 b1c3
[WORKER] 2026/03/06 14:41:06 worker.go:402: Получена строка от движка: info depth 14 seldepth 34 multipv 1 score cp -54 nodes 435626 nps 689281 hashfull 164 tbhits 0 time 632 pv d7d5 b1c3 g8f6 e4e5 f6d7 f2f4 c7c5 g1f3 f8e7 c1e3 e8g8 d1d2 a7a6 h2h4 b8c6 h4h5 b7b5 h5h6
[WORKER] 2026/03/06 14:41:06 worker.go:402: Получена строка от движка: info depth 14 seldepth 27 multipv 2 score cp -61 nodes 435626 nps 689281 hashfull 164 tbhits 0 time 632 pv a7a6 c1e3 d7d5 b1d2 d5e4 d2e4 b7b6 f1d3 c8b7 d1f3 b8d7
[WORKER] 2026/03/06 14:41:06 worker.go:402: Получена строка от движка: info depth 14 seldepth 28 multipv 3 score cp -66 nodes 435626 nps 689281 hashfull 164 tbhits 0 time 632 pv c7c5 d4d5 g8f6 b1c3 d7d6 g1e2 a7a6 e2g3 g7g6 f1e2 b7b5
[WORKER] 2026/03/06 14:41:06 worker.go:402: Получена строка от движка: info depth 15 seldepth 34 multipv 1 score cp -50 nodes 567936 nps 665810 hashfull 218 tbhits 0 time 853 pv d7d5 b1c3 g8f6 e4e5 f6d7 f2f4 c7c5 g1f3 f8e7 c1e3 e8g8 d1d2 a7a6 h2h4 b7b6
[WORKER] 2026/03/06 14:41:06 worker.go:402: Получена строка от движка: info depth 15 seldepth 28 multipv 2 score cp -69 nodes 567936 nps 665810 hashfull 218 tbhits 0 time 853 pv a7a6 g1f3 d7d5 b1c3 g8f6 e4e5 f6d7 c3e2 c7c5 c2c3 d8b6 a2a3 b8c6 g2g3 f7f6 f1h3 f6e5 f3g5 c5d4
[WORKER] 2026/03/06 14:41:06 worker.go:402: Получена строка от движка: info depth 15 seldepth 25 multipv 3 score cp -69 nodes 567936 nps 665810 hashfull 218 tbhits 0 time 853 pv c7c5 d4d5 g8f6 b1c3 d7d6 f1c4 f8e7 g1e2 e6d5 c4d5 e8g8 e1g1 f8e8 h2h3 f6d5 c3d5
[WORKER] 2026/03/06 14:41:07 worker.go:402: Получена строка от движка: info depth 16 seldepth 35 multipv 1 score cp -47 nodes 695120 nps 670318 hashfull 249 tbhits 0 time 1037 pv d7d5 b1c3 g8f6 e4e5 f6d7 f2f4 c7c5 g1f3 f8e7 c1e3 e8g8 d4c5 d7c5 a2a3 c8d7 h2h4 b8c6 d1d2 c5e4
[WORKER] 2026/03/06 14:41:07 worker.go:402: Получена строка от движка: info depth 16 seldepth 32 multipv 2 score cp -64 nodes 695120 nps 670318 hashfull 249 tbhits 0 time 1037 pv a7a6 g1f3 d7d5 e4e5 c7c5 c2c3 b8c6 f1d3 c8d7 a2a3 d8b6 d4c5 f8c5 e1g1 b6c7 f1e1 c5a7
[WORKER] 2026/03/06 14:41:07 worker.go:402: Получена строка от движка: info depth 16 seldepth 29 multipv 3 score cp -72 nodes 695120 nps 670318 hashfull 249 tbhits 0 time 1037 pv c7c5 d4d5 g8f6 b1c3 d7d6 d5e6 c8e6 g1e2 f8e7 e2f4 e6d7 f2f3 a7a6 a2a4
[WORKER] 2026/03/06 14:41:07 worker.go:402: Получена строка от движка: bestmove d7d5 ponder b1c3
[WORKER] 2026/03/06 14:41:07 worker.go:518: Анализ позиции: 1 тактических ходов из 30 возможных
[WORKER] 2026/03/06 14:41:07 worker.go:179: Полуход 4. Ход черных: 0.9 сек (оценка: 47)
[WORKER] 2026/03/06 14:41:07 worker.go:402: Получена строка от движка: info string Available processors: 0-11
[WORKER] 2026/03/06 14:41:07 worker.go:402: Получена строка от движка: info string Using 1 thread
[WORKER] 2026/03/06 14:41:07 worker.go:402: Получена строка от движка: info string NNUE evaluation using nn-c288c895ea92.nnue (125MiB, (102384, 1024, 15, 32, 1))
[WORKER] 2026/03/06 14:41:07 worker.go:402: Получена строка от движка: info string NNUE evaluation using nn-37f18f62d772.nnue (6MiB, (22528, 128, 15, 32, 1))
[WORKER] 2026/03/06 14:41:07 worker.go:402: Получена строка от движка: info string Network replica 1: Shared memory.
[WORKER] 2026/03/06 14:41:07 worker.go:402: Получена строка от движка: info depth 1 seldepth 4 multipv 1 score cp 55 nodes 187 nps 187000 hashfull 0 tbhits 0 time 1 pv b1c3
[WORKER] 2026/03/06 14:41:07 worker.go:402: Получена строка от движка: info depth 1 seldepth 4 multipv 2 score cp 53 nodes 187 nps 187000 hashfull 0 tbhits 0 time 1 pv e4e5
[WORKER] 2026/03/06 14:41:07 worker.go:402: Получена строка от движка: info depth 1 seldepth 7 multipv 3 score cp 45 nodes 187 nps 187000 hashfull 0 tbhits 0 time 1 pv b1d2
[WORKER] 2026/03/06 14:41:07 worker.go:402: Получена строка от движка: info depth 2 seldepth 3 multipv 1 score cp 48 nodes 762 nps 762000 hashfull 0 tbhits 0 time 1 pv b1c3 g8f6
[WORKER] 2026/03/06 14:41:07 worker.go:402: Получена строка от движка: info depth 2 seldepth 9 multipv 2 score cp 38 nodes 762 nps 762000 hashfull 0 tbhits 0 time 1 pv b1d2
[WORKER] 2026/03/06 14:41:07 worker.go:402: Получена строка от движка: info depth 2 seldepth 4 multipv 3 score cp 22 nodes 762 nps 762000 hashfull 0 tbhits 0 time 1 pv e4d5 e6d5
[WORKER] 2026/03/06 14:41:07 worker.go:402: Получена строка от движка: info depth 3 seldepth 4 multipv 1 score cp 47 nodes 1364 nps 1364000 hashfull 0 tbhits 0 time 1 pv b1c3 g8f6 e4e5
[WORKER] 2026/03/06 14:41:07 worker.go:402: Получена строка от движка: info depth 3 seldepth 6 multipv 2 score cp 34 nodes 1364 nps 1364000 hashfull 0 tbhits 0 time 1 pv e4e5 c7c5 c2c3 c5d4 c3d4
[WORKER] 2026/03/06 14:41:07 worker.go:402: Получена строка от движка: info depth 3 seldepth 6 multipv 3 score cp 25 nodes 1364 nps 1364000 hashfull 0 tbhits 0 time 1 pv f1b5 c7c6
[WORKER] 2026/03/06 14:41:07 worker.go:402: Получена строка от движка: info depth 4 seldepth 5 multipv 1 score cp 47 nodes 1659 nps 1659000 hashfull 0 tbhits 0 time 1 pv b1c3 g8f6 e4e5 f6d7
[WORKER] 2026/03/06 14:41:07 worker.go:402: Получена строка от движка: info depth 4 seldepth 6 multipv 2 score cp 34 nodes 1659 nps 1659000 hashfull 0 tbhits 0 time 1 pv e4e5 c7c5 c2c3 c5d4
[WORKER] 2026/03/06 14:41:07 worker.go:402: Получена строка от движка: info depth 4 seldepth 6 multipv 3 score cp 26 nodes 1659 nps 1659000 hashfull 0 tbhits 0 time 1 pv e4d5 e6d5 g1f3 f8d6 f1d3
[WORKER] 2026/03/06 14:41:07 worker.go:402: Получена строка от движка: info depth 5 seldepth 6 multipv 1 score cp 47 nodes 2316 nps 2316000 hashfull 0 tbhits 0 time 1 pv b1c3 g8f6 e4e5 f6d7 f2f4
[WORKER] 2026/03/06 14:41:07 worker.go:402: Получена строка от движка: info depth 5 seldepth 6 multipv 2 score cp 34 nodes 2316 nps 2316000 hashfull 0 tbhits 0 time 1 pv e4e5 c7c5 c2c3 c5d4 c3d4
[WORKER] 2026/03/06 14:41:07 worker.go:402: Получена строка от движка: info depth 5 seldepth 7 multipv 3 score cp 26 nodes 2316 nps 2316000 hashfull 0 tbhits 0 time 1 pv e4d5 e6d5 g1f3 f8d6 f1d3
[WORKER] 2026/03/06 14:41:07 worker.go:402: Получена строка от движка: info depth 6 seldepth 8 multipv 1 score cp 47 nodes 3200 nps 1600000 hashfull 0 tbhits 0 time 2 pv b1c3 g8f6 e4e5 f6d7 f2f4 c7c5
[WORKER] 2026/03/06 14:41:07 worker.go:402: Получена строка от движка: info depth 6 seldepth 7 multipv 2 score cp 31 nodes 3200 nps 1600000 hashfull 0 tbhits 0 time 2 pv e4e5 c7c5 c2c3 c5d4 c3d4 c8d7
[WORKER] 2026/03/06 14:41:07 worker.go:402: Получена строка от движка: info depth 6 seldepth 9 multipv 3 score cp 30 nodes 3200 nps 1600000 hashfull 0 tbhits 0 time 2 pv e4d5 e6d5 f1d3 f8d6 g1f3
[WORKER] 2026/03/06 14:41:07 worker.go:402: Получена строка от движка: info depth 7 seldepth 9 multipv 1 score cp 47 nodes 4570 nps 2285000 hashfull 0 tbhits 0 time 2 pv b1c3 g8f6 e4e5 f6d7 f2f4 c7c5 g1f3
[WORKER] 2026/03/06 14:41:07 worker.go:402: Получена строка от движка: info depth 7 seldepth 12 multipv 2 score cp 33 nodes 4570 nps 2285000 hashfull 0 tbhits 0 time 2 pv e4e5 c7c5 c2c3 b8c6 g1f3 c5d4 c3d4
[WORKER] 2026/03/06 14:41:07 worker.go:402: Получена строка от движка: info depth 7 seldepth 12 multipv 3 score cp 27 nodes 4570 nps 2285000 hashfull 0 tbhits 0 time 2 pv b1d2 c7c5 g1f3 c5d4 f3d4 b8c6 d4c6 b7c6
[WORKER] 2026/03/06 14:41:07 worker.go:402: Получена строка от движка: info depth 8 seldepth 21 multipv 1 score cp 47 nodes 8035 nps 1339166 hashfull 1 tbhits 0 time 6 pv b1c3 g8f6 e4e5 f6d7 f2f4 c7c5 g1f3 f8e7 c1e3 e8g8 d4c5 d7c5 a2a3 c8d7 h2h4 b8c6 d1d2 c5e4
[WORKER] 2026/03/06 14:41:07 worker.go:402: Получена строка от движка: info depth 8 seldepth 14 multipv 2 score cp 45 nodes 8035 nps 1339166 hashfull 1 tbhits 0 time 6 pv e4e5 c7c5 c2c3 b8c6 g1f3 c5d4 c3d4
[WORKER] 2026/03/06 14:41:07 worker.go:402: Получена строка от движка: info depth 8 seldepth 15 multipv 3 score cp 32 nodes 8035 nps 1339166 hashfull 1 tbhits 0 time 6 pv b1d2 c7c5 g1f3 c5d4 f3d4 b8c6
[WORKER] 2026/03/06 14:41:07 worker.go:402: Получена строка от движка: info depth 9 seldepth 14 multipv 1 score cp 50 nodes 14026 nps 1168833 hashfull 3 tbhits 0 time 12 pv e4e5 c7c5 c2c3 g8e7 g1f3 e7f5 f1d3 b8c6 d4c5 f8c5
[WORKER] 2026/03/06 14:41:07 worker.go:402: Получена строка от движка: info depth 9 seldepth 17 multipv 2 score cp 47 nodes 14026 nps 1168833 hashfull 3 tbhits 0 time 12 pv b1c3 g8f6 e4e5 f6d7 f2f4 c7c5 g1f3 f8e7 c1e3 e8g8 f1d3
[WORKER] 2026/03/06 14:41:07 worker.go:402: Получена строка от движка: info depth 9 seldepth 17 multipv 3 score cp 24 nodes 14026 nps 1168833 hashfull 3 tbhits 0 time 12 pv b1d2 c7c5 e4d5 e6d5 f1b5 c8d7 b5d7 d8d7 d1e2 f8e7 d4c5 b8c6
[WORKER] 2026/03/06 14:41:07 worker.go:402: Получена строка от движка: info depth 10 seldepth 25 multipv 1 score cp 49 nodes 29855 nps 1066250 hashfull 7 tbhits 0 time 28 pv b1c3 g8f6 e4e5 f6d7 f2f4 c7c5 g1f3 f8e7 c1e3 e8g8 d1d2 a7a6 h2h4 b7b5 h4h5 c8b7 d2f2 c5d4 f3d4 b8c6 e1c1 b5b4 c3e2
[WORKER] 2026/03/06 14:41:07 worker.go:402: Получена строка от движка: info depth 10 seldepth 21 multipv 2 score cp 35 nodes 29855 nps 1066250 hashfull 7 tbhits 0 time 28 pv e4e5 c7c5 c2c3 b8c6 g1f3 c8d7 a2a3 c5c4 b1d2 f8e7 g2g3 f7f6
[WORKER] 2026/03/06 14:41:07 worker.go:402: Получена строка от движка: info depth 10 seldepth 19 multipv 3 score cp 31 nodes 29855 nps 1066250 hashfull 7 tbhits 0 time 28 pv b1d2 c7c5 e4d5 e6d5 f1b5 c8d7 b5d7 b8d7 g1e2 f8e7
[WORKER] 2026/03/06 14:41:07 worker.go:402: Получена строка от движка: info depth 11 seldepth 24 multipv 1 score cp 49 nodes 39838 nps 1076702 hashfull 8 tbhits 0 time 37 pv b1c3 g8f6 e4e5 f6d7 f2f4 c7c5 g1f3 f8e7 c1e3 e8g8 d1d2 a7a6 h2h4 b7b5 h4h5 c8b7 d2f2 c5d4 f3d4 b8c6 e1c1 b5b4
[WORKER] 2026/03/06 14:41:07 worker.go:402: Получена строка от движка: info depth 11 seldepth 19 multipv 2 score cp 38 nodes 39838 nps 1076702 hashfull 8 tbhits 0 time 37 pv e4e5 c7c5 c2c3 b8c6 g1f3 c8d7 a2a3 c5c4 g2g3 d8c7 h2h4 f7f6 c1f4 c7b6
[WORKER] 2026/03/06 14:41:07 worker.go:402: Получена строка от движка: info depth 11 seldepth 18 multipv 3 score cp 31 nodes 39838 nps 1076702 hashfull 8 tbhits 0 time 37 pv b1d2 c7c5 e4d5 e6d5 f1b5 c8d7 b5d7 b8d7 g1e2 d7f6
[WORKER] 2026/03/06 14:41:07 worker.go:402: Получена строка от движка: info depth 12 seldepth 29 multipv 1 score cp 51 nodes 82396 nps 885978 hashfull 21 tbhits 0 time 93 pv b1c3 g8f6 e4e5 f6d7 f2f4 c7c5 g1f3 f8e7 c1e3 a7a6 d4c5 d7c5 a2a3 e8g8 b2b4 c5d7 f1d3
[WORKER] 2026/03/06 14:41:07 worker.go:402: Получена строка от движка: info depth 12 seldepth 24 multipv 2 score cp 34 nodes 82396 nps 876553 hashfull 21 tbhits 0 time 94 pv e4e5 c7c5 c2c3 b8c6 g1f3 c8d7 a2a3 c5c4 g2g3 d8c7 f1e2 g8e7 e1g1 c6a5 b1d2 h7h6 a1b1
[WORKER] 2026/03/06 14:41:07 worker.go:402: Получена строка от движка: info depth 12 seldepth 22 multipv 3 score cp 34 nodes 82396 nps 876553 hashfull 21 tbhits 0 time 94 pv b1d2 c7c5 e4d5 e6d5 f1b5 b8c6 g1f3 d8e7 b5e2 e7c7 d4c5 f8c5 d2b3
[WORKER] 2026/03/06 14:41:07 worker.go:402: Получена строка от движка: info depth 13 seldepth 35 multipv 1 score cp 47 nodes 132927 nps 846668 hashfull 38 tbhits 0 time 157 pv b1c3 g8f6 e4e5 f6d7 f2f4 c7c5 g1f3 b8c6 c1e3 a7a6 d1d2 b7b5 h2h4 c8b7 d4c5
[WORKER] 2026/03/06 14:41:07 worker.go:402: Получена строка от движка: info depth 13 seldepth 20 multipv 2 score cp 34 nodes 132927 nps 846668 hashfull 38 tbhits 0 time 157 pv e4e5 c7c5 c2c3 b8c6 g1f3 c8d7 a2a3 c5c4 f1e2 c6a5 b1d2 f8e7 a1b1 g8h6 e1g1
[WORKER] 2026/03/06 14:41:07 worker.go:402: Получена строка от движка: info depth 13 seldepth 26 multipv 3 score cp 33 nodes 132927 nps 846668 hashfull 38 tbhits 0 time 157 pv b1d2 c7c5 e4d5 e6d5 f1b5 c8d7 d1e2 d8e7 b5d7 b8d7 d4c5 e7e2 g1e2 d7c5 d2b3 f8d6 e1g1
[WORKER] 2026/03/06 14:41:07 worker.go:402: Получена строка от движка: info depth 14 seldepth 28 multipv 1 score cp 45 nodes 184170 nps 829594 hashfull 51 tbhits 0 time 222 pv b1c3 g8f6 e4e5 f6d7 f2f4 c7c5 g1f3 b8c6 c1e3 a7a6 d1d2 b7b5 g2g4
[WORKER] 2026/03/06 14:41:07 worker.go:402: Получена строка от движка: info depth 14 seldepth 27 multipv 2 score cp 33 nodes 184170 nps 829594 hashfull 51 tbhits 0 time 222 pv b1d2 c7c5 e4d5 e6d5 f1b5 c8d7 d1e2 d8e7 b5d7 b8d7 d4c5 e7e2 g1e2 d7c5 d2b3 f8d6 e1g1
[WORKER] 2026/03/06 14:41:07 worker.go:402: Получена строка от движка: info depth 14 seldepth 23 multipv 3 score cp 31 nodes 184170 nps 829594 hashfull 51 tbhits 0 time 222 pv e4e5 c7c5 c2c3 b8c6 g1f3 c8d7 a2a3 c5c4 f1e2 c6a5 b1d2 d8c7 e1g1 g8e7
[WORKER] 2026/03/06 14:41:07 worker.go:402: Получена строка от движка: info depth 15 seldepth 33 multipv 1 score cp 43 nodes 237094 nps 817565 hashfull 68 tbhits 0 time 290 pv b1c3 g8f6 e4e5 f6d7 f2f4 c7c5 g1f3 b8c6 c1e3 a7a6 h2h4 c5d4 f3d4 d8b6 a2a3 f8c5 c3a4 b6a5 c2c3 c5d4 e3d4 c6d4 d1d4 b7b5
[WORKER] 2026/03/06 14:41:07 worker.go:402: Получена строка от движка: info depth 15 seldepth 31 multipv 2 score cp 36 nodes 237094 nps 817565 hashfull 68 tbhits 0 time 290 pv e4e5 c7c5 c2c3 b8c6 g1f3 c5d4 c3d4 g8e7 f1d3 e7f5 d3f5 e6f5 b1c3 f8b4 e1g1 b4e7 c3e2 e8g8
[WORKER] 2026/03/06 14:41:07 worker.go:402: Получена строка от движка: info depth 15 seldepth 21 multipv 3 score cp 34 nodes 237094 nps 817565 hashfull 68 tbhits 0 time 290 pv b1d2 c7c5 e4d5 d8d5 g1f3 g8f6 f1c4 d5d6 d4c5 d6c5 e1g1
[WORKER] 2026/03/06 14:41:07 worker.go:402: Получена строка от движка: info depth 16 seldepth 32 multipv 1 score cp 54 nodes 431795 nps 804087 hashfull 133 tbhits 0 time 537 pv b1c3 g8f6 e4e5 f6d7 f2f4 c7c5 g1f3 b8c6 c1e3 a7a6 d1d2 b7b5 h2h4 c8b7 h4h5 f8e7 h5h6 g7g6 c3d1 c5d4 f3d4 b5b4 d1f2
[WORKER] 2026/03/06 14:41:07 worker.go:402: Получена строка от движка: info depth 16 seldepth 29 multipv 2 score cp 40 nodes 431795 nps 804087 hashfull 133 tbhits 0 time 537 pv e4e5 c7c5 c2c3 b8c6 g1f3 c8d7 a2a3 c5c4 f1e2 c6a5 b1d2 d8c7 e1g1 g8e7 f1e1 e7c6 b2b3 c4b3 h2h4 f8e7 a1b1 e8g8 d2b3 a5b3 d1b3
[WORKER] 2026/03/06 14:41:07 worker.go:402: Получена строка от движка: info depth 16 seldepth 34 multipv 3 score cp 32 nodes 431795 nps 804087 hashfull 133 tbhits 0 time 537 pv b1d2 c7c5 e4d5 e6d5 f1b5 b8c6 g1f3 f8d6 d4c5 d6c5 e1g1 g8e7 d2b3 c5b6
[WORKER] 2026/03/06 14:41:07 worker.go:402: Получена строка от движка: bestmove b1c3 ponder g8f6
[WORKER] 2026/03/06 14:41:07 worker.go:518: Анализ позиции: 2 тактических ходов из 38 возможных
[WORKER] 2026/03/06 14:41:07 worker.go:179: Полуход 5. Ход белых: 0.6 сек (оценка: 54)
[WORKER] 2026/03/06 14:41:07 worker.go:402: Получена строка от движка: info string Available processors: 0-11
[WORKER] 2026/03/06 14:41:07 worker.go:402: Получена строка от движка: info string Using 1 thread
[WORKER] 2026/03/06 14:41:07 worker.go:402: Получена строка от движка: info string NNUE evaluation using nn-c288c895ea92.nnue (125MiB, (102384, 1024, 15, 32, 1))
[WORKER] 2026/03/06 14:41:07 worker.go:402: Получена строка от движка: info string NNUE evaluation using nn-37f18f62d772.nnue (6MiB, (22528, 128, 15, 32, 1))
[WORKER] 2026/03/06 14:41:07 worker.go:402: Получена строка от движка: info string Network replica 1: Shared memory.
[WORKER] 2026/03/06 14:41:07 worker.go:402: Получена строка от движка: info depth 1 seldepth 3 multipv 1 score cp -48 nodes 131 nps 131000 hashfull 0 tbhits 0 time 1 pv b8c6
[WORKER] 2026/03/06 14:41:07 worker.go:402: Получена строка от движка: info depth 1 seldepth 3 multipv 2 score cp -50 nodes 131 nps 131000 hashfull 0 tbhits 0 time 1 pv f8b4
[WORKER] 2026/03/06 14:41:07 worker.go:402: Получена строка от движка: info depth 1 seldepth 7 multipv 3 score cp -54 nodes 131 nps 131000 hashfull 0 tbhits 0 time 1 pv g8f6
[WORKER] 2026/03/06 14:41:07 worker.go:402: Получена строка от движка: info depth 2 seldepth 5 multipv 1 score cp -48 nodes 476 nps 476000 hashfull 0 tbhits 0 time 1 pv g8f6
[WORKER] 2026/03/06 14:41:07 worker.go:402: Получена строка от движка: info depth 2 seldepth 3 multipv 2 score cp -52 nodes 476 nps 476000 hashfull 0 tbhits 0 time 1 pv f8b4
[WORKER] 2026/03/06 14:41:07 worker.go:402: Получена строка от движка: info depth 2 seldepth 3 multipv 3 score cp -55 nodes 476 nps 476000 hashfull 0 tbhits 0 time 1 pv a7a6
[WORKER] 2026/03/06 14:41:07 worker.go:402: Получена строка от движка: info depth 3 seldepth 7 multipv 1 score cp -43 nodes 972 nps 972000 hashfull 0 tbhits 0 time 1 pv a7a6
[WORKER] 2026/03/06 14:41:07 worker.go:402: Получена строка от движка: info depth 3 seldepth 4 multipv 2 score cp -55 nodes 972 nps 972000 hashfull 0 tbhits 0 time 1 pv g8f6 e4e5
[WORKER] 2026/03/06 14:41:07 worker.go:402: Получена строка от движка: info depth 3 seldepth 6 multipv 3 score cp -63 nodes 972 nps 972000 hashfull 0 tbhits 0 time 1 pv f8e7 f1d3
[WORKER] 2026/03/06 14:41:07 worker.go:402: Получена строка от движка: info depth 4 seldepth 8 multipv 1 score cp -54 nodes 1984 nps 1984000 hashfull 0 tbhits 0 time 1 pv g8f6 e4e5 f6d7 f2f4 c7c5 g1f3 b8c6
[WORKER] 2026/03/06 14:41:07 worker.go:402: Получена строка от движка: info depth 4 seldepth 9 multipv 2 score cp -65 nodes 1984 nps 1984000 hashfull 0 tbhits 0 time 1 pv a7a6 f1d3 c7c5 d4c5 f8c5 g1f3 g8f6
[WORKER] 2026/03/06 14:41:07 worker.go:402: Получена строка от движка: info depth 4 seldepth 8 multipv 3 score cp -70 nodes 1984 nps 1984000 hashfull 0 tbhits 0 time 1 pv f8b4 e4e5 c7c5 a2a3 b4c3 b2c3
[WORKER] 2026/03/06 14:41:07 worker.go:402: Получена строка от движка: info depth 5 seldepth 7 multipv 1 score cp -54 nodes 2747 nps 2747000 hashfull 0 tbhits 0 time 1 pv g8f6 e4e5 f6d7 f2f4 c7c5
[WORKER] 2026/03/06 14:41:07 worker.go:402: Получена строка от движка: info depth 5 seldepth 9 multipv 2 score cp -67 nodes 2747 nps 2747000 hashfull 0 tbhits 0 time 1 pv a7a6 g1f3 f8b4 e4e5 c7c5
[WORKER] 2026/03/06 14:41:07 worker.go:402: Получена строка от движка: info depth 5 seldepth 9 multipv 3 score cp -70 nodes 2747 nps 2747000 hashfull 0 tbhits 0 time 1 pv f8b4 e4e5 c7c5 a2a3 b4c3 b2c3
[WORKER] 2026/03/06 14:41:07 worker.go:402: Получена строка от движка: info depth 6 seldepth 7 multipv 1 score cp -54 nodes 3639 nps 1819500 hashfull 0 tbhits 0 time 2 pv g8f6 e4e5 f6d7 f2f4 c7c5 g1f3
[WORKER] 2026/03/06 14:41:07 worker.go:402: Получена строка от движка: info depth 6 seldepth 8 multipv 2 score cp -65 nodes 3639 nps 1819500 hashfull 0 tbhits 0 time 2 pv f8e7 f1d3 d5e4 c3e4 g8f6
[WORKER] 2026/03/06 14:41:07 worker.go:402: Получена строка от движка: info depth 6 seldepth 10 multipv 3 score cp -70 nodes 3639 nps 1819500 hashfull 0 tbhits 0 time 2 pv f8b4 e4e5 c7c5 a2a3 b4c3 b2c3
[WORKER] 2026/03/06 14:41:07 worker.go:402: Получена строка от движка: info depth 7 seldepth 9 multipv 1 score cp -51 nodes 5031 nps 1677000 hashfull 0 tbhits 0 time 3 pv g8f6 e4e5 f6d7 f2f4 c7c5 g1f3 b8c6
[WORKER] 2026/03/06 14:41:07 worker.go:402: Получена строка от движка: info depth 7 seldepth 9 multipv 2 score cp -63 nodes 5031 nps 1677000 hashfull 0 tbhits 0 time 3 pv f8e7 f1d3 d5e4 c3e4 g8f6 c2c3
[WORKER] 2026/03/06 14:41:07 worker.go:402: Получена строка от движка: info depth 7 seldepth 13 multipv 3 score cp -69 nodes 5031 nps 1677000 hashfull 0 tbhits 0 time 3 pv a7a6 g1f3 g8f6 e4e5 f6d7 c3e2
[WORKER] 2026/03/06 14:41:07 worker.go:402: Получена строка от движка: info depth 8 seldepth 21 multipv 1 score cp -52 nodes 7468 nps 1493600 hashfull 0 tbhits 0 time 5 pv g8f6 e4e5 f6d7 f2f4 c7c5 g1f3 b8c6 c1e3 a7a6 d1d2 b7b5
[WORKER] 2026/03/06 14:41:07 worker.go:402: Получена строка от движка: info depth 8 seldepth 11 multipv 2 score cp -60 nodes 7468 nps 1493600 hashfull 0 tbhits 0 time 5 pv f8e7 f1d3 d5e4 c3e4 g8f6 c2c3 f6e4 d3e4 c7c5
[WORKER] 2026/03/06 14:41:07 worker.go:402: Получена строка от движка: info depth 8 seldepth 13 multipv 3 score cp -66 nodes 7468 nps 1493600 hashfull 0 tbhits 0 time 5 pv a7a6 f1d3 c7c5 d4c5 f8c5 g1f3 g8f6 e4e5
[WORKER] 2026/03/06 14:41:07 worker.go:402: Получена строка от движка: info depth 9 seldepth 11 multipv 1 score cp -52 nodes 13094 nps 1309400 hashfull 1 tbhits 0 time 10 pv g8f6 e4e5 f6d7 f2f4 c7c5 g1f3 b8c6 c1e3 a7a6
[WORKER] 2026/03/06 14:41:07 worker.go:402: Получена строка от движка: info depth 9 seldepth 16 multipv 2 score cp -60 nodes 13094 nps 1309400 hashfull 1 tbhits 0 time 10 pv d5e4 c3e4 b8d7 g1f3 g8f6 f1d3 c7c5 e1g1 f6e4 d3e4
[WORKER] 2026/03/06 14:41:07 worker.go:402: Получена строка от движка: info depth 9 seldepth 14 multipv 3 score cp -66 nodes 13094 nps 1309400 hashfull 1 tbhits 0 time 10 pv f8e7 f1d3 d5e4 c3e4 b8d7 g1f3 g8f6 e1g1
[WORKER] 2026/03/06 14:41:07 worker.go:402: Получена строка от движка: info depth 10 seldepth 24 multipv 1 score cp -54 nodes 27264 nps 1009777 hashfull 5 tbhits 0 time 27 pv g8f6 e4e5 f6d7 f2f4 c7c5 g1f3 b8c6 c1e3 d8b6 c3a4 b6a5 c2c3 c5d4 b2b4 c6b4 c3b4 f8b4 e3d2 b4d2 f3d2
[WORKER] 2026/03/06 14:41:07 worker.go:402: Получена строка от движка: info depth 10 seldepth 18 multipv 2 score cp -56 nodes 27264 nps 1009777 hashfull 5 tbhits 0 time 27 pv f8e7 f1d3 d5e4 c3e4 g8f6 g1f3 b8d7 e4f6 e7f6
[WORKER] 2026/03/06 14:41:07 worker.go:402: Получена строка от движка: info depth 10 seldepth 19 multipv 3 score cp -57 nodes 27264 nps 1009777 hashfull 5 tbhits 0 time 27 pv d5e4 c3e4 b8d7 g1f3 g8f6 e4f6 d7f6 c1e3 f8e7
[WORKER] 2026/03/06 14:41:07 worker.go:402: Получена строка от движка: info depth 11 seldepth 20 multipv 1 score cp -51 nodes 34188 nps 1005529 hashfull 7 tbhits 0 time 34 pv d5e4 c3e4 b8d7 c2c3 g8f6 f1d3 f6e4 d3e4 c7c5 g1f3 d7f6 e4c2 d8c7
[WORKER] 2026/03/06 14:41:07 worker.go:402: Получена строка от движка: info depth 11 seldepth 21 multipv 2 score cp -54 nodes 34188 nps 976800 hashfull 7 tbhits 0 time 35 pv g8f6 e4e5 f6d7 f2f4 c7c5 g1f3 b8c6 c1e3 d8b6 c3a4 b6a5 c2c3 c5d4 b2b4 c6b4 c3b4 f8b4 e3d2 b4d2 f3d2
[WORKER] 2026/03/06 14:41:07 worker.go:402: Получена строка от движка: info depth 11 seldepth 16 multipv 3 score cp -55 nodes 34188 nps 976800 hashfull 7 tbhits 0 time 35 pv f8e7 f1d3 d5e4 c3e4 g8f6 g1f3 f6e4 d3e4 b8d7 e1g1 c7c5 d1e2 e8g8
[WORKER] 2026/03/06 14:41:07 worker.go:402: Получена строка от движка: info depth 12 seldepth 30 multipv 1 score cp -50 nodes 55468 nps 940135 hashfull 14 tbhits 0 time 59 pv g8f6 e4e5 f6d7 f2f4 c7c5 g1f3 b8c6 c1e3 f8e7 d1d2 a7a6 d4c5 e7c5 e1c1 b7b5 c3e2 b5b4 e2d4 d8b6 h2h4 a6a5 h4h5 a5a4 c1b1 h7h6
[WORKER] 2026/03/06 14:41:07 worker.go:402: Получена строка от движка: info depth 12 seldepth 19 multipv 2 score cp -52 nodes 55468 nps 940135 hashfull 14 tbhits 0 time 59 pv d5e4 c3e4 b8d7 g1f3 g8f6 e4f6 d7f6 f3e5 f8d6 f1d3 c7c5
[WORKER] 2026/03/06 14:41:07 worker.go:402: Получена строка от движка: info depth 12 seldepth 16 multipv 3 score cp -57 nodes 55468 nps 940135 hashfull 14 tbhits 0 time 59 pv f8e7 e4e5 c7c5 d1g4 g7g5 h2h4 h7h5 g4g3 c5d4 c3b5 g5g4
[WORKER] 2026/03/06 14:41:07 worker.go:402: Получена строка от движка: info depth 13 seldepth 26 multipv 1 score cp -50 nodes 111875 nps 847537 hashfull 36 tbhits 0 time 132 pv d5e4 c3e4 b8d7 f1d3 g8f6 e4f6 d7f6 g1f3 c7c5 c1e3 d8c7 d1e2 c8d7 f3e5
[WORKER] 2026/03/06 14:41:07 worker.go:402: Получена строка от движка: info depth 13 seldepth 30 multipv 2 score cp -52 nodes 111875 nps 847537 hashfull 36 tbhits 0 time 132 pv g8f6 e4e5 f6d7 f2f4 c7c5 g1f3 b8c6 c1e3 f8e7 d1d2 a7a6 d4c5 e7c5 e1c1 b7b5 f4f5 e8g8
[WORKER] 2026/03/06 14:41:07 worker.go:402: Получена строка от движка: info depth 13 seldepth 21 multipv 3 score cp -58 nodes 111875 nps 847537 hashfull 36 tbhits 0 time 132 pv f8e7 e4e5 c7c5 d1g4 e8f8 g1f3 h7h5 g4f4 b7b6 c1d2 b8c6 e1c1 c5c4 h2h4
[WORKER] 2026/03/06 14:41:07 worker.go:402: Получена строка от движка: info depth 14 seldepth 24 multipv 1 score cp -52 nodes 201274 nps 801888 hashfull 66 tbhits 0 time 251 pv g8f6 e4e5 f6d7 f2f4 c7c5 g1f3 b8c6 c1e3 f8e7 d1d2 a7a6 d4c5 e7c5 e1c1 b7b5 f4f5 b5b4 c3a4 c5e3 d2e3 e8g8
[WORKER] 2026/03/06 14:41:07 worker.go:402: Получена строка от движка: info depth 14 seldepth 25 multipv 2 score cp -54 nodes 201274 nps 801888 hashfull 66 tbhits 0 time 251 pv a7a6 h2h4 d5e4 c3e4 b8d7 f1d3 d7f6
[WORKER] 2026/03/06 14:41:07 worker.go:402: Получена строка от движка: info depth 14 seldepth 30 multipv 3 score cp -56 nodes 201274 nps 801888 hashfull 66 tbhits 0 time 251 pv d5e4 c3e4 b8d7 c1e3 f8e7 g1f3 g8f6 e4f6 e7f6 f1d3 c7c5 c2c3 c5d4 f3d4 e8g8 d1c2
[WORKER] 2026/03/06 14:41:08 worker.go:402: Получена строка от движка: info depth 15 seldepth 21 multipv 1 score cp -52 nodes 365978 nps 777023 hashfull 130 tbhits 0 time 471 pv g8f6 e4e5 f6d7 f2f4 c7c5 g1f3 b8c6 c1e3 f8e7 d1d2 a7a6 d4c5 e7c5 e1c1 b7b5 f4f5 b5b4 c3a4 c5e3
[WORKER] 2026/03/06 14:41:08 worker.go:402: Получена строка от движка: info depth 15 seldepth 25 multipv 2 score cp -54 nodes 365978 nps 777023 hashfull 130 tbhits 0 time 471 pv d5e4 c3e4 b8d7 g1f3 g8f6 e4f6 d7f6 f1d3 c7c5 c1e3 d8c7 d1e2 f8e7 e1c1 c8d7 d4c5
[WORKER] 2026/03/06 14:41:08 worker.go:402: Получена строка от движка: info depth 15 seldepth 29 multipv 3 score cp -68 nodes 365978 nps 777023 hashfull 130 tbhits 0 time 471 pv a7a6 c1e3 g8f6 f1d3 d5e4 c3e4 f6e4 d3e4 b8d7 c2c3
[WORKER] 2026/03/06 14:41:08 worker.go:402: Получена строка от движка: info depth 16 seldepth 23 multipv 1 score cp -52 nodes 435627 nps 777905 hashfull 152 tbhits 0 time 560 pv g8f6 e4e5 f6d7 f2f4 c7c5 g1f3 b8c6 c1e3 f8e7 d1d2 a7a6 d4c5 e7c5 e1c1 b7b5 f4f5 b5b4 c3a4 c5e3 d2e3 e8g8
[WORKER] 2026/03/06 14:41:08 worker.go:402: Получена строка от движка: info depth 16 seldepth 32 multipv 2 score cp -58 nodes 435627 nps 777905 hashfull 152 tbhits 0 time 560 pv d5e4 c3e4 b8d7 g1f3 g8f6 e4f6 d7f6 f1d3 c7c5 c1e3 d8c7 d1e2 c8d7 e1c1 f8e7 f3e5 e8g8 e5d7 f6d7 c1b1
[WORKER] 2026/03/06 14:41:08 worker.go:402: Получена строка от движка: info depth 16 seldepth 32 multipv 3 score cp -63 nodes 435627 nps 777905 hashfull 152 tbhits 0 time 560 pv a7a6 c1e3 g8f6 f1d3 d5e4 c3e4 f6e4 d3e4 b8d7 g1f3 d7f6 e4d3 f8e7 d1e2 e8g8 e1c1 b7b5 h2h4 c8b7 h4h5 h7h6
[WORKER] 2026/03/06 14:41:08 worker.go:402: Получена строка от движка: bestmove g8f6 ponder e4e5
[WORKER] 2026/03/06 14:41:08 worker.go:518: Анализ позиции: 1 тактических ходов из 34 возможных
[WORKER] 2026/03/06 14:41:08 worker.go:179: Полуход 6. Ход черных: 0.7 сек (оценка: 52)
[WORKER] 2026/03/06 14:41:08 worker.go:402: Получена строка от движка: info string Available processors: 0-11
[WORKER] 2026/03/06 14:41:08 worker.go:402: Получена строка от движка: info string Using 1 thread
[WORKER] 2026/03/06 14:41:08 worker.go:402: Получена строка от движка: info string NNUE evaluation using nn-c288c895ea92.nnue (125MiB, (102384, 1024, 15, 32, 1))
[WORKER] 2026/03/06 14:41:08 worker.go:402: Получена строка от движка: info string NNUE evaluation using nn-37f18f62d772.nnue (6MiB, (22528, 128, 15, 32, 1))
[WORKER] 2026/03/06 14:41:08 worker.go:402: Получена строка от движка: info string Network replica 1: Shared memory.
[WORKER] 2026/03/06 14:41:08 worker.go:402: Получена строка от движка: info depth 1 seldepth 5 multipv 1 score cp 63 nodes 234 nps 234000 hashfull 0 tbhits 0 time 1 pv e4e5
[WORKER] 2026/03/06 14:41:08 worker.go:402: Получена строка от движка: info depth 1 seldepth 7 multipv 2 score cp 60 nodes 234 nps 234000 hashfull 0 tbhits 0 time 1 pv d1g4
[WORKER] 2026/03/06 14:41:08 worker.go:402: Получена строка от движка: info depth 1 seldepth 6 multipv 3 score cp 51 nodes 234 nps 234000 hashfull 0 tbhits 0 time 1 pv f1d3 d5e4 d3e4
[WORKER] 2026/03/06 14:41:08 worker.go:402: Получена строка от движка: info depth 2 seldepth 4 multipv 1 score cp 73 nodes 1017 nps 1017000 hashfull 0 tbhits 0 time 1 pv e4e5
[WORKER] 2026/03/06 14:41:08 worker.go:402: Получена строка от движка: info depth 2 seldepth 6 multipv 2 score cp 45 nodes 1017 nps 1017000 hashfull 0 tbhits 0 time 1 pv e4d5 e6d5 f1d3
[WORKER] 2026/03/06 14:41:08 worker.go:402: Получена строка от движка: info depth 2 seldepth 6 multipv 3 score cp 30 nodes 1017 nps 1017000 hashfull 0 tbhits 0 time 1 pv d1d3
[WORKER] 2026/03/06 14:41:08 worker.go:402: Получена строка от движка: info depth 3 seldepth 9 multipv 1 score cp 73 nodes 1764 nps 1764000 hashfull 0 tbhits 0 time 1 pv e4e5 c7c5 d1g4 g8e7
[WORKER] 2026/03/06 14:41:08 worker.go:402: Получена строка от движка: info depth 3 seldepth 6 multipv 2 score cp 45 nodes 1764 nps 1764000 hashfull 0 tbhits 0 time 1 pv e4d5 e6d5 f1d3
[WORKER] 2026/03/06 14:41:08 worker.go:402: Получена строка от движка: info depth 3 seldepth 6 multipv 3 score cp 22 nodes 1764 nps 1764000 hashfull 0 tbhits 0 time 1 pv d1g4 g8f6 g4g7
[WORKER] 2026/03/06 14:41:08 worker.go:402: Получена строка от движка: info depth 4 seldepth 6 multipv 1 score cp 73 nodes 2979 nps 1489500 hashfull 0 tbhits 0 time 2 pv e4e5 c7c5 d1g4 g8e7
[WORKER] 2026/03/06 14:41:08 worker.go:402: Получена строка от движка: info depth 4 seldepth 5 multipv 2 score cp 43 nodes 2979 nps 1489500 hashfull 0 tbhits 0 time 2 pv e4d5 e6d5 f1d3 g8f6
[WORKER] 2026/03/06 14:41:08 worker.go:402: Получена строка от движка: info depth 4 seldepth 11 multipv 3 score cp 10 nodes 2979 nps 1489500 hashfull 0 tbhits 0 time 2 pv f1d3 d5e4 d3e4 g8f6 e4d3 c7c5 a2a3
[WORKER] 2026/03/06 14:41:08 worker.go:402: Получена строка от движка: info depth 5 seldepth 9 multipv 1 score cp 69 nodes 4507 nps 2253500 hashfull 0 tbhits 0 time 2 pv e4e5 c7c5 a2a3 b4c3 b2c3
[WORKER] 2026/03/06 14:41:08 worker.go:402: Получена строка от движка: info depth 5 seldepth 10 multipv 2 score cp 49 nodes 4507 nps 2253500 hashfull 0 tbhits 0 time 2 pv d1g4 g8f6 g4g7
[WORKER] 2026/03/06 14:41:08 worker.go:402: Получена строка от движка: info depth 5 seldepth 9 multipv 3 score cp 25 nodes 4507 nps 2253500 hashfull 0 tbhits 0 time 2 pv e4d5 e6d5 g1f3 g8e7
[WORKER] 2026/03/06 14:41:08 worker.go:402: Получена строка от движка: info depth 6 seldepth 7 multipv 1 score cp 68 nodes 5267 nps 1755666 hashfull 0 tbhits 0 time 3 pv e4e5 c7c5 a2a3 b4c3 b2c3 c5c4
[WORKER] 2026/03/06 14:41:08 worker.go:402: Получена строка от движка: info depth 6 seldepth 10 multipv 2 score cp 52 nodes 5267 nps 1755666 hashfull 0 tbhits 0 time 3 pv d1g4 g8f6 g4g7 h8g8 g7h6 d5e4 g1e2 g8g6
[WORKER] 2026/03/06 14:41:08 worker.go:402: Получена строка от движка: info depth 6 seldepth 8 multipv 3 score cp 25 nodes 5267 nps 1755666 hashfull 0 tbhits 0 time 3 pv e4d5 e6d5 g1f3 c8g4
[WORKER] 2026/03/06 14:41:08 worker.go:402: Получена строка от движка: info depth 7 seldepth 10 multipv 1 score cp 68 nodes 7051 nps 1762750 hashfull 0 tbhits 0 time 4 pv e4e5 c7c5 d1g4 g8e7 a2a3 b4c3 b2c3 e8g8
[WORKER] 2026/03/06 14:41:08 worker.go:402: Получена строка от движка: info depth 7 seldepth 10 multipv 2 score cp 52 nodes 7051 nps 1762750 hashfull 0 tbhits 0 time 4 pv d1g4 g8f6 g4g7 h8g8 g7h6 d5e4 g1e2
[WORKER] 2026/03/06 14:41:08 worker.go:402: Получена строка от движка: info depth 7 seldepth 11 multipv 3 score cp 41 nodes 7051 nps 1762750 hashfull 0 tbhits 0 time 4 pv e4d5 e6d5 f1d3 g8f6 a2a3 b4d6
[WORKER] 2026/03/06 14:41:08 worker.go:402: Получена строка от движка: info depth 8 seldepth 11 multipv 1 score cp 77 nodes 13214 nps 1468222 hashfull 2 tbhits 0 time 9 pv e4e5 c7c5 d1g4 g8e7 a2a3 b4c3 b2c3
[WORKER] 2026/03/06 14:41:08 worker.go:402: Получена строка от движка: info depth 8 seldepth 13 multipv 2 score cp 32 nodes 13214 nps 1468222 hashfull 2 tbhits 0 time 9 pv e4d5 e6d5 a2a3 b4e7
[WORKER] 2026/03/06 14:41:08 worker.go:402: Получена строка от движка: info depth 8 seldepth 12 multipv 3 score cp 20 nodes 13214 nps 1468222 hashfull 2 tbhits 0 time 9 pv d1d3 d5e4 d3e4 g8f6 e4h4 b8d7 f1d3
[WORKER] 2026/03/06 14:41:08 worker.go:402: Получена строка от движка: info depth 9 seldepth 11 multipv 1 score cp 83 nodes 19613 nps 1153705 hashfull 4 tbhits 0 time 17 pv e4e5 c7c5 d1g4 g8e7 a2a3 b4c3 b2c3 e8g8
[WORKER] 2026/03/06 14:41:08 worker.go:402: Получена строка от движка: info depth 9 seldepth 13 multipv 2 score cp 43 nodes 19613 nps 1153705 hashfull 4 tbhits 0 time 17 pv e4d5 e6d5 f1d3 g8f6 a2a3 b4e7 g1f3 e8g8 h2h3 f8e8 e1g1
[WORKER] 2026/03/06 14:41:08 worker.go:402: Получена строка от движка: info depth 9 seldepth 14 multipv 3 score cp 24 nodes 19613 nps 1153705 hashfull 4 tbhits 0 time 17 pv f1d3 d5e4 d3e4 g8f6 e4f3 b8c6 g1e2 b4c3 b2c3 e8g8
[WORKER] 2026/03/06 14:41:08 worker.go:402: Получена строка от движка: info depth 10 seldepth 15 multipv 1 score cp 96 nodes 30303 nps 1082250 hashfull 5 tbhits 0 time 28 pv e4e5 c7c5 d1g4 g8e7 a2a3 b4c3 b2c3 e8g8
[WORKER] 2026/03/06 14:41:08 worker.go:402: Получена строка от движка: info depth 10 seldepth 17 multipv 2 score cp 48 nodes 30303 nps 1082250 hashfull 5 tbhits 0 time 28 pv e4d5 e6d5 f1d3 g8e7 a2a3 b4c3 b2c3 c8f5 g1e2
[WORKER] 2026/03/06 14:41:08 worker.go:402: Получена строка от движка: info depth 10 seldepth 15 multipv 3 score cp 26 nodes 30303 nps 1082250 hashfull 5 tbhits 0 time 28 pv f1d3 d5e4 d3e4 g8f6 e4f3 b8d7 g1e2 e8g8
[WORKER] 2026/03/06 14:41:08 worker.go:402: Получена строка от движка: info depth 11 seldepth 15 multipv 1 score cp 98 nodes 38996 nps 1053945 hashfull 9 tbhits 0 time 37 pv e4e5 c7c5 a2a3 b4c3 b2c3 d8a5 c1d2 a5a4 d1g4 g7g6 g1f3
[WORKER] 2026/03/06 14:41:08 worker.go:402: Получена строка от движка: info depth 11 seldepth 18 multipv 2 score cp 41 nodes 38996 nps 1053945 hashfull 9 tbhits 0 time 37 pv e4d5 e6d5 f1d3 g8f6 a2a3 b4c3 b2c3 e8g8 g1e2 b8d7 e1g1 f8e8 e2g3
[WORKER] 2026/03/06 14:41:08 worker.go:402: Получена строка от движка: info depth 11 seldepth 16 multipv 3 score cp 34 nodes 38996 nps 1026210 hashfull 9 tbhits 0 time 38 pv f1d3 d5e4 d3e4 g8f6 e4f3 b4c3 b2c3 e8g8 g1e2 b8d7 e1g1 f8e8
[WORKER] 2026/03/06 14:41:08 worker.go:402: Получена строка от движка: info depth 12 seldepth 21 multipv 1 score cp 85 nodes 79573 nps 925267 hashfull 27 tbhits 0 time 86 pv e4e5 c7c5 d1g4 g8e7 a2a3 b4c3 b2c3 d8a5 c1d2 e8g8 f1d3 f7f5 e5f6 f8f6
[WORKER] 2026/03/06 14:41:08 worker.go:402: Получена строка от движка: info depth 12 seldepth 22 multipv 2 score cp 32 nodes 79573 nps 925267 hashfull 27 tbhits 0 time 86 pv e4d5 e6d5 f1d3 g8f6 g1e2 h7h6 e1g1 e8g8 a2a3 b4e7 f1e1
[WORKER] 2026/03/06 14:41:08 worker.go:402: Получена строка от движка: info depth 12 seldepth 21 multipv 3 score cp 31 nodes 79573 nps 925267 hashfull 27 tbhits 0 time 86 pv f1d3 d5e4 d3e4 g8f6 e4f3 c7c5 g1e2 b8c6 a2a3 b4c3 b2c3 h7h6 e1g1 c5d4 e2d4
[WORKER] 2026/03/06 14:41:08 worker.go:402: Получена строка от движка: info depth 13 seldepth 24 multipv 1 score cp 87 nodes 151237 nps 884426 hashfull 54 tbhits 0 time 171 pv e4e5 c7c5 a2a3 b4c3 b2c3 d8a5 c1d2 a5a4 d1g4 e8f8 h2h4 h7h5 g4f4 b8c6 g1f3
[WORKER] 2026/03/06 14:41:08 worker.go:402: Получена строка от движка: info depth 13 seldepth 29 multipv 2 score cp 44 nodes 151237 nps 884426 hashfull 54 tbhits 0 time 171 pv a2a3 b4c3 b2c3 d5e4 d1g4 g8f6 g4g7 h8g8 g7h6 b8d7 g1e2 c7c5 e2g3 g8g6 h6e3 d8a5 f1e2
[WORKER] 2026/03/06 14:41:08 worker.go:402: Получена строка от движка: info depth 13 seldepth 20 multipv 3 score cp 30 nodes 151237 nps 884426 hashfull 54 tbhits 0 time 171 pv f1d3 d5e4 d3e4 g8f6 e4f3 c7c5 g1e2 b8c6 a2a3 b4c3 b2c3 h7h6 e1g1 c5d4 c3d4 c8d7 c2c4 c6a5 d1d3
[WORKER] 2026/03/06 14:41:08 worker.go:402: Получена строка от движка: info depth 14 seldepth 17 multipv 1 score cp 88 nodes 249299 nps 850849 hashfull 87 tbhits 0 time 293 pv e4e5 c7c5 a2a3 b4c3 b2c3 d8a5 c1d2 a5a4 d1g4 e8f8 h2h4 h7h5 g4f4 a4c2
[WORKER] 2026/03/06 14:41:08 worker.go:402: Получена строка от движка: info depth 14 seldepth 28 multipv 2 score cp 45 nodes 249299 nps 850849 hashfull 87 tbhits 0 time 293 pv d1g4 g8f6 g4g7 h8g8 g7h6 g8g6 h6e3 c7c5 e4e5 f6e4 g1e2 b8c6 f2f3 c5d4 e2d4 b4c5 f1b5
[WORKER] 2026/03/06 14:41:08 worker.go:402: Получена строка от движка: info depth 14 seldepth 27 multipv 3 score cp 26 nodes 249299 nps 850849 hashfull 87 tbhits 0 time 293 pv f1d3 d5e4 d3e4 g8f6 e4f3 c7c5 g1e2 b8c6 a2a3 b4c3 b2c3 c5d4 c3d4 c8d7 e1g1 c6a5 a1b1 e8g8 c1g5 h7h6 g5h4 a8c8 f3b7 a5b7 b1b7 g7g5
[WORKER] 2026/03/06 14:41:08 worker.go:402: Получена строка от движка: info depth 15 seldepth 32 multipv 1 score cp 64 nodes 463542 nps 821882 hashfull 159 tbhits 0 time 564 pv e4e5 c7c5 a2a3 b4c3 b2c3 d8c7 c1d2 g8e7 f1d3 c5c4 d3e2 c8d7
[WORKER] 2026/03/06 14:41:08 worker.go:402: Получена строка от движка: info depth 15 seldepth 31 multipv 2 score cp 40 nodes 463542 nps 821882 hashfull 159 tbhits 0 time 564 pv e4d5 e6d5 a2a3 b4c3 b2c3 g8f6 f1d3 e8g8 g1e2 f8e8 e1g1 b8d7 e2g3 c7c5 d1f3 h7h6 d3f5 c5d4 c3d4
[WORKER] 2026/03/06 14:41:08 worker.go:402: Получена строка от движка: info depth 15 seldepth 30 multipv 3 score cp 22 nodes 463542 nps 821882 hashfull 159 tbhits 0 time 564 pv g1e2 d5e4 a2a3 b4c3 e2c3 b8c6 f1b5 g8e7 c1e3 e8g8 d1d2 e7d5 c3e4 c6e7 e4g3 f7f5 e3g5 h7h6 g5e7 d8e7 b5c4
[WORKER] 2026/03/06 14:41:08 worker.go:402: Получена строка от движка: info depth 16 seldepth 27 multipv 1 score cp 72 nodes 642483 nps 811215 hashfull 227 tbhits 0 time 792 pv e4e5 g8e7 a2a3 b4c3 b2c3 c7c5 h2h4 b8c6 h4h5 h7h6 d1g4 h8g8 f1d3 f7f5 g4g3 d8a5 c1d2
[WORKER] 2026/03/06 14:41:08 worker.go:402: Получена строка от движка: info depth 16 seldepth 31 multipv 2 score cp 32 nodes 642483 nps 811215 hashfull 227 tbhits 0 time 792 pv e4d5 e6d5 a2a3 b4c3 b2c3 c8f5 a3a4 b8c6 g1f3 g8f6 f1d3 f5d3
[WORKER] 2026/03/06 14:41:08 worker.go:402: Получена строка от движка: info depth 16 seldepth 33 multipv 3 score cp 26 nodes 642483 nps 811215 hashfull 227 tbhits 0 time 792 pv g1e2 d5e4 a2a3 b4c3 e2c3 b8c6 f1b5 g8e7 c1e3 a7a6 b5c6 e7c6 d1d2 f7f5 e1c1 c6e7 h2h4
[WORKER] 2026/03/06 14:41:08 worker.go:402: Получена строка от движка: bestmove e4e5 ponder g8e7
[WORKER] 2026/03/06 14:41:08 worker.go:518: Анализ позиции: 2 тактических ходов из 33 возможных
[WORKER] 2026/03/06 14:41:08 worker.go:179: Полуход 7. Ход белых: 0.6 сек (оценка: 72)
[WORKER] 2026/03/06 14:41:08 worker.go:402: Получена строка от движка: info string Available processors: 0-11
[WORKER] 2026/03/06 14:41:08 worker.go:402: Получена строка от движка: info string Using 1 thread
[WORKER] 2026/03/06 14:41:08 worker.go:402: Получена строка от движка: info string NNUE evaluation using nn-c288c895ea92.nnue (125MiB, (102384, 1024, 15, 32, 1))
[WORKER] 2026/03/06 14:41:08 worker.go:402: Получена строка от движка: info string NNUE evaluation using nn-37f18f62d772.nnue (6MiB, (22528, 128, 15, 32, 1))
[WORKER] 2026/03/06 14:41:08 worker.go:402: Получена строка от движка: info string Network replica 1: Shared memory.
[WORKER] 2026/03/06 14:41:08 worker.go:402: Получена строка от движка: info depth 1 seldepth 5 multipv 1 score cp -32 nodes 140 nps 140000 hashfull 0 tbhits 0 time 1 pv e6d5
[WORKER] 2026/03/06 14:41:08 worker.go:402: Получена строка от движка: info depth 1 seldepth 2 multipv 2 score cp -58 nodes 140 nps 140000 hashfull 0 tbhits 0 time 1 pv d8d5
[WORKER] 2026/03/06 14:41:08 worker.go:402: Получена строка от движка: info depth 1 seldepth 6 multipv 3 score cp -86 nodes 140 nps 140000 hashfull 0 tbhits 0 time 1 pv g8f6 d5e6 c8e6
[WORKER] 2026/03/06 14:41:08 worker.go:402: Получена строка от движка: info depth 2 seldepth 5 multipv 1 score cp -32 nodes 792 nps 792000 hashfull 0 tbhits 0 time 1 pv e6d5 a2a3
[WORKER] 2026/03/06 14:41:08 worker.go:402: Получена строка от движка: info depth 2 seldepth 8 multipv 2 score cp -68 nodes 792 nps 792000 hashfull 0 tbhits 0 time 1 pv b4c3 b2c3 e6d5
[WORKER] 2026/03/06 14:41:08 worker.go:402: Получена строка от движка: info depth 2 seldepth 5 multipv 3 score cp -74 nodes 792 nps 792000 hashfull 0 tbhits 0 time 1 pv d8d5 g1f3 b4c3 b2c3
[WORKER] 2026/03/06 14:41:08 worker.go:402: Получена строка от движка: info depth 3 seldepth 5 multipv 1 score cp -35 nodes 1471 nps 1471000 hashfull 0 tbhits 0 time 1 pv e6d5 a2a3 b4c3 b2c3
[WORKER] 2026/03/06 14:41:08 worker.go:402: Получена строка от движка: info depth 3 seldepth 5 multipv 2 score cp -66 nodes 1471 nps 1471000 hashfull 0 tbhits 0 time 1 pv d8d5 g1f3 g8f6
[WORKER] 2026/03/06 14:41:08 worker.go:402: Получена строка от движка: info depth 3 seldepth 4 multipv 3 score cp -86 nodes 1471 nps 1471000 hashfull 0 tbhits 0 time 1 pv b4c3 b2c3 e6d5
[WORKER] 2026/03/06 14:41:08 worker.go:402: Получена строка от движка: info depth 4 seldepth 5 multipv 1 score cp -35 nodes 1946 nps 1946000 hashfull 0 tbhits 0 time 1 pv e6d5 a2a3 b4c3 b2c3
[WORKER] 2026/03/06 14:41:08 worker.go:402: Получена строка от движка: info depth 4 seldepth 7 multipv 2 score cp -67 nodes 1946 nps 1946000 hashfull 0 tbhits 0 time 1 pv b4c3 b2c3 e6d5 f1d3
[WORKER] 2026/03/06 14:41:08 worker.go:402: Получена строка от движка: info depth 4 seldepth 5 multipv 3 score cp -73 nodes 1946 nps 1946000 hashfull 0 tbhits 0 time 1 pv d8d5 g1f3 b4c3 b2c3
[WORKER] 2026/03/06 14:41:08 worker.go:402: Получена строка от движка: info depth 5 seldepth 6 multipv 1 score cp -32 nodes 2479 nps 2479000 hashfull 0 tbhits 0 time 1 pv e6d5 a2a3 b4c3 b2c3 c8f5
[WORKER] 2026/03/06 14:41:08 worker.go:402: Получена строка от движка: info depth 5 seldepth 6 multipv 2 score cp -64 nodes 2479 nps 2479000 hashfull 0 tbhits 0 time 1 pv b4c3 b2c3 e6d5 g1f3
[WORKER] 2026/03/06 14:41:08 worker.go:402: Получена строка от движка: info depth 5 seldepth 7 multipv 3 score cp -79 nodes 2479 nps 2479000 hashfull 0 tbhits 0 time 1 pv d8d5 g1f3 b4c3 b2c3 g8f6
[WORKER] 2026/03/06 14:41:08 worker.go:402: Получена строка от движка: info depth 6 seldepth 7 multipv 1 score cp -32 nodes 3622 nps 1811000 hashfull 1 tbhits 0 time 2 pv e6d5 a2a3 b4c3 b2c3 c8f5 a3a4
[WORKER] 2026/03/06 14:41:08 worker.go:402: Получена строка от движка: info depth 6 seldepth 10 multipv 2 score cp -61 nodes 3622 nps 1811000 hashfull 1 tbhits 0 time 2 pv b4c3 b2c3 e6d5 c1a3 g8f6 g1f3
[WORKER] 2026/03/06 14:41:08 worker.go:402: Получена строка от движка: info depth 6 seldepth 8 multipv 3 score cp -83 nodes 3622 nps 1811000 hashfull 1 tbhits 0 time 2 pv d8d5 g1f3 b4c3 b2c3 g8f6 c1a3
[WORKER] 2026/03/06 14:41:08 worker.go:402: Получена строка от движка: info depth 7 seldepth 8 multipv 1 score cp -32 nodes 5473 nps 1824333 hashfull 1 tbhits 0 time 3 pv e6d5 a2a3 b4c3 b2c3 c8f5 a3a4 b8c6
[WORKER] 2026/03/06 14:41:08 worker.go:402: Получена строка от движка: info depth 7 seldepth 11 multipv 2 score cp -78 nodes 5473 nps 1824333 hashfull 1 tbhits 0 time 3 pv g8f6 d5e6 c8e6 f1d3 c7c5 d4c5 b8d7
[WORKER] 2026/03/06 14:41:08 worker.go:402: Получена строка от движка: info depth 7 seldepth 9 multipv 3 score cp -81 nodes 5473 nps 1824333 hashfull 1 tbhits 0 time 3 pv d8d5 g1f3 b4c3 b2c3 g8f6 f1d3
[WORKER] 2026/03/06 14:41:09 worker.go:402: Получена строка от движка: info depth 8 seldepth 12 multipv 1 score cp -32 nodes 16983 nps 1132200 hashfull 4 tbhits 0 time 15 pv e6d5 a2a3 b4c3 b2c3 c8f5 a3a4 b8c6 g1f3 g8f6 f1d3
[WORKER] 2026/03/06 14:41:09 worker.go:402: Получена строка от движка: info depth 8 seldepth 15 multipv 2 score cp -83 nodes 16983 nps 1132200 hashfull 4 tbhits 0 time 15 pv d8d5 d1g4 b4c3 b2c3 g8e7 f1d3
[WORKER] 2026/03/06 14:41:09 worker.go:402: Получена строка от движка: info depth 8 seldepth 13 multipv 3 score cp -91 nodes 16983 nps 1132200 hashfull 4 tbhits 0 time 15 pv g8f6 d5e6 c8e6 f1d3 c7c5 d4c5 e8g8 g1f3
[WORKER] 2026/03/06 14:41:09 worker.go:402: Получена строка от движка: info depth 9 seldepth 13 multipv 1 score cp -27 nodes 23476 nps 1067090 hashfull 6 tbhits 0 time 22 pv e6d5 a2a3 b4c3 b2c3 c8f5 g1f3 g8f6 f1d3
[WORKER] 2026/03/06 14:41:09 worker.go:402: Получена строка от движка: info depth 9 seldepth 13 multipv 2 score cp -83 nodes 23476 nps 1067090 hashfull 6 tbhits 0 time 22 pv d8d5 d1g4 b4c3 b2c3 g8e7 g1f3
[WORKER] 2026/03/06 14:41:09 worker.go:402: Получена строка от движка: info depth 9 seldepth 14 multipv 3 score cp -86 nodes 23476 nps 1067090 hashfull 6 tbhits 0 time 22 pv g8f6 d5e6 c8e6 f1d3 c7c5 d4c5 b8d7 g1e2 e8g8 e1g1 d7c5 e2f4
[WORKER] 2026/03/06 14:41:09 worker.go:402: Получена строка от движка: info depth 10 seldepth 18 multipv 1 score cp -27 nodes 36017 nps 973432 hashfull 10 tbhits 0 time 37 pv e6d5 a2a3 b4c3 b2c3 d8e7 f1e2 g8f6 a3a4 f6e4 c1a3
[WORKER] 2026/03/06 14:41:09 worker.go:402: Получена строка от движка: info depth 10 seldepth 24 multipv 2 score cp -74 nodes 36017 nps 973432 hashfull 10 tbhits 0 time 37 pv g8f6 d5e6 c8e6 g1f3 e8g8 f1d3 c7c5 d4c5 b8d7
[WORKER] 2026/03/06 14:41:09 worker.go:402: Получена строка от движка: info depth 10 seldepth 21 multipv 3 score cp -79 nodes 36017 nps 973432 hashfull 10 tbhits 0 time 37 pv d8d5 d1g4 b8c6 g1e2 b4c3 b2c3 g8e7 g4g7 h8g8 g7h7 e6e5 e2g3 d5a5 c1d2 c8e6 f1d3 e8c8 e1g1 e5d4
[WORKER] 2026/03/06 14:41:09 worker.go:402: Получена строка от движка: info depth 11 seldepth 32 multipv 1 score cp -30 nodes 71018 nps 887725 hashfull 19 tbhits 0 time 80 pv e6d5 f1d3 g8f6 a2a3 b4c3 b2c3 e8g8 g1e2 b7b6 e1g1 c7c5 d4c5 b6c5 e2g3 c5c4 d3f5 c8e6
[WORKER] 2026/03/06 14:41:09 worker.go:402: Получена строка от движка: info depth 11 seldepth 23 multipv 2 score cp -76 nodes 71018 nps 887725 hashfull 19 tbhits 0 time 80 pv g8f6 d5e6 c8e6 f1d3 c7c5 d4c5 b8d7 g1e2 e8g8 a2a3 b4c5 c1f4 f6h5
[WORKER] 2026/03/06 14:41:09 worker.go:402: Получена строка от движка: info depth 11 seldepth 16 multipv 3 score cp -77 nodes 71018 nps 887725 hashfull 19 tbhits 0 time 80 pv d8d5 d1g4 b8c6 g1e2 b4c3 b2c3 g8e7 g4g7 h8g8 g7h7 e6e5
[WORKER] 2026/03/06 14:41:09 worker.go:402: Получена строка от движка: info depth 12 seldepth 30 multipv 1 score cp -32 nodes 80102 nps 900022 hashfull 21 tbhits 0 time 89 pv e6d5 f1d3 g8f6 a2a3 b4c3 b2c3 e8g8 g1e2 b7b6 e1g1 c7c5 d4c5 b6c5 e2g3 c5c4 d3f5 c8e6 c1e3 b8c6
[WORKER] 2026/03/06 14:41:09 worker.go:402: Получена строка от движка: info depth 12 seldepth 16 multipv 2 score cp -76 nodes 80102 nps 900022 hashfull 21 tbhits 0 time 89 pv g8f6 d5e6 c8e6 g1f3 e8g8 f1e2 c7c5 e1g1 b8c6 d4c5 b4c5 d1d8 f8d8
[WORKER] 2026/03/06 14:41:09 worker.go:402: Получена строка от движка: info depth 12 seldepth 15 multipv 3 score cp -77 nodes 80102 nps 900022 hashfull 21 tbhits 0 time 89 pv d8d5 d1g4 b8c6 g1e2 b4c3 b2c3 g8e7 g4g7 h8g8 g7h7 e6e5 e2g3 e5d4
[WORKER] 2026/03/06 14:41:09 worker.go:402: Получена строка от движка: info depth 13 seldepth 29 multipv 1 score cp -32 nodes 159508 nps 817989 hashfull 52 tbhits 0 time 195 pv e6d5 f1d3 g8f6 a2a3 b4c3 b2c3 e8g8 g1e2 b7b6 e1g1 c7c5 e2g3
[WORKER] 2026/03/06 14:41:09 worker.go:402: Получена строка от движка: info depth 13 seldepth 27 multipv 2 score cp -77 nodes 159508 nps 817989 hashfull 52 tbhits 0 time 195 pv g8f6 d5e6 c8e6 g1f3 e8g8 f1d3 c7c5 e1g1 h7h6 d4c5 b8d7 c1e3 d7c5
[WORKER] 2026/03/06 14:41:09 worker.go:402: Получена строка от движка: info depth 13 seldepth 22 multipv 3 score cp -80 nodes 159508 nps 817989 hashfull 52 tbhits 0 time 195 pv d8d5 g1e2 b8c6 c1e3 g8f6 a2a3 b4c3 e2c3 d5d6 g2g3 b7b6 f1g2 c8b7 d1e2 d6d7
[WORKER] 2026/03/06 14:41:09 worker.go:402: Получена строка от движка: info depth 14 seldepth 30 multipv 1 score cp -28 nodes 234499 nps 817069 hashfull 80 tbhits 0 time 287 pv e6d5 f1d3 g8f6 a2a3 b4c3 b2c3 e8g8 g1e2 b7b6 e1g1 c7c5 e2g3 c5c4 d3f5 c8f5 g3f5 d8d7 d1f3 b8c6 h2h4 g8h8 h4h5 c6e7
[WORKER] 2026/03/06 14:41:09 worker.go:402: Получена строка от движка: info depth 14 seldepth 22 multipv 2 score cp -74 nodes 234499 nps 817069 hashfull 80 tbhits 0 time 287 pv g8f6 d5e6 c8e6 f1d3 c7c5 d4c5 e8g8 g1e2 b8d7 a2a3 b4c5
[WORKER] 2026/03/06 14:41:09 worker.go:402: Получена строка от движка: info depth 14 seldepth 31 multipv 3 score cp -80 nodes 234499 nps 817069 hashfull 80 tbhits 0 time 287 pv d8d5 g1f3 b7b6 f1d3 c8a6 e1g1 b4c3 b2c3 a6d3 d1d3 g8f6 c1a3 d5a5 c3c4 b8c6 d3b3 e8c8 a3b2 f6e4
[WORKER] 2026/03/06 14:41:09 worker.go:402: Получена строка от движка: info depth 15 seldepth 26 multipv 1 score cp -28 nodes 294085 nps 816902 hashfull 100 tbhits 0 time 360 pv e6d5 f1d3 g8f6 a2a3 b4c3 b2c3 e8g8 g1e2 b7b6 e1g1 c7c5 d4c5 b6c5 e2g3 c5c4 d3f5 c8f5 g3f5 d8d7
[WORKER] 2026/03/06 14:41:09 worker.go:402: Получена строка от движка: info depth 15 seldepth 36 multipv 2 score cp -77 nodes 294085 nps 816902 hashfull 100 tbhits 0 time 360 pv d8d5 g1f3 b7b6 f1d3 c8a6 e1g1 b4c3 d3a6 b8a6 b2c3 g8f6 f3e5 e8g8 f1e1 f6d7
[WORKER] 2026/03/06 14:41:09 worker.go:402: Получена строка от движка: info depth 15 seldepth 24 multipv 3 score cp -79 nodes 294085 nps 816902 hashfull 100 tbhits 0 time 360 pv g8f6 d5e6 c8e6 g1f3 e8g8 f1d3 c7c5 d4c5 b8d7 c5c6 b7c6 e1g1 f8e8 c1g5 d7c5
[WORKER] 2026/03/06 14:41:09 worker.go:402: Получена строка от движка: info depth 16 seldepth 36 multipv 1 score cp -32 nodes 485033 nps 805702 hashfull 162 tbhits 0 time 602 pv e6d5 f1d3 g8f6 a2a3 b4c3 b2c3 e8g8 g1e2 f8e8 e1g1 b8d7 e2g3 f6e4 d1h5 d7f6 h5h4 e4g3 h2g3 f6e4 h4d8 e8d8 c1f4 e4c3 f4c7
[WORKER] 2026/03/06 14:41:09 worker.go:402: Получена строка от движка: info depth 16 seldepth 31 multipv 2 score cp -82 nodes 485033 nps 805702 hashfull 162 tbhits 0 time 602 pv d8d5 g1f3 b7b6 f1d3 g8f6 e1g1 b4c3 b2c3 c8a6 d3a6 b8a6 d1d3 a6b8 c1a3 b8c6
[WORKER] 2026/03/06 14:41:09 worker.go:402: Получена строка от движка: info depth 16 seldepth 32 multipv 3 score cp -85 nodes 485033 nps 805702 hashfull 162 tbhits 0 time 602 pv g8f6 d5e6 c8e6 f1d3 c7c5 d4c5 b8d7 g1f3 b4c3 b2c3 d7c5 d3b5 e6d7 b5d7 d8d7
[WORKER] 2026/03/06 14:41:09 worker.go:402: Получена строка от движка: bestmove e6d5 ponder f1d3
[WORKER] 2026/03/06 14:41:09 worker.go:518: Анализ позиции: 3 тактических ходов из 38 возможных
[WORKER] 2026/03/06 14:41:09 worker.go:179: Полуход 8. Ход черных: 0.9 сек (оценка: 32)
[WORKER] 2026/03/06 14:41:09 worker.go:402: Получена строка от движка: info string Available processors: 0-11
[WORKER] 2026/03/06 14:41:09 worker.go:402: Получена строка от движка: info string Using 1 thread
[WORKER] 2026/03/06 14:41:09 worker.go:402: Получена строка от движка: info string NNUE evaluation using nn-c288c895ea92.nnue (125MiB, (102384, 1024, 15, 32, 1))
[WORKER] 2026/03/06 14:41:09 worker.go:402: Получена строка от движка: info string NNUE evaluation using nn-37f18f62d772.nnue (6MiB, (22528, 128, 15, 32, 1))
[WORKER] 2026/03/06 14:41:09 worker.go:402: Получена строка от движка: info string Network replica 1: Shared memory.
[WORKER] 2026/03/06 14:41:09 worker.go:402: Получена строка от движка: info depth 1 seldepth 18 multipv 1 score cp 32 nodes 169 nps 169000 hashfull 0 tbhits 0 time 1 pv f1d3
[WORKER] 2026/03/06 14:41:09 worker.go:402: Получена строка от движка: info depth 1 seldepth 4 multipv 2 score cp 32 nodes 169 nps 169000 hashfull 0 tbhits 0 time 1 pv g1e2
[WORKER] 2026/03/06 14:41:09 worker.go:402: Получена строка от движка: info depth 1 seldepth 4 multipv 3 score cp 32 nodes 169 nps 169000 hashfull 0 tbhits 0 time 1 pv a2a3
[WORKER] 2026/03/06 14:41:09 worker.go:402: Получена строка от движка: info depth 2 seldepth 6 multipv 1 score cp 36 nodes 390 nps 390000 hashfull 0 tbhits 0 time 1 pv a2a3 b4e7
[WORKER] 2026/03/06 14:41:09 worker.go:402: Получена строка от движка: info depth 2 seldepth 3 multipv 2 score cp 32 nodes 390 nps 390000 hashfull 0 tbhits 0 time 1 pv f1d3 g8f6
[WORKER] 2026/03/06 14:41:09 worker.go:402: Получена строка от движка: info depth 2 seldepth 6 multipv 3 score cp 27 nodes 390 nps 390000 hashfull 0 tbhits 0 time 1 pv d1f3
[WORKER] 2026/03/06 14:41:09 worker.go:402: Получена строка от движка: info depth 3 seldepth 7 multipv 1 score cp 32 nodes 680 nps 680000 hashfull 0 tbhits 0 time 1 pv a2a3 b4c3 b2c3
[WORKER] 2026/03/06 14:41:09 worker.go:402: Получена строка от движка: info depth 3 seldepth 7 multipv 2 score cp 32 nodes 680 nps 680000 hashfull 0 tbhits 0 time 1 pv f1d3 g8f6 a2a3 b4c3 b2c3 e8g8
[WORKER] 2026/03/06 14:41:09 worker.go:402: Получена строка от движка: info depth 3 seldepth 6 multipv 3 score cp 28 nodes 680 nps 680000 hashfull 0 tbhits 0 time 1 pv d1f3 d8e7 g1e2
[WORKER] 2026/03/06 14:41:09 worker.go:402: Получена строка от движка: info depth 4 seldepth 6 multipv 1 score cp 32 nodes 904 nps 904000 hashfull 0 tbhits 0 time 1 pv a2a3 b4c3 b2c3 g8f6
[WORKER] 2026/03/06 14:41:09 worker.go:402: Получена строка от движка: info depth 4 seldepth 6 multipv 2 score cp 32 nodes 904 nps 904000 hashfull 0 tbhits 0 time 1 pv f1d3 g8f6 a2a3 b4c3 b2c3
[WORKER] 2026/03/06 14:41:09 worker.go:402: Получена строка от движка: info depth 4 seldepth 6 multipv 3 score cp 27 nodes 904 nps 904000 hashfull 0 tbhits 0 time 1 pv d1f3 d8e7 g1e2 b8c6
[WORKER] 2026/03/06 14:41:09 worker.go:402: Получена строка от движка: info depth 5 seldepth 8 multipv 1 score cp 32 nodes 2026 nps 1013000 hashfull 0 tbhits 0 time 2 pv f1d3 g8f6 a2a3 b4c3 b2c3 e8g8 g1e2
[WORKER] 2026/03/06 14:41:09 worker.go:402: Получена строка от движка: info depth 5 seldepth 8 multipv 2 score cp 25 nodes 2026 nps 1013000 hashfull 0 tbhits 0 time 2 pv a2a3 b4c3 b2c3 d8e7 g1e2
[WORKER] 2026/03/06 14:41:09 worker.go:402: Получена строка от движка: info depth 5 seldepth 8 multipv 3 score cp 19 nodes 2026 nps 1013000 hashfull 0 tbhits 0 time 2 pv h2h3 g8f6 f1d3 e8g8
[WORKER] 2026/03/06 14:41:09 worker.go:402: Получена строка от движка: info depth 6 seldepth 9 multipv 1 score cp 32 nodes 2522 nps 1261000 hashfull 0 tbhits 0 time 2 pv f1d3 g8f6 a2a3 b4c3 b2c3 e8g8 g1e2 f8e8
[WORKER] 2026/03/06 14:41:09 worker.go:402: Получена строка от движка: info depth 6 seldepth 10 multipv 2 score cp 27 nodes 2522 nps 1261000 hashfull 0 tbhits 0 time 2 pv a2a3 b4c3 b2c3 c8f5 a3a4
[WORKER] 2026/03/06 14:41:09 worker.go:402: Получена строка от движка: info depth 6 seldepth 9 multipv 3 score cp 20 nodes 2522 nps 1261000 hashfull 0 tbhits 0 time 2 pv g1f3 g8f6 f1d3 e8g8 e1g1 c8g4 h2h3
[WORKER] 2026/03/06 14:41:09 worker.go:402: Получена строка от движка: info depth 7 seldepth 8 multipv 1 score cp 32 nodes 3198 nps 1599000 hashfull 0 tbhits 0 time 2 pv f1d3 g8f6 a2a3 b4c3 b2c3 e8g8 g1e2
[WORKER] 2026/03/06 14:41:09 worker.go:402: Получена строка от движка: info depth 7 seldepth 12 multipv 2 score cp 28 nodes 3198 nps 1599000 hashfull 0 tbhits 0 time 2 pv a2a3 b4c3 b2c3 c8f5 f1d3 f5d3 d1d3 b8c6 g1f3 g8f6
[WORKER] 2026/03/06 14:41:09 worker.go:402: Получена строка от движка: info depth 7 seldepth 9 multipv 3 score cp 20 nodes 3198 nps 1599000 hashfull 0 tbhits 0 time 2 pv g1f3 g8f6 f1d3 e8g8 e1g1 c8g4 h2h3
[WORKER] 2026/03/06 14:41:09 worker.go:402: Получена строка от движка: info depth 8 seldepth 12 multipv 1 score cp 32 nodes 4716 nps 1179000 hashfull 0 tbhits 0 time 4 pv f1d3 g8f6 a2a3 b4c3 b2c3 e8g8 g1e2 f8e8 e1g1 b8d7 e2g3
[WORKER] 2026/03/06 14:41:09 worker.go:402: Получена строка от движка: info depth 8 seldepth 12 multipv 2 score cp 30 nodes 4716 nps 1179000 hashfull 0 tbhits 0 time 4 pv a2a3 b4c3 b2c3 c8f5 a1b1 b7b6 g1f3 g8f6 f1d3 f5d3 c2d3
[WORKER] 2026/03/06 14:41:09 worker.go:402: Получена строка от движка: info depth 8 seldepth 16 multipv 3 score cp 25 nodes 4716 nps 1179000 hashfull 0 tbhits 0 time 4 pv g1f3 g8f6 f1d3 e8g8 e1g1 c8g4 h2h3 g4h5 g2g4 h5g6 f3e5 c7c5 d4c5
[WORKER] 2026/03/06 14:41:09 worker.go:402: Получена строка от движка: info depth 9 seldepth 10 multipv 1 score cp 32 nodes 9807 nps 1089666 hashfull 2 tbhits 0 time 9 pv f1d3 g8f6 a2a3 b4c3 b2c3 e8g8 g1e2 f8e8 e1g1
[WORKER] 2026/03/06 14:41:09 worker.go:402: Получена строка от движка: info depth 9 seldepth 13 multipv 2 score cp 25 nodes 9807 nps 1089666 hashfull 2 tbhits 0 time 9 pv g1f3 g8f6 f1d3 e8g8 e1g1 c8g4 h2h3 g4h5 g2g4 h5g6
[WORKER] 2026/03/06 14:41:09 worker.go:402: Получена строка от движка: info depth 9 seldepth 16 multipv 3 score cp 23 nodes 9807 nps 1089666 hashfull 2 tbhits 0 time 9 pv a2a3 b4c3 b2c3 c8f5 f1d3 f5d3 c2d3
[WORKER] 2026/03/06 14:41:09 worker.go:402: Получена строка от движка: info depth 10 seldepth 12 multipv 1 score cp 32 nodes 11809 nps 1073545 hashfull 2 tbhits 0 time 11 pv f1d3 g8f6 a2a3 b4c3 b2c3 e8g8 g1e2 f8e8 e1g1 b8d7 e2g3
[WORKER] 2026/03/06 14:41:09 worker.go:402: Получена строка от движка: info depth 10 seldepth 16 multipv 2 score cp 28 nodes 11809 nps 1073545 hashfull 2 tbhits 0 time 11 pv g1f3 b8c6 f1d3 c8g4 h2h3 g4f3 d1f3 c6d4
[WORKER] 2026/03/06 14:41:09 worker.go:402: Получена строка от движка: info depth 10 seldepth 16 multipv 3 score cp 24 nodes 11809 nps 1073545 hashfull 2 tbhits 0 time 11 pv a2a3 b4c3 b2c3 c8f5 f1d3 f5d3 c2d3 b8c6 g1f3 d8e7 c1e3
[WORKER] 2026/03/06 14:41:09 worker.go:402: Получена строка от движка: info depth 11 seldepth 17 multipv 1 score cp 32 nodes 20238 nps 963714 hashfull 6 tbhits 0 time 21 pv f1d3 g8f6 a2a3 b4c3 b2c3 e8g8 g1e2 f8e8 e1g1 b8d7 e2g3 f6e4 d1h5 d7f6 h5h4
[WORKER] 2026/03/06 14:41:09 worker.go:402: Получена строка от движка: info depth 11 seldepth 16 multipv 2 score cp 24 nodes 20238 nps 963714 hashfull 6 tbhits 0 time 21 pv g1f3 b8c6 f1d3 c8g4 e1g1 c6d4 d1e1 d4e6 f3e5 g8f6 f2f4 e8g8
[WORKER] 2026/03/06 14:41:09 worker.go:402: Получена строка от движка: info depth 11 seldepth 16 multipv 3 score cp 21 nodes 20238 nps 963714 hashfull 6 tbhits 0 time 21 pv a2a3 b4c3 b2c3 c8f5 f1d3 f5d3 c2d3 b8c6 g1f3 d8e7 c1e3
[WORKER] 2026/03/06 14:41:09 worker.go:402: Получена строка от движка: info depth 12 seldepth 18 multipv 1 score cp 32 nodes 80230 nps 827113 hashfull 25 tbhits 0 time 97 pv f1d3 g8f6 a2a3 b4c3 b2c3 e8g8 g1e2 f8e8 e1g1 b8d7 e2g3 f6e4 d1h5 d7f6 h5h4 e4g3 h2g3
[WORKER] 2026/03/06 14:41:09 worker.go:402: Получена строка от движка: info depth 12 seldepth 32 multipv 2 score cp 16 nodes 80230 nps 827113 hashfull 25 tbhits 0 time 97 pv g1f3 g8f6 f1d3 e8g8 e1g1 c8g4 c3e2 g4f3 g2f3 b4d6 c1g5 h7h6 g5h4 g7g5 h4g3 f6h5 g1h1
[WORKER] 2026/03/06 14:41:09 worker.go:402: Получена строка от движка: info depth 12 seldepth 23 multipv 3 score cp 15 nodes 80230 nps 827113 hashfull 25 tbhits 0 time 97 pv a2a3 b4c3 b2c3 d8e7 d1e2 c8e6 a3a4 b8c6 c1a3 e7f6 e2b5 e8c8
[WORKER] 2026/03/06 14:41:09 worker.go:402: Получена строка от движка: info depth 13 seldepth 35 multipv 1 score cp 34 nodes 176269 nps 831457 hashfull 53 tbhits 0 time 212 pv f1d3 g8f6 a2a3 b4c3 b2c3 e8g8 g1e2 f8e8 e1g1 b8d7 e2g3 c7c5 d1f3 c5c4 d3f5 h7h6 a1b1 b7b6 c1f4 d7f8 f4e5 f8g6
[WORKER] 2026/03/06 14:41:09 worker.go:402: Получена строка от движка: info depth 13 seldepth 28 multipv 2 score cp 25 nodes 176269 nps 831457 hashfull 53 tbhits 0 time 212 pv g1f3 g8f6 f1d3 e8g8 e1g1 c8g4 c1g5 c7c6 c3e2 g4f3 g2f3 h7h6
[WORKER] 2026/03/06 14:41:09 worker.go:402: Получена строка от движка: info depth 13 seldepth 25 multipv 3 score cp 17 nodes 176269 nps 831457 hashfull 53 tbhits 0 time 212 pv a2a3 b4c3 b2c3 d8e7 d1e2 c8e6 a3a4 b8c6 a4a5 g8f6 g1f3 e7d7 c1a3 e8c8 e2b5
[WORKER] 2026/03/06 14:41:09 worker.go:402: Получена строка от движка: info depth 14 seldepth 31 multipv 1 score cp 33 nodes 315910 nps 824830 hashfull 95 tbhits 0 time 383 pv f1d3 g8f6 a2a3 b4c3 b2c3 e8g8 g1e2 b8d7 e1g1 c7c5 e2g3 c5c4 d3f5 d7b6 a3a4 c8f5 g3f5 d8d7 d1f3 f8e8 a4a5 b6a4 c1g5
[WORKER] 2026/03/06 14:41:09 worker.go:402: Получена строка от движка: info depth 14 seldepth 23 multipv 2 score cp 16 nodes 315910 nps 824830 hashfull 95 tbhits 0 time 383 pv a2a3 b4c3 b2c3 d8e7 d1e2 c8f5 a1b1 b7b6 c1f4 b8c6 f4c7 f5c2 b1b2 c2f5
[WORKER] 2026/03/06 14:41:09 worker.go:402: Получена строка от движка: info depth 14 seldepth 34 multipv 3 score cp 11 nodes 315910 nps 824830 hashfull 95 tbhits 0 time 383 pv g1f3 g8f6 f1d3 e8g8 e1g1 c8g4 c1g5 c7c6 h2h3 g4h5 g2g4 h5g6 f3e5 f8e8 c3e2 b4e7 e2g3 b8d7 f2f4 g6d3 e5d3
[WORKER] 2026/03/06 14:41:10 worker.go:402: Получена строка от движка: info depth 15 seldepth 21 multipv 1 score cp 33 nodes 440542 nps 821906 hashfull 133 tbhits 0 time 536 pv f1d3 g8f6 a2a3 b4c3 b2c3 e8g8 g1e2 b8d7 e1g1 c7c5 e2g3 c5c4 d3f5 d7b6 a3a4 c8f5 g3f5 d8d7 d1f3 f8e8
[WORKER] 2026/03/06 14:41:10 worker.go:402: Получена строка от движка: info depth 15 seldepth 35 multipv 2 score cp 27 nodes 440542 nps 821906 hashfull 133 tbhits 0 time 536 pv g1f3 g8f6 f1d3 e8g8 e1g1 c8g4 c3e2 g4f3 g2f3 b4d6 g1h1 b8d7 e2g3 g7g6 f3f4 c7c5 f4f5 c5c4
[WORKER] 2026/03/06 14:41:10 worker.go:402: Получена строка от движка: info depth 15 seldepth 31 multipv 3 score cp 22 nodes 440542 nps 821906 hashfull 133 tbhits 0 time 536 pv a2a3 b4c3 b2c3 d8e7 d1e2 c8f5 c1f4 f5c2 f4c7 b8c6 e2e7 g8e7 e1d2 c2f5 c7d6 e8d7
[WORKER] 2026/03/06 14:41:10 worker.go:402: Получена строка от движка: info depth 16 seldepth 27 multipv 1 score cp 33 nodes 621913 nps 807679 hashfull 197 tbhits 0 time 770 pv f1d3 g8f6 a2a3 b4c3 b2c3 e8g8 g1e2 b8d7 e1g1 c7c5 e2g3 c5c4 d3f5 d7b6 a3a4 c8f5 g3f5 d8d7 d1f3 f8e8 a4a5 b6a4 f5h6 g8h8 c1g5 e8e6
[WORKER] 2026/03/06 14:41:10 worker.go:402: Получена строка от движка: info depth 16 seldepth 25 multipv 2 score cp 26 nodes 621913 nps 807679 hashfull 197 tbhits 0 time 770 pv a2a3 b4c3 b2c3 c8f5 f1d3 f5d3 c2d3 d8d7 g1e2 b8c6 e1g1 g8e7 a3a4
[WORKER] 2026/03/06 14:41:10 worker.go:402: Получена строка от движка: info depth 16 seldepth 41 multipv 3 score cp 21 nodes 621913 nps 807679 hashfull 197 tbhits 0 time 770 pv g1f3 g8f6 f1d3 e8g8 e1g1 c8g4 c3e2 g4f3 g2f3 b4d6 g1h1 f6h5 f1g1 g7g6 c1g5 d8d7 e2g3 h5g3 f2g3 c7c5 d4c5 d6c5 g1e1 b8c6 d3f1
[WORKER] 2026/03/06 14:41:10 worker.go:402: Получена строка от движка: bestmove f1d3 ponder g8f6
[WORKER] 2026/03/06 14:41:10 worker.go:518: Анализ позиции: 2 тактических ходов из 31 возможных
[WORKER] 2026/03/06 14:41:10 worker.go:179: Полуход 9. Ход белых: 0.4 сек (оценка: 33)
[WORKER] 2026/03/06 14:41:10 worker.go:402: Получена строка от движка: info string Available processors: 0-11
[WORKER] 2026/03/06 14:41:10 worker.go:402: Получена строка от движка: info string Using 1 thread
[WORKER] 2026/03/06 14:41:10 worker.go:402: Получена строка от движка: info string NNUE evaluation using nn-c288c895ea92.nnue (125MiB, (102384, 1024, 15, 32, 1))
[WORKER] 2026/03/06 14:41:10 worker.go:402: Получена строка от движка: info string NNUE evaluation using nn-37f18f62d772.nnue (6MiB, (22528, 128, 15, 32, 1))
[WORKER] 2026/03/06 14:41:10 worker.go:402: Получена строка от движка: info string Network replica 1: Shared memory.
[WORKER] 2026/03/06 14:41:10 worker.go:402: Получена строка от движка: info depth 1 seldepth 2 multipv 1 score cp -32 nodes 181 nps 181000 hashfull 0 tbhits 0 time 1 pv c7c6
[WORKER] 2026/03/06 14:41:10 worker.go:402: Получена строка от движка: info depth 1 seldepth 5 multipv 2 score cp -33 nodes 181 nps 181000 hashfull 0 tbhits 0 time 1 pv g8f6
[WORKER] 2026/03/06 14:41:10 worker.go:402: Получена строка от движка: info depth 1 seldepth 2 multipv 3 score cp -41 nodes 181 nps 181000 hashfull 0 tbhits 0 time 1 pv g8e7
[WORKER] 2026/03/06 14:41:10 worker.go:402: Получена строка от движка: info depth 2 seldepth 6 multipv 1 score cp -27 nodes 812 nps 812000 hashfull 0 tbhits 0 time 1 pv g8f6
[WORKER] 2026/03/06 14:41:10 worker.go:402: Получена строка от движка: info depth 2 seldepth 5 multipv 2 score cp -38 nodes 812 nps 812000 hashfull 0 tbhits 0 time 1 pv c7c6 g1f3
[WORKER] 2026/03/06 14:41:10 worker.go:402: Получена строка от движка: info depth 2 seldepth 5 multipv 3 score cp -46 nodes 812 nps 812000 hashfull 0 tbhits 0 time 1 pv g8e7 a2a3 b4c3 b2c3
[WORKER] 2026/03/06 14:41:10 worker.go:402: Получена строка от движка: info depth 3 seldepth 5 multipv 1 score cp -28 nodes 1411 nps 1411000 hashfull 0 tbhits 0 time 1 pv g8f6 g1e2
[WORKER] 2026/03/06 14:41:10 worker.go:402: Получена строка от движка: info depth 3 seldepth 4 multipv 2 score cp -43 nodes 1411 nps 1411000 hashfull 0 tbhits 0 time 1 pv c7c6 g1f3 g8f6
[WORKER] 2026/03/06 14:41:10 worker.go:402: Получена строка от движка: info depth 3 seldepth 7 multipv 3 score cp -45 nodes 1411 nps 1411000 hashfull 0 tbhits 0 time 1 pv b8c6 g1e2 g8f6 e1g1
[WORKER] 2026/03/06 14:41:10 worker.go:402: Получена строка от движка: info depth 4 seldepth 7 multipv 1 score cp -29 nodes 2712 nps 1356000 hashfull 0 tbhits 0 time 2 pv g8f6 g1e2 c7c6
[WORKER] 2026/03/06 14:41:10 worker.go:402: Получена строка от движка: info depth 4 seldepth 16 multipv 2 score cp -41 nodes 2712 nps 1356000 hashfull 0 tbhits 0 time 2 pv h7h6 g1e2 g8f6
[WORKER] 2026/03/06 14:41:10 worker.go:402: Получена строка от движка: info depth 4 seldepth 7 multipv 3 score cp -43 nodes 2712 nps 1356000 hashfull 0 tbhits 0 time 2 pv g8e7 g1e2
[WORKER] 2026/03/06 14:41:10 worker.go:402: Получена строка от движка: info depth 5 seldepth 8 multipv 1 score cp -28 nodes 3700 nps 1850000 hashfull 0 tbhits 0 time 2 pv g8f6 g1e2 c7c6 e1g1 e8g8
[WORKER] 2026/03/06 14:41:10 worker.go:402: Получена строка от движка: info depth 5 seldepth 6 multipv 2 score cp -41 nodes 3700 nps 1850000 hashfull 0 tbhits 0 time 2 pv h7h6 g1e2 g8f6 a2a3 b4d6
[WORKER] 2026/03/06 14:41:10 worker.go:402: Получена строка от движка: info depth 5 seldepth 10 multipv 3 score cp -41 nodes 3700 nps 1850000 hashfull 0 tbhits 0 time 2 pv g8e7 g1e2 e8g8 a2a3
[WORKER] 2026/03/06 14:41:10 worker.go:402: Получена строка от движка: info depth 6 seldepth 10 multipv 1 score cp -29 nodes 5504 nps 1376000 hashfull 0 tbhits 0 time 4 pv g8f6 g1e2 c7c6 e1g1 b4d6
[WORKER] 2026/03/06 14:41:10 worker.go:402: Получена строка от движка: info depth 6 seldepth 8 multipv 2 score cp -38 nodes 5504 nps 1376000 hashfull 0 tbhits 0 time 4 pv g8e7 g1e2 c7c6 e2g3 b8d7 e1g1 e8g8
[WORKER] 2026/03/06 14:41:10 worker.go:402: Получена строка от движка: info depth 6 seldepth 14 multipv 3 score cp -38 nodes 5504 nps 1376000 hashfull 0 tbhits 0 time 4 pv c7c6 g1f3 g8f6 e1g1 e8g8 c3e2 b4d6
[WORKER] 2026/03/06 14:41:10 worker.go:402: Получена строка от движка: info depth 7 seldepth 12 multipv 1 score cp -32 nodes 8125 nps 1354166 hashfull 0 tbhits 0 time 6 pv g8f6 a2a3 b4c3 b2c3 e8g8 g1e2 f8e8
[WORKER] 2026/03/06 14:41:10 worker.go:402: Получена строка от движка: info depth 7 seldepth 14 multipv 2 score cp -38 nodes 8125 nps 1354166 hashfull 0 tbhits 0 time 6 pv c7c6 g1f3 g8f6 e1g1 e8g8 c3e2 b4d6
[WORKER] 2026/03/06 14:41:10 worker.go:402: Получена строка от движка: info depth 7 seldepth 8 multipv 3 score cp -41 nodes 8125 nps 1354166 hashfull 0 tbhits 0 time 6 pv g8e7 d1h5 b8d7 c1g5 h7h6 g1e2 c7c6
[WORKER] 2026/03/06 14:41:10 worker.go:402: Получена строка от движка: info depth 8 seldepth 22 multipv 1 score cp -33 nodes 13271 nps 1206454 hashfull 1 tbhits 0 time 11 pv g8f6 a2a3 b4c3 b2c3 e8g8 g1e2 b8d7 e1g1 c7c5 e2g3 c5c4 d3f5
[WORKER] 2026/03/06 14:41:10 worker.go:402: Получена строка от движка: info depth 8 seldepth 15 multipv 2 score cp -34 nodes 13271 nps 1206454 hashfull 1 tbhits 0 time 11 pv c7c6 g1f3 g8f6 e1g1
[WORKER] 2026/03/06 14:41:10 worker.go:402: Получена строка от движка: info depth 8 seldepth 13 multipv 3 score cp -44 nodes 13271 nps 1206454 hashfull 1 tbhits 0 time 11 pv h7h6 a2a3 b4c3 b2c3 g8f6 g1e2 e8g8 e1g1 f8e8 e2g3 b8d7 h2h3
[WORKER] 2026/03/06 14:41:10 worker.go:402: Получена строка от движка: info depth 9 seldepth 14 multipv 1 score cp -30 nodes 16232 nps 1248615 hashfull 1 tbhits 0 time 13 pv g8f6 a2a3 b4c3 b2c3 e8g8 g1e2 b8d7
[WORKER] 2026/03/06 14:41:10 worker.go:402: Получена строка от движка: info depth 9 seldepth 10 multipv 2 score cp -31 nodes 16232 nps 1248615 hashfull 1 tbhits 0 time 13 pv c7c6 g1f3 g8f6 e1g1 e8g8 c3e2 f8e8 c2c3
[WORKER] 2026/03/06 14:41:10 worker.go:402: Получена строка от движка: info depth 9 seldepth 12 multipv 3 score cp -44 nodes 16232 nps 1248615 hashfull 1 tbhits 0 time 13 pv h7h6 g1e2 g8f6 e1g1 e8g8 a2a3 b4e7 f1e1 f8e8
[WORKER] 2026/03/06 14:41:10 worker.go:402: Получена строка от движка: info depth 10 seldepth 11 multipv 1 score cp -28 nodes 34844 nps 995542 hashfull 8 tbhits 0 time 35 pv g8f6 a2a3 b4c3 b2c3 e8g8 g1e2 f8e8
[WORKER] 2026/03/06 14:41:10 worker.go:402: Получена строка от движка: info depth 10 seldepth 23 multipv 2 score cp -35 nodes 34844 nps 995542 hashfull 8 tbhits 0 time 35 pv c7c6 g1f3 g8f6 a2a3 b4c3 b2c3 e8g8 e1g1 c8g4
[WORKER] 2026/03/06 14:41:10 worker.go:402: Получена строка от движка: info depth 10 seldepth 15 multipv 3 score cp -41 nodes 34844 nps 995542 hashfull 8 tbhits 0 time 35 pv h7h6 g1e2 g8f6 a2a3 b4e7 c1f4 e8g8 d1d2 f8e8
[WORKER] 2026/03/06 14:41:10 worker.go:402: Получена строка от движка: info depth 11 seldepth 15 multipv 1 score cp -27 nodes 44869 nps 975413 hashfull 11 tbhits 0 time 46 pv g8f6 a2a3 b4c3 b2c3 e8g8 g1e2 f8e8 e1g1 b8d7 e2g3 c7c5 d1f3 c5c4 d3f5
[WORKER] 2026/03/06 14:41:10 worker.go:402: Получена строка от движка: info depth 11 seldepth 20 multipv 2 score cp -33 nodes 44869 nps 975413 hashfull 11 tbhits 0 time 46 pv c7c6 g1f3 g8f6 e1g1 e8g8 c3e2 f8e8 e2g3 b8d7 c2c3
[WORKER] 2026/03/06 14:41:10 worker.go:402: Получена строка от движка: info depth 11 seldepth 16 multipv 3 score cp -40 nodes 44869 nps 975413 hashfull 11 tbhits 0 time 46 pv h7h6 g1e2 g8f6 a2a3 b4e7 c1e3 e8g8 d1d2 f8e8 e1c1 c7c6 e2g3
[WORKER] 2026/03/06 14:41:10 worker.go:402: Получена строка от движка: info depth 12 seldepth 22 multipv 1 score cp -26 nodes 79259 nps 911022 hashfull 24 tbhits 0 time 87 pv g8f6 a2a3 b4c3 b2c3 e8g8 g1e2 f8e8 e1g1 b8d7 e2g3 c7c5 d1f3 c5c4 d3f5 h7h6
[WORKER] 2026/03/06 14:41:10 worker.go:402: Получена строка от движка: info depth 12 seldepth 25 multipv 2 score cp -34 nodes 79259 nps 911022 hashfull 24 tbhits 0 time 87 pv h7h6 a2a3 b4c3 b2c3 g8f6 g1e2 e8g8 e1g1 b8d7 e2g3 f8e8 h2h3 c7c5 c1e3
[WORKER] 2026/03/06 14:41:10 worker.go:402: Получена строка от движка: info depth 12 seldepth 22 multipv 3 score cp -37 nodes 79259 nps 911022 hashfull 24 tbhits 0 time 87 pv c7c6 g1f3 g8f6 e1g1 e8g8 c3e2 f8e8 e2g3 b8d7 c1f4 f6e4 c2c3 b4d6 f4d6 e4d6 d1d2 d7f8
[WORKER] 2026/03/06 14:41:10 worker.go:402: Получена строка от движка: info depth 13 seldepth 25 multipv 1 score cp -27 nodes 141135 nps 840089 hashfull 46 tbhits 0 time 168 pv g8f6 a2a3 b4e7 g1f3 e8g8 e1g1 f8e8 f1e1 b8d7 c3e2 d7f8 e2g3 c8g4
[WORKER] 2026/03/06 14:41:10 worker.go:402: Получена строка от движка: info depth 13 seldepth 26 multipv 2 score cp -35 nodes 141135 nps 840089 hashfull 46 tbhits 0 time 168 pv h7h6 a2a3 b4c3 b2c3 g8f6 g1e2 e8g8 e1g1 f8e8 h2h3 b8d7 e2g3 c7c5 c1f4 c5c4 d3f5 d7f8 f4e5 f6h7 a1b1 b7b6 d1f3 f8g6
[WORKER] 2026/03/06 14:41:10 worker.go:402: Получена строка от движка: info depth 13 seldepth 23 multipv 3 score cp -36 nodes 141135 nps 840089 hashfull 46 tbhits 0 time 168 pv c7c6 g1f3 g8f6 e1g1 e8g8 c3e2 f8e8 e2g3 b8d7 c1f4 d7f8 c2c3 b4d6 f4d6
[WORKER] 2026/03/06 14:41:10 worker.go:402: Получена строка от движка: info depth 14 seldepth 24 multipv 1 score cp -28 nodes 193005 nps 842816 hashfull 60 tbhits 0 time 229 pv g8f6 a2a3 b4e7 g1f3 e8g8 h2h3 f8e8 e1g1 b8d7 f1e1 c7c6 c3e2 e7d6 c1g5 d7f8 e2g3 e8e1 d1e1
[WORKER] 2026/03/06 14:41:10 worker.go:402: Получена строка от движка: info depth 14 seldepth 27 multipv 2 score cp -35 nodes 193005 nps 842816 hashfull 60 tbhits 0 time 229 pv c7c6 g1f3 g8f6 e1g1 e8g8 c3e2 f8e8 e2g3 b8d7 c2c3 b4d6 c1g5 d8c7 g3f5 d6f8 f1e1 f6e4 g5h4 d7f6 f5e3 f8d6 c3c4 c8g4 c4d5 c6d5
[WORKER] 2026/03/06 14:41:10 worker.go:402: Получена строка от движка: info depth 14 seldepth 26 multipv 3 score cp -36 nodes 193005 nps 842816 hashfull 60 tbhits 0 time 229 pv h7h6 a2a3 b4c3 b2c3 g8f6 g1e2 e8g8 e1g1 f8e8 e2g3 b8d7 h2h3 b7b6
[WORKER] 2026/03/06 14:41:10 worker.go:402: Получена строка от движка: info depth 15 seldepth 27 multipv 1 score cp -35 nodes 361342 nps 823102 hashfull 123 tbhits 0 time 439 pv g8f6 a2a3 b4c3 b2c3 e8g8 g1e2 f8e8 e1g1 b8d7 e2g3 c7c5
[WORKER] 2026/03/06 14:41:10 worker.go:402: Получена строка от движка: info depth 15 seldepth 27 multipv 2 score cp -35 nodes 361342 nps 823102 hashfull 123 tbhits 0 time 439 pv c7c6 g1f3 g8f6 e1g1 e8g8 c3e2 f8e8 e2g3 b8d7 c2c3 b4d6 c1g5 d8c7 g3f5 d6f8 f1e1 f6e4 g5h4 d7f6 f5e3 f8d6 c3c4 c8g4 c4d5 c6d5
[WORKER] 2026/03/06 14:41:10 worker.go:402: Получена строка от движка: info depth 15 seldepth 27 multipv 3 score cp -49 nodes 361342 nps 823102 hashfull 123 tbhits 0 time 439 pv b8c6 a2a3 b4c3 b2c3 g8f6 g1e2 e8g8 e1g1 c6e7 e2g3 e7g6 c1g5 h7h6 g5f6 d8f6 f2f4
[WORKER] 2026/03/06 14:41:11 worker.go:402: Получена строка от движка: info depth 16 seldepth 24 multipv 1 score cp -31 nodes 669002 nps 798331 hashfull 244 tbhits 0 time 838 pv g8f6 a2a3 b4c3 b2c3 e8g8 g1e2 f8e8 e1g1 h7h6 e2g3 b8d7 f1e1 e8e1 d1e1 d7b6 h2h3 b6c4 c1f4 c8d7 a3a4 b7b6
[WORKER] 2026/03/06 14:41:11 worker.go:402: Получена строка от движка: info depth 16 seldepth 32 multipv 2 score cp -43 nodes 669002 nps 798331 hashfull 244 tbhits 0 time 838 pv c7c6 g1f3 g8e7 e1g1 e8g8 c3e2 c8f5 e2g3 f5d3 d1d3 b8d7 f3g5 e7g6 f2f4 f8e8 f4f5 g6f8 g3h5
[WORKER] 2026/03/06 14:41:11 worker.go:402: Получена строка от движка: info depth 16 seldepth 24 multipv 3 score cp -48 nodes 669002 nps 798331 hashfull 244 tbhits 0 time 838 pv c7c5 d4c5 g8f6 g1f3 e8g8 e1g1 b8d7 c1e3 d7c5 e3d4 c5d3 d1d3 b4c3 d3c3 f6e4 c3b3 c8g4 f1e1 g4h5
[WORKER] 2026/03/06 14:41:11 worker.go:402: Получена строка от движка: bestmove g8f6 ponder a2a3
[WORKER] 2026/03/06 14:41:11 worker.go:518: Анализ позиции: 2 тактических ходов из 39 возможных
[WORKER] 2026/03/06 14:41:11 worker.go:179: Полуход 10. Ход черных: 0.7 сек (оценка: 31)
[WORKER] 2026/03/06 14:41:11 worker.go:402: Получена строка от движка: info string Available processors: 0-11
[WORKER] 2026/03/06 14:41:11 worker.go:402: Получена строка от движка: info string Using 1 thread
[WORKER] 2026/03/06 14:41:11 worker.go:402: Получена строка от движка: info string NNUE evaluation using nn-c288c895ea92.nnue (125MiB, (102384, 1024, 15, 32, 1))
[WORKER] 2026/03/06 14:41:11 worker.go:402: Получена строка от движка: info string NNUE evaluation using nn-37f18f62d772.nnue (6MiB, (22528, 128, 15, 32, 1))
[WORKER] 2026/03/06 14:41:11 worker.go:402: Получена строка от движка: info string Network replica 1: Shared memory.
[WORKER] 2026/03/06 14:41:11 worker.go:402: Получена строка от движка: info depth 1 seldepth 19 multipv 1 score cp 56 nodes 200 nps 200000 hashfull 0 tbhits 0 time 1 pv a2a3 b4c3 b2c3 g8f6 g1e2 e8g8 e1g1 h7h6
[WORKER] 2026/03/06 14:41:11 worker.go:402: Получена строка от движка: info depth 1 seldepth 4 multipv 2 score cp 52 nodes 200 nps 200000 hashfull 0 tbhits 0 time 1 pv g1e2
[WORKER] 2026/03/06 14:41:11 worker.go:402: Получена строка от движка: info depth 1 seldepth 4 multipv 3 score cp 39 nodes 200 nps 200000 hashfull 0 tbhits 0 time 1 pv g1f3
[WORKER] 2026/03/06 14:41:11 worker.go:402: Получена строка от движка: info depth 2 seldepth 4 multipv 1 score cp 56 nodes 442 nps 442000 hashfull 0 tbhits 0 time 1 pv a2a3 b4c3 b2c3
[WORKER] 2026/03/06 14:41:11 worker.go:402: Получена строка от движка: info depth 2 seldepth 6 multipv 2 score cp 44 nodes 442 nps 442000 hashfull 0 tbhits 0 time 1 pv g1e2 g8e7
[WORKER] 2026/03/06 14:41:11 worker.go:402: Получена строка от движка: info depth 2 seldepth 5 multipv 3 score cp 43 nodes 442 nps 442000 hashfull 0 tbhits 0 time 1 pv g1f3 g8f6 e1g1 c8g4
[WORKER] 2026/03/06 14:41:11 worker.go:402: Получена строка от движка: info depth 3 seldepth 4 multipv 1 score cp 56 nodes 897 nps 897000 hashfull 0 tbhits 0 time 1 pv a2a3 b4d6 c3b5
[WORKER] 2026/03/06 14:41:11 worker.go:402: Получена строка от движка: info depth 3 seldepth 6 multipv 2 score cp 44 nodes 897 nps 897000 hashfull 0 tbhits 0 time 1 pv g1e2 g8e7 a2a3
[WORKER] 2026/03/06 14:41:11 worker.go:402: Получена строка от движка: info depth 3 seldepth 5 multipv 3 score cp 41 nodes 897 nps 897000 hashfull 0 tbhits 0 time 1 pv g1f3 c8g4 e1g1
[WORKER] 2026/03/06 14:41:11 worker.go:402: Получена строка от движка: info depth 4 seldepth 8 multipv 1 score cp 56 nodes 1235 nps 1235000 hashfull 0 tbhits 0 time 1 pv a2a3 b4c3 b2c3 g8f6 g1e2 e8g8 e1g1
[WORKER] 2026/03/06 14:41:11 worker.go:402: Получена строка от движка: info depth 4 seldepth 7 multipv 2 score cp 46 nodes 1235 nps 1235000 hashfull 0 tbhits 0 time 1 pv g1f3 g8f6 e1g1 c8g4 f1e1 b4e7
[WORKER] 2026/03/06 14:41:11 worker.go:402: Получена строка от движка: info depth 4 seldepth 7 multipv 3 score cp 46 nodes 1235 nps 1235000 hashfull 0 tbhits 0 time 1 pv g1e2 g8e7 a2a3 b4d6
[WORKER] 2026/03/06 14:41:11 worker.go:402: Получена строка от движка: info depth 5 seldepth 7 multipv 1 score cp 53 nodes 2485 nps 1242500 hashfull 0 tbhits 0 time 2 pv a2a3 b4c3 b2c3 g8f6 g1e2 e8g8
[WORKER] 2026/03/06 14:41:11 worker.go:402: Получена строка от движка: info depth 5 seldepth 9 multipv 2 score cp 39 nodes 2485 nps 1242500 hashfull 0 tbhits 0 time 2 pv g1e2 g8e7 c1g5
[WORKER] 2026/03/06 14:41:11 worker.go:402: Получена строка от движка: info depth 5 seldepth 6 multipv 3 score cp 39 nodes 2485 nps 1242500 hashfull 0 tbhits 0 time 2 pv g1f3 g8e7 a2a3 b4d6
[WORKER] 2026/03/06 14:41:11 worker.go:402: Получена строка от движка: info depth 6 seldepth 7 multipv 1 score cp 53 nodes 4974 nps 1243500 hashfull 0 tbhits 0 time 4 pv a2a3 b4c3 b2c3 g8f6 g1e2 e8g8
[WORKER] 2026/03/06 14:41:11 worker.go:402: Получена строка от движка: info depth 6 seldepth 11 multipv 2 score cp 39 nodes 4974 nps 1243500 hashfull 0 tbhits 0 time 4 pv g1e2 g8e7 e1g1 e8g8 a2a3
[WORKER] 2026/03/06 14:41:11 worker.go:402: Получена строка от движка: info depth 6 seldepth 12 multipv 3 score cp 34 nodes 4974 nps 1243500 hashfull 0 tbhits 0 time 4 pv g1f3 g8e7 e1g1 e8g8 a2a3 b4d6
[WORKER] 2026/03/06 14:41:11 worker.go:402: Получена строка от движка: info depth 7 seldepth 11 multipv 1 score cp 58 nodes 7225 nps 1204166 hashfull 1 tbhits 0 time 6 pv a2a3 b4c3 b2c3 g8f6 g1e2 e8g8
[WORKER] 2026/03/06 14:41:11 worker.go:402: Получена строка от движка: info depth 7 seldepth 10 multipv 2 score cp 39 nodes 7225 nps 1204166 hashfull 1 tbhits 0 time 6 pv g1e2 g8e7 e1g1 c8f5 a2a3 f5d3
[WORKER] 2026/03/06 14:41:11 worker.go:402: Получена строка от движка: info depth 7 seldepth 8 multipv 3 score cp 32 nodes 7225 nps 1204166 hashfull 1 tbhits 0 time 6 pv g1f3 g8e7 e1g1 e8g8 a2a3 b4d6 h2h3
[WORKER] 2026/03/06 14:41:11 worker.go:402: Получена строка от движка: info depth 8 seldepth 9 multipv 1 score cp 57 nodes 11280 nps 1128000 hashfull 2 tbhits 0 time 10 pv a2a3 b4c3 b2c3 g8f6 g1e2 e8g8 e1g1 h7h6
[WORKER] 2026/03/06 14:41:11 worker.go:402: Получена строка от движка: info depth 8 seldepth 16 multipv 2 score cp 39 nodes 11280 nps 1128000 hashfull 2 tbhits 0 time 10 pv g1e2 g8e7 c1g5 e8g8 e1g1 h7h6 g5h4 g7g5 h4g3
[WORKER] 2026/03/06 14:41:11 worker.go:402: Получена строка от движка: info depth 8 seldepth 14 multipv 3 score cp 37 nodes 11280 nps 1128000 hashfull 2 tbhits 0 time 10 pv g1f3 g8e7 e1g1 e8g8 h2h3 c8f5 f1e1 f5d3 d1d3 d8d7 a2a3
[WORKER] 2026/03/06 14:41:11 worker.go:402: Получена строка от движка: info depth 9 seldepth 19 multipv 1 score cp 63 nodes 33451 nps 955742 hashfull 10 tbhits 0 time 35 pv a2a3 b4c3 b2c3 g8f6 g1e2 e8g8 e1g1 h7h6 e2g3 f8e8 h2h3 c6e7 f1e1 e7g6 e1e8 f6e8
[WORKER] 2026/03/06 14:41:11 worker.go:402: Получена строка от движка: info depth 9 seldepth 16 multipv 2 score cp 38 nodes 33451 nps 955742 hashfull 10 tbhits 0 time 35 pv g1f3 g8e7 e1g1 e8g8 f1e1
[WORKER] 2026/03/06 14:41:11 worker.go:402: Получена строка от движка: info depth 9 seldepth 23 multipv 3 score cp 28 nodes 33451 nps 955742 hashfull 10 tbhits 0 time 35 pv g1e2 g8e7 a2a3 b4c3 b2c3 c8f5 e1g1 f5d3 c2d3 d8d7 a3a4 b7b6
[WORKER] 2026/03/06 14:41:11 worker.go:402: Получена строка от движка: info depth 10 seldepth 12 multipv 1 score cp 63 nodes 44853 nps 954319 hashfull 12 tbhits 0 time 47 pv a2a3 b4c3 b2c3 g8f6 g1e2 e8g8 e1g1 h7h6 e2g3 f8e8 h2h3
[WORKER] 2026/03/06 14:41:11 worker.go:402: Получена строка от движка: info depth 10 seldepth 20 multipv 2 score cp 36 nodes 44853 nps 954319 hashfull 12 tbhits 0 time 47 pv g1f3 g8e7 e1g1 e8g8 c3e2 c8f5 c2c3 b4d6 f1e1 f5d3 d1d3
[WORKER] 2026/03/06 14:41:11 worker.go:402: Получена строка от движка: info depth 10 seldepth 20 multipv 3 score cp 27 nodes 44853 nps 954319 hashfull 12 tbhits 0 time 47 pv g1e2 g8e7 a2a3 b4c3 b2c3 c8f5 e1g1 f5d3 c2d3 b7b6
[WORKER] 2026/03/06 14:41:11 worker.go:402: Получена строка от движка: info depth 11 seldepth 14 multipv 1 score cp 63 nodes 64071 nps 928565 hashfull 18 tbhits 0 time 69 pv a2a3 b4c3 b2c3 g8f6 g1e2 e8g8 e1g1 h7h6 e2g3 f8e8 h2h3 c6e7 f1e1
[WORKER] 2026/03/06 14:41:11 worker.go:402: Получена строка от движка: info depth 11 seldepth 21 multipv 2 score cp 32 nodes 64071 nps 928565 hashfull 18 tbhits 0 time 69 pv g1e2 g8e7 e1g1 c8f5 d3f5 e7f5 e2f4 c6e7 g2g4
[WORKER] 2026/03/06 14:41:11 worker.go:402: Получена строка от движка: info depth 11 seldepth 17 multipv 3 score cp 32 nodes 64071 nps 928565 hashfull 18 tbhits 0 time 69 pv g1f3 g8e7 e1g1 c8f5 d3f5 e7f5 d1d3 d8d7 f1e1 f5e7 c1f4 e8g8
[WORKER] 2026/03/06 14:41:11 worker.go:402: Получена строка от движка: info depth 12 seldepth 19 multipv 1 score cp 62 nodes 113939 nps 869763 hashfull 35 tbhits 0 time 131 pv a2a3 b4c3 b2c3 g8f6 g1e2 e8g8 e1g1 h7h6 e2g3 f8e8 h2h3 c6e7 f1e1 e7g6 e1e8 f6e8
[WORKER] 2026/03/06 14:41:11 worker.go:402: Получена строка от движка: info depth 12 seldepth 22 multipv 2 score cp 27 nodes 113939 nps 869763 hashfull 35 tbhits 0 time 131 pv c1e3 c6e7 d1f3 g8f6 g1e2 c8g4 f3g3 g4e2 g3g7
[WORKER] 2026/03/06 14:41:11 worker.go:402: Получена строка от движка: info depth 12 seldepth 22 multipv 3 score cp 27 nodes 113939 nps 869763 hashfull 35 tbhits 0 time 131 pv g1f3 g8e7 e1g1 c8f5 d3f5 e7f5 d1d3 d8d7 f1e1 f5e7 c1f4 e8g8
[WORKER] 2026/03/06 14:41:11 worker.go:402: Получена строка от движка: info depth 13 seldepth 29 multipv 1 score cp 51 nodes 170414 nps 852070 hashfull 55 tbhits 0 time 200 pv a2a3 b4e7 g1f3 c8g4 c1e3 g8f6 h2h3 g4h5 d1e2
[WORKER] 2026/03/06 14:41:11 worker.go:402: Получена строка от движка: info depth 13 seldepth 19 multipv 2 score cp 33 nodes 170414 nps 852070 hashfull 55 tbhits 0 time 200 pv c1e3 c6e7 d1f3 g8f6 e3g5 f6e4 d3e4 d5e4 f3e4 d8d5 e4d5 b4c3 b2c3 e7d5
[WORKER] 2026/03/06 14:41:11 worker.go:402: Получена строка от движка: info depth 13 seldepth 22 multipv 3 score cp 32 nodes 170414 nps 852070 hashfull 55 tbhits 0 time 200 pv g1f3 g8e7 e1g1 c8f5 c3e2 b4d6 f1e1 f5d3 d1d3 e8g8 c1f4 e7g6 f4d6 d8d6
[WORKER] 2026/03/06 14:41:11 worker.go:402: Получена строка от движка: info depth 14 seldepth 20 multipv 1 score cp 53 nodes 289886 nps 821206 hashfull 96 tbhits 0 time 353 pv a2a3 b4c3 b2c3 g8f6 g1e2 e8g8 e1g1 f8e8 e2g3 c8g4 f2f3 g4d7 a1b1
[WORKER] 2026/03/06 14:41:11 worker.go:402: Получена строка от движка: info depth 14 seldepth 26 multipv 2 score cp 37 nodes 289886 nps 821206 hashfull 96 tbhits 0 time 353 pv g1f3 g8e7 e1g1 c8f5 c3e2 e8g8 c2c3 b4d6 c1f4 f5d3 d1d3 e7g6 f4d6 d8d6 a1e1
[WORKER] 2026/03/06 14:41:11 worker.go:402: Получена строка от движка: info depth 14 seldepth 25 multipv 3 score cp 32 nodes 289886 nps 821206 hashfull 96 tbhits 0 time 353 pv g1e2 g8e7 e1g1 c8f5 d3f5 e7f5 e2f4 c6e7 g2g4 f5h4
[WORKER] 2026/03/06 14:41:11 worker.go:402: Получена строка от движка: info depth 15 seldepth 26 multipv 1 score cp 49 nodes 432948 nps 804736 hashfull 151 tbhits 0 time 538 pv a2a3 b4a5 g1e2 g8e7 e1g1 a5c3 b2c3 c8f5 e2g3 f5d3 c2d3 d8d7 d1f3 e8g8 h2h4 c6a5 h4h5 h7h6 f1e1
[WORKER] 2026/03/06 14:41:11 worker.go:402: Получена строка от движка: info depth 15 seldepth 25 multipv 2 score cp 41 nodes 432948 nps 804736 hashfull 151 tbhits 0 time 538 pv g1f3 g8f6 e1g1 c8g4 f1e1 b4e7 c1e3 g4h5 h2h3 e8g8 g2g4 h5g6 e3g5 f6d7 g5e7
[WORKER] 2026/03/06 14:41:11 worker.go:402: Получена строка от движка: info depth 15 seldepth 26 multipv 3 score cp 33 nodes 432948 nps 804736 hashfull 151 tbhits 0 time 538 pv g1e2 g8e7 e1g1 c8f5 e2f4 d8d7 d3f5 d7f5 c3b5 a8c8 f4d3 a7a6 b5a7 c6a7 d3b4 e8g8 c2c3 c8e8
[WORKER] 2026/03/06 14:41:11 worker.go:402: Получена строка от движка: info depth 16 seldepth 20 multipv 1 score cp 46 nodes 597141 nps 797251 hashfull 219 tbhits 0 time 749 pv a2a3 b4a5 g1e2 g8e7 e1g1 c8f5 c3a4 f5d3 d1d3 e8g8 c2c3 a5b6 f1e1 e7g6 e2g3 d8d7
[WORKER] 2026/03/06 14:41:11 worker.go:402: Получена строка от движка: info depth 16 seldepth 29 multipv 2 score cp 43 nodes 597141 nps 797251 hashfull 219 tbhits 0 time 749 pv g1f3 g8f6 e1g1 c8g4 f1e1 b4e7 d3e2 e8g8 f3e5 g4e6 e5c6 b7c6 c3a4 f8e8 c1g5 h7h6 g5h4 e6f5 a4c5 e7c5 d4c5
[WORKER] 2026/03/06 14:41:11 worker.go:402: Получена строка от движка: info depth 16 seldepth 28 multipv 3 score cp 36 nodes 597141 nps 797251 hashfull 219 tbhits 0 time 749 pv g1e2 g8e7 e1g1 c8f5 e2f4 f5d3 f4d3 b4c3 b2c3 e8g8 h2h4 e7c8 h4h5 h7h6 f1e1 f8e8 e1e8 d8e8 c1f4 c8d6
[WORKER] 2026/03/06 14:41:11 worker.go:402: Получена строка от движка: bestmove a2a3 ponder b4a5
[WORKER] 2026/03/06 14:41:11 worker.go:518: Анализ позиции: 2 тактических ходов из 35 возможных
[WORKER] 2026/03/06 14:41:11 worker.go:179: Полуход 11. Ход белых: 0.6 сек (оценка: 46)
[WORKER] 2026/03/06 14:41:11 worker.go:402: Получена строка от движка: info string Available processors: 0-11
[WORKER] 2026/03/06 14:41:11 worker.go:402: Получена строка от движка: info string Using 1 thread
[WORKER] 2026/03/06 14:41:11 worker.go:402: Получена строка от движка: info string NNUE evaluation using nn-c288c895ea92.nnue (125MiB, (102384, 1024, 15, 32, 1))
[WORKER] 2026/03/06 14:41:11 worker.go:402: Получена строка от движка: info string NNUE evaluation using nn-37f18f62d772.nnue (6MiB, (22528, 128, 15, 32, 1))
[WORKER] 2026/03/06 14:41:11 worker.go:402: Получена строка от движка: info string Network replica 1: Shared memory.
[WORKER] 2026/03/06 14:41:11 worker.go:402: Получена строка от движка: info depth 1 seldepth 7 multipv 1 score cp -36 nodes 243 nps 243000 hashfull 0 tbhits 0 time 1 pv g8e7
[WORKER] 2026/03/06 14:41:11 worker.go:402: Получена строка от движка: info depth 1 seldepth 2 multipv 2 score cp -51 nodes 243 nps 243000 hashfull 0 tbhits 0 time 1 pv g8f6
[WORKER] 2026/03/06 14:41:11 worker.go:402: Получена строка от движка: info depth 1 seldepth 2 multipv 3 score cp -58 nodes 243 nps 243000 hashfull 0 tbhits 0 time 1 pv b4e7
[WORKER] 2026/03/06 14:41:11 worker.go:402: Получена строка от движка: info depth 2 seldepth 3 multipv 1 score cp -36 nodes 862 nps 862000 hashfull 0 tbhits 0 time 1 pv g8e7 e1g1
[WORKER] 2026/03/06 14:41:11 worker.go:402: Получена строка от движка: info depth 2 seldepth 8 multipv 2 score cp -49 nodes 862 nps 862000 hashfull 0 tbhits 0 time 1 pv g8f6 a2a3
[WORKER] 2026/03/06 14:41:11 worker.go:402: Получена строка от движка: info depth 2 seldepth 6 multipv 3 score cp -51 nodes 862 nps 862000 hashfull 0 tbhits 0 time 1 pv b4e7 a2a3
[WORKER] 2026/03/06 14:41:11 worker.go:402: Получена строка от движка: info depth 3 seldepth 5 multipv 1 score cp -36 nodes 1264 nps 1264000 hashfull 0 tbhits 0 time 1 pv g8e7 e1g1 c8f5
[WORKER] 2026/03/06 14:41:11 worker.go:402: Получена строка от движка: info depth 3 seldepth 5 multipv 2 score cp -54 nodes 1264 nps 1264000 hashfull 0 tbhits 0 time 1 pv g8f6 e1g1
[WORKER] 2026/03/06 14:41:11 worker.go:402: Получена строка от движка: info depth 3 seldepth 5 multipv 3 score cp -54 nodes 1264 nps 1264000 hashfull 0 tbhits 0 time 1 pv b4e7 a2a3 g8f6 e1g1
[WORKER] 2026/03/06 14:41:11 worker.go:402: Получена строка от движка: info depth 4 seldepth 6 multipv 1 score cp -36 nodes 1617 nps 1617000 hashfull 0 tbhits 0 time 1 pv g8e7 e1g1 c8f5 e2f4
[WORKER] 2026/03/06 14:41:11 worker.go:402: Получена строка от движка: info depth 4 seldepth 8 multipv 2 score cp -54 nodes 1617 nps 1617000 hashfull 0 tbhits 0 time 1 pv g8f6 e1g1 e8g8 a2a3 b4c3
[WORKER] 2026/03/06 14:41:11 worker.go:402: Получена строка от движка: info depth 4 seldepth 5 multipv 3 score cp -54 nodes 1617 nps 1617000 hashfull 0 tbhits 0 time 1 pv b4e7 a2a3 g8f6 e1g1
[WORKER] 2026/03/06 14:41:11 worker.go:402: Получена строка от движка: info depth 5 seldepth 7 multipv 1 score cp -36 nodes 2217 nps 1108500 hashfull 0 tbhits 0 time 2 pv g8e7 e1g1 c8f5 e2f4 f5d3
[WORKER] 2026/03/06 14:41:11 worker.go:402: Получена строка от движка: info depth 5 seldepth 9 multipv 2 score cp -53 nodes 2217 nps 1108500 hashfull 0 tbhits 0 time 2 pv g8f6 e1g1 e8g8 a2a3 b4c3 b2c3
[WORKER] 2026/03/06 14:41:11 worker.go:402: Получена строка от движка: info depth 5 seldepth 6 multipv 3 score cp -57 nodes 2217 nps 1108500 hashfull 0 tbhits 0 time 2 pv b4e7 a2a3 g8f6 h2h3
[WORKER] 2026/03/06 14:41:11 worker.go:402: Получена строка от движка: info depth 6 seldepth 8 multipv 1 score cp -36 nodes 3454 nps 1151333 hashfull 0 tbhits 0 time 3 pv g8e7 e1g1 c8f5 e2f4 f5d3 f4d3
[WORKER] 2026/03/06 14:41:11 worker.go:402: Получена строка от движка: info depth 6 seldepth 7 multipv 2 score cp -49 nodes 3454 nps 1151333 hashfull 0 tbhits 0 time 3 pv b4a5 e1g1 g8e7 c3a4 c6b4
[WORKER] 2026/03/06 14:41:11 worker.go:402: Получена строка от движка: info depth 6 seldepth 10 multipv 3 score cp -53 nodes 3454 nps 1151333 hashfull 0 tbhits 0 time 3 pv g8f6 a2a3 b4c3 b2c3 e8g8 e1g1
[WORKER] 2026/03/06 14:41:11 worker.go:402: Получена строка от движка: info depth 7 seldepth 9 multipv 1 score cp -36 nodes 4392 nps 1464000 hashfull 1 tbhits 0 time 3 pv g8e7 e1g1 c8f5 e2f4 f5d3 f4d3 b4c3
[WORKER] 2026/03/06 14:41:11 worker.go:402: Получена строка от движка: info depth 7 seldepth 10 multipv 2 score cp -51 nodes 4392 nps 1464000 hashfull 1 tbhits 0 time 3 pv g8f6 a2a3 b4c3 b2c3 e8g8 e1g1 f8e8
[WORKER] 2026/03/06 14:41:11 worker.go:402: Получена строка от движка: info depth 7 seldepth 8 multipv 3 score cp -52 nodes 4392 nps 1464000 hashfull 1 tbhits 0 time 3 pv b4a5 e1g1 g8e7 a2a3 a5b6 f1e1 e8g8
[WORKER] 2026/03/06 14:41:11 worker.go:402: Получена строка от движка: info depth 8 seldepth 9 multipv 1 score cp -36 nodes 6978 nps 1163000 hashfull 2 tbhits 0 time 6 pv g8e7 e1g1 c8f5 e2f4 f5d3 f4d3 b4c3 b2c3
[WORKER] 2026/03/06 14:41:11 worker.go:402: Получена строка от движка: info depth 8 seldepth 15 multipv 2 score cp -53 nodes 6978 nps 1163000 hashfull 2 tbhits 0 time 6 pv b4a5 e1g1 g8e7 e2f4 e8g8 c3a4 c6d4 b2b4 a5b6 d3h7 g8h7 a4b6 a7b6
[WORKER] 2026/03/06 14:41:11 worker.go:402: Получена строка от движка: info depth 8 seldepth 13 multipv 3 score cp -54 nodes 6978 nps 1163000 hashfull 2 tbhits 0 time 6 pv g8f6 e1g1 e8g8 a2a3 b4c3 b2c3 f8e8 e2g3 h7h6 h2h3 f6e4
[WORKER] 2026/03/06 14:41:11 worker.go:402: Получена строка от движка: info depth 9 seldepth 10 multipv 1 score cp -36 nodes 10754 nps 1075400 hashfull 2 tbhits 0 time 10 pv g8e7 e1g1 c8f5 e2f4 f5d3 f4d3 b4c3 b2c3 e8g8
[WORKER] 2026/03/06 14:41:11 worker.go:402: Получена строка от движка: info depth 9 seldepth 17 multipv 2 score cp -48 nodes 10754 nps 1075400 hashfull 2 tbhits 0 time 10 pv b4a5 a2a3 g8e7 e1g1 a5c3 b2c3 c8f5 e2g3 f5d3 c2d3 d8d7 d1f3 e8g8 h2h4 c6a5 h4h5
[WORKER] 2026/03/06 14:41:11 worker.go:402: Получена строка от движка: info depth 9 seldepth 14 multipv 3 score cp -49 nodes 10754 nps 1075400 hashfull 2 tbhits 0 time 10 pv b4e7 a2a3 g8f6 e1g1 e8g8 f1e1 f6h5
[WORKER] 2026/03/06 14:41:11 worker.go:402: Получена строка от движка: info depth 10 seldepth 18 multipv 1 score cp -36 nodes 26585 nps 949464 hashfull 8 tbhits 0 time 28 pv g8e7 e1g1 c8f5 e2f4 f5d3 f4d3 b4c3 b2c3 e8g8 h2h4 e7c8 h4h5 h7h6 f1e1 f8e8
[WORKER] 2026/03/06 14:41:11 worker.go:402: Получена строка от движка: info depth 10 seldepth 16 multipv 2 score cp -48 nodes 26585 nps 949464 hashfull 8 tbhits 0 time 28 pv b4a5 a2a3 g8e7 e1g1 a5c3 b2c3 c8f5
[WORKER] 2026/03/06 14:41:11 worker.go:402: Получена строка от движка: info depth 10 seldepth 19 multipv 3 score cp -57 nodes 26585 nps 949464 hashfull 8 tbhits 0 time 28 pv b4e7 a2a3 g8f6 h2h3 e8g8 e1g1 f8e8 f1e1 c8e6 c1g5
[WORKER] 2026/03/06 14:41:11 worker.go:402: Получена строка от движка: info depth 11 seldepth 18 multipv 1 score cp -36 nodes 49477 nps 970137 hashfull 14 tbhits 0 time 51 pv g8e7 e1g1 c8f5 e2f4 f5d3 f4d3 b4c3 b2c3 e8g8 f1e1 b7b6 d1f3 d8d7 h2h4 f8e8
[WORKER] 2026/03/06 14:41:12 worker.go:402: Получена строка от движка: info depth 11 seldepth 18 multipv 2 score cp -47 nodes 49477 nps 970137 hashfull 14 tbhits 0 time 51 pv b4e7 a2a3 g8f6 h2h3 e8g8 e1g1 f8e8 f1e1
[WORKER] 2026/03/06 14:41:12 worker.go:402: Получена строка от движка: info depth 11 seldepth 20 multipv 3 score cp -54 nodes 49477 nps 970137 hashfull 14 tbhits 0 time 51 pv b4a5 e1g1 g8e7 a2a3 c8f5 c3a4 f5d3 d1d3 a5b6 f1e1
[WORKER] 2026/03/06 14:41:12 worker.go:402: Получена строка от движка: info depth 12 seldepth 23 multipv 1 score cp -35 nodes 79046 nps 919139 hashfull 25 tbhits 0 time 86 pv g8e7 e1g1 e8g8 e2f4 c6d4 d3h7 g8h7 d1d4 b4c3 b2c3 b7b6 f1e1 c7c6 c1a3 c6c5 d4e5 e7g6 e5h5 h7g8 f4g6 f7g6 h5g6
[WORKER] 2026/03/06 14:41:12 worker.go:402: Получена строка от движка: info depth 12 seldepth 23 multipv 2 score cp -53 nodes 79046 nps 919139 hashfull 25 tbhits 0 time 86 pv b4a5 e1g1 g8e7 a2a3 c8f5 c3a4 f5d3 d1d3 a5b6 a4b6 a7b6
[WORKER] 2026/03/06 14:41:12 worker.go:402: Получена строка от движка: info depth 12 seldepth 19 multipv 3 score cp -57 nodes 79046 nps 919139 hashfull 25 tbhits 0 time 86 pv g8f6 a2a3 b4c3 b2c3 e8g8 e1g1 c8g4 f2f3 g4h5 c1g5 h7h6 g5h4 h5g6 a1b1
[WORKER] 2026/03/06 14:41:12 worker.go:402: Получена строка от движка: info depth 13 seldepth 19 multipv 1 score cp -35 nodes 119415 nps 891156 hashfull 42 tbhits 0 time 134 pv g8e7 e1g1 e8g8 e2f4 c6d4 d3h7 g8h7 d1d4 b4c3 b2c3 b7b6 f1e1 c7c6 c1a3 c6c5 d4e5 e7g6
[WORKER] 2026/03/06 14:41:12 worker.go:402: Получена строка от движка: info depth 13 seldepth 27 multipv 2 score cp -49 nodes 119415 nps 891156 hashfull 42 tbhits 0 time 134 pv b4a5 e1g1 g8e7 a2a3 a5c3 b2c3 c8f5 e2g3 f5d3 c2d3 d8d7 h2h4 e8c8 d1f3 e7g6 h4h5 g6f8 c1g5 f7f6 g5d2 f8e6
[WORKER] 2026/03/06 14:41:12 worker.go:402: Получена строка от движка: info depth 13 seldepth 24 multipv 3 score cp -55 nodes 119415 nps 891156 hashfull 42 tbhits 0 time 134 pv g8f6 a2a3 b4c3 b2c3 e8g8 e1g1 f8e8 e2g3 h7h6 h2h3 c6e7 a3a4 a7a5 f1e1 e7g6 e1e8 d8e8
[WORKER] 2026/03/06 14:41:12 worker.go:402: Получена строка от движка: info depth 14 seldepth 23 multipv 1 score cp -37 nodes 184176 nps 868754 hashfull 60 tbhits 0 time 212 pv g8e7 e1g1 e8g8 e2f4 c6d4 d3h7 g8h7 d1d4 b4c3 b2c3 b7b6 f1e1 d8d6 c3c4
[WORKER] 2026/03/06 14:41:12 worker.go:402: Получена строка от движка: info depth 14 seldepth 27 multipv 2 score cp -46 nodes 184176 nps 868754 hashfull 60 tbhits 0 time 212 pv b4a5 a2a3 g8e7 e1g1 a5c3 b2c3 c8f5 e2g3 f5d3 c2d3 d8d7 h2h4 e8c8 d1f3 f7f6
[WORKER] 2026/03/06 14:41:12 worker.go:402: Получена строка от движка: info depth 14 seldepth 25 multipv 3 score cp -55 nodes 184176 nps 868754 hashfull 60 tbhits 0 time 212 pv g8f6 a2a3 b4c3 b2c3 e8g8 e1g1 f8e8 e2g3 h7h6 h2h3 c6e7 a3a4 a7a5 f2f4 f6e4 g3e4 d5e4 d3e4 e7f5 e4d3
[WORKER] 2026/03/06 14:41:12 worker.go:402: Получена строка от движка: info depth 15 seldepth 23 multipv 1 score cp -37 nodes 224582 nps 863776 hashfull 71 tbhits 0 time 260 pv g8e7 e1g1 e8g8 e2f4 c6d4 d3h7 g8h7 d1d4 b4c3 b2c3 b7b6 f1e1 d8d6 f4h5
[WORKER] 2026/03/06 14:41:12 worker.go:402: Получена строка от движка: info depth 15 seldepth 23 multipv 2 score cp -43 nodes 224582 nps 863776 hashfull 71 tbhits 0 time 260 pv b4a5 a2a3 g8e7 e1g1 a5c3 b2c3 c8f5 e2g3 f5d3 c2d3 d8d7 d1f3 f7f6 a3a4 e8c8 a1b1
[WORKER] 2026/03/06 14:41:12 worker.go:402: Получена строка от движка: info depth 15 seldepth 30 multipv 3 score cp -48 nodes 224582 nps 863776 hashfull 71 tbhits 0 time 260 pv g8f6 e1g1 e8g8 c1g5 b4e7 a2a3 f8e8 h2h3 h7h6 g5h4 c6a5 f1e1
[WORKER] 2026/03/06 14:41:12 worker.go:402: Получена строка от движка: info depth 16 seldepth 28 multipv 1 score cp -36 nodes 394024 nps 838348 hashfull 136 tbhits 0 time 470 pv g8e7 e1g1 c8f5 e2f4 f5d3 f4d3 b4c3 b2c3 d8d7 d3c5 d7c8 d1f3
[WORKER] 2026/03/06 14:41:12 worker.go:402: Получена строка от движка: info depth 16 seldepth 23 multipv 2 score cp -45 nodes 394024 nps 838348 hashfull 136 tbhits 0 time 470 pv b4a5 a2a3 g8e7 e1g1 a5c3 b2c3 c8f5 e2g3 f5d3 c2d3 d8d7 h2h4 e8c8 d1f3 e7g6 h4h5 g6f8 c1g5 f7f6 g5d2 f8e6 f1e1
[WORKER] 2026/03/06 14:41:12 worker.go:402: Получена строка от движка: info depth 16 seldepth 26 multipv 3 score cp -56 nodes 394024 nps 838348 hashfull 136 tbhits 0 time 470 pv g8f6 a2a3 b4e7 h2h3 c8e6 c1e3 d8d7 e2f4 e6f5 d1f3 f5d3 f4d3 e8c8 e1c1
[WORKER] 2026/03/06 14:41:12 worker.go:402: Получена строка от движка: bestmove g8e7 ponder e1g1
[WORKER] 2026/03/06 14:41:12 worker.go:518: Анализ позиции: 2 тактических ходов из 40 возможных
[WORKER] 2026/03/06 14:41:12 worker.go:179: Полуход 12. Ход черных: 1.6 сек (оценка: 36)
[WORKER] 2026/03/06 14:41:12 worker.go:402: Получена строка от движка: info string Available processors: 0-11
[WORKER] 2026/03/06 14:41:12 worker.go:402: Получена строка от движка: info string Using 1 thread
[WORKER] 2026/03/06 14:41:12 worker.go:402: Получена строка от движка: info string NNUE evaluation using nn-c288c895ea92.nnue (125MiB, (102384, 1024, 15, 32, 1))
[WORKER] 2026/03/06 14:41:12 worker.go:402: Получена строка от движка: info string NNUE evaluation using nn-37f18f62d772.nnue (6MiB, (22528, 128, 15, 32, 1))
[WORKER] 2026/03/06 14:41:12 worker.go:402: Получена строка от движка: info string Network replica 1: Shared memory.
[WORKER] 2026/03/06 14:41:12 worker.go:402: Получена строка от движка: info depth 1 seldepth 4 multipv 1 score cp 39 nodes 187 nps 187000 hashfull 0 tbhits 0 time 1 pv h2h3
[WORKER] 2026/03/06 14:41:12 worker.go:402: Получена строка от движка: info depth 1 seldepth 4 multipv 2 score cp 38 nodes 187 nps 187000 hashfull 0 tbhits 0 time 1 pv a2a3 b4c3 b2c3
[WORKER] 2026/03/06 14:41:12 worker.go:402: Получена строка от движка: info depth 1 seldepth 18 multipv 3 score cp 36 nodes 187 nps 187000 hashfull 0 tbhits 0 time 1 pv e1g1
[WORKER] 2026/03/06 14:41:12 worker.go:402: Получена строка от движка: info depth 2 seldepth 7 multipv 1 score cp 36 nodes 563 nps 563000 hashfull 0 tbhits 0 time 1 pv e1g1 c8f5 d3f5
[WORKER] 2026/03/06 14:41:12 worker.go:402: Получена строка от движка: info depth 2 seldepth 8 multipv 2 score cp 28 nodes 563 nps 563000 hashfull 0 tbhits 0 time 1 pv a2a3 b4c3 b2c3 c8f5 e1g1 f5d3 c2d3
[WORKER] 2026/03/06 14:41:12 worker.go:402: Получена строка от движка: info depth 2 seldepth 4 multipv 3 score cp 28 nodes 563 nps 563000 hashfull 0 tbhits 0 time 1 pv h2h3 c8f5
[WORKER] 2026/03/06 14:41:12 worker.go:402: Получена строка от движка: info depth 3 seldepth 5 multipv 1 score cp 35 nodes 994 nps 994000 hashfull 0 tbhits 0 time 1 pv e1g1 c8f5 e2f4
[WORKER] 2026/03/06 14:41:12 worker.go:402: Получена строка от движка: info depth 3 seldepth 8 multipv 2 score cp 28 nodes 994 nps 994000 hashfull 0 tbhits 0 time 1 pv a2a3 b4c3 b2c3
[WORKER] 2026/03/06 14:41:12 worker.go:402: Получена строка от движка: info depth 3 seldepth 5 multipv 3 score cp 25 nodes 994 nps 994000 hashfull 0 tbhits 0 time 1 pv c1g5 f7f6
[WORKER] 2026/03/06 14:41:12 worker.go:402: Получена строка от движка: info depth 4 seldepth 8 multipv 1 score cp 38 nodes 1353 nps 1353000 hashfull 0 tbhits 0 time 1 pv e1g1 c8f5 e2f4
[WORKER] 2026/03/06 14:41:12 worker.go:402: Получена строка от движка: info depth 4 seldepth 6 multipv 2 score cp 28 nodes 1353 nps 1353000 hashfull 0 tbhits 0 time 1 pv a2a3 b4c3 b2c3 c8f5
[WORKER] 2026/03/06 14:41:12 worker.go:402: Получена строка от движка: info depth 4 seldepth 6 multipv 3 score cp 25 nodes 1353 nps 1353000 hashfull 0 tbhits 0 time 1 pv c1g5 f7f6 g5f4 c8f5
[WORKER] 2026/03/06 14:41:12 worker.go:402: Получена строка от движка: info depth 5 seldepth 8 multipv 1 score cp 39 nodes 3144 nps 1048000 hashfull 0 tbhits 0 time 3 pv e1g1 c8f5 e2f4 f5d3 f4d3 b4c3 b2c3
[WORKER] 2026/03/06 14:41:12 worker.go:402: Получена строка от движка: info depth 5 seldepth 8 multipv 2 score cp 28 nodes 3144 nps 1048000 hashfull 0 tbhits 0 time 3 pv a2a3 b4c3 b2c3 c8f5 e1g1 f5d3 c2d3
[WORKER] 2026/03/06 14:41:12 worker.go:402: Получена строка от движка: info depth 5 seldepth 9 multipv 3 score cp 17 nodes 3144 nps 1048000 hashfull 0 tbhits 0 time 3 pv h2h3 c8f5 e1g1 f5d3 d1d3
[WORKER] 2026/03/06 14:41:12 worker.go:402: Получена строка от движка: info depth 6 seldepth 8 multipv 1 score cp 40 nodes 4577 nps 1525666 hashfull 1 tbhits 0 time 3 pv e1g1 c8f5 e2f4 f5d3 f4d3 b4c3
[WORKER] 2026/03/06 14:41:12 worker.go:402: Получена строка от движка: info depth 6 seldepth 8 multipv 2 score cp 28 nodes 4577 nps 1525666 hashfull 1 tbhits 0 time 3 pv a2a3 b4c3 b2c3 c8f5 e1g1 f5d3 c2d3
[WORKER] 2026/03/06 14:41:12 worker.go:402: Получена строка от движка: info depth 6 seldepth 8 multipv 3 score cp 17 nodes 4577 nps 1525666 hashfull 1 tbhits 0 time 3 pv h2h3 c8f5 e1g1 f5d3 d1d3 d8d7
[WORKER] 2026/03/06 14:41:12 worker.go:402: Получена строка от движка: info depth 7 seldepth 8 multipv 1 score cp 40 nodes 6953 nps 1158833 hashfull 1 tbhits 0 time 6 pv e1g1 c8f5 e2f4 f5d3 f4d3 b4c3 b2c3
[WORKER] 2026/03/06 14:41:12 worker.go:402: Получена строка от движка: info depth 7 seldepth 8 multipv 2 score cp 28 nodes 6953 nps 1158833 hashfull 1 tbhits 0 time 6 pv a2a3 b4c3 b2c3 c8f5 e1g1 f5d3 c2d3
[WORKER] 2026/03/06 14:41:12 worker.go:402: Получена строка от движка: info depth 7 seldepth 13 multipv 3 score cp 21 nodes 6953 nps 1158833 hashfull 1 tbhits 0 time 6 pv c1g5 f7f6 g5d2 c8f5 e2f4 c6d4 d3f5
[WORKER] 2026/03/06 14:41:12 worker.go:402: Получена строка от движка: info depth 8 seldepth 16 multipv 1 score cp 39 nodes 13556 nps 1129666 hashfull 4 tbhits 0 time 12 pv e1g1 c8f5 e2f4 f5d3 f4d3 b4c3 b2c3 d8d7 d1h5 b7b6 c1a3 e8g8 f2f4
[WORKER] 2026/03/06 14:41:12 worker.go:402: Получена строка от движка: info depth 8 seldepth 16 multipv 2 score cp 28 nodes 13556 nps 1129666 hashfull 4 tbhits 0 time 12 pv a2a3 b4c3 b2c3 c8f5 e1g1 f5d3 c2d3
[WORKER] 2026/03/06 14:41:12 worker.go:402: Получена строка от движка: info depth 8 seldepth 14 multipv 3 score cp 24 nodes 13556 nps 1129666 hashfull 4 tbhits 0 time 12 pv h2h3 c8f5 e1g1 f5d3 d1d3 d8d7 a2a3 b4c3 d3c3 f7f6
[WORKER] 2026/03/06 14:41:12 worker.go:402: Получена строка от движка: info depth 9 seldepth 10 multipv 1 score cp 39 nodes 20562 nps 1082210 hashfull 6 tbhits 0 time 19 pv e1g1 c8f5 e2f4 f5d3 f4d3 b4c3 b2c3 d8d7 d1h5
[WORKER] 2026/03/06 14:41:12 worker.go:402: Получена строка от движка: info depth 9 seldepth 16 multipv 2 score cp 28 nodes 20562 nps 1082210 hashfull 6 tbhits 0 time 19 pv a2a3 b4c3 b2c3 c8f5 e1g1 f5d3 c2d3 d8d7 a3a4 e8c8
[WORKER] 2026/03/06 14:41:12 worker.go:402: Получена строка от движка: info depth 9 seldepth 14 multipv 3 score cp 22 nodes 20562 nps 1082210 hashfull 6 tbhits 0 time 19 pv h2h3 c8f5 e1g1 d8d7 a2a3 b4c3 b2c3 e8g8
[WORKER] 2026/03/06 14:41:12 worker.go:402: Получена строка от движка: info depth 10 seldepth 13 multipv 1 score cp 39 nodes 31979 nps 1031580 hashfull 9 tbhits 0 time 31 pv e1g1 c8f5 e2f4 f5d3 f4d3 b4c3 b2c3 d8d7 d1h5 b7b6 c1a3 e8g8
[WORKER] 2026/03/06 14:41:12 worker.go:402: Получена строка от движка: info depth 10 seldepth 17 multipv 2 score cp 34 nodes 31979 nps 1031580 hashfull 9 tbhits 0 time 31 pv a2a3 b4c3 b2c3 c8f5 e1g1 f5d3 c2d3 d8d7 e2g3 e8c8 d1f3
[WORKER] 2026/03/06 14:41:12 worker.go:402: Получена строка от движка: info depth 10 seldepth 19 multipv 3 score cp 22 nodes 31979 nps 1031580 hashfull 9 tbhits 0 time 31 pv h2h3 c8f5 e1g1 e8g8 a2a3
[WORKER] 2026/03/06 14:41:12 worker.go:402: Получена строка от движка: info depth 11 seldepth 24 multipv 1 score cp 38 nodes 50837 nps 1037489 hashfull 13 tbhits 0 time 49 pv e1g1 e8g8 a2a3 b4c3 b2c3 c8f5 h2h4 d8c8 e2f4 f5d3 c2d3
[WORKER] 2026/03/06 14:41:12 worker.go:402: Получена строка от движка: info depth 11 seldepth 21 multipv 2 score cp 30 nodes 50837 nps 1037489 hashfull 13 tbhits 0 time 49 pv a2a3 b4c3 b2c3 c8f5 e2g3 f5d3 c2d3 d8d7 e1g1 e8c8
[WORKER] 2026/03/06 14:41:12 worker.go:402: Получена строка от движка: info depth 11 seldepth 19 multipv 3 score cp 25 nodes 50837 nps 1037489 hashfull 13 tbhits 0 time 49 pv h2h3 c8f5 a2a3 b4c3 b2c3 d8d7 e1g1 e8g8 a3a4 f8e8 e2f4
[WORKER] 2026/03/06 14:41:12 worker.go:402: Получена строка от движка: info depth 12 seldepth 20 multipv 1 score cp 42 nodes 92713 nps 835252 hashfull 26 tbhits 0 time 111 pv e1g1 e8g8 a2a3 b4d6 c1g5 f7f6 g5e3 c8f5 c3d5 d6h2 g1h2 d8d5
[WORKER] 2026/03/06 14:41:12 worker.go:402: Получена строка от движка: info depth 12 seldepth 21 multipv 2 score cp 33 nodes 92713 nps 835252 hashfull 26 tbhits 0 time 111 pv a2a3 b4c3 b2c3 c8f5 e1g1 d8d7 e2g3 f5d3 c2d3 e8c8 d1f3 e7g6 g3f5 f7f6 a3a4
[WORKER] 2026/03/06 14:41:12 worker.go:402: Получена строка от движка: info depth 12 seldepth 23 multipv 3 score cp 17 nodes 92713 nps 835252 hashfull 26 tbhits 0 time 111 pv h2h3 c8f5 a2a3 b4c3 b2c3 e8g8 a3a4 d8d7 e1g1 f5d3 c2d3 b7b6 h3h4 f8e8 h4h5 h7h6
[WORKER] 2026/03/06 14:41:12 worker.go:402: Получена строка от движка: info depth 13 seldepth 25 multipv 1 score cp 39 nodes 148061 nps 827156 hashfull 44 tbhits 0 time 179 pv e1g1 c8f5 e2f4 f5d3 f4d3 b4c3 b2c3 e8g8 h2h4 d8d7 h4h5 h7h6 d1f3
[WORKER] 2026/03/06 14:41:12 worker.go:402: Получена строка от движка: info depth 13 seldepth 32 multipv 2 score cp 31 nodes 148061 nps 827156 hashfull 44 tbhits 0 time 179 pv a2a3 b4c3 b2c3 c8f5 e2g3 f5d3 c2d3 d8d7 e1g1 e8c8 d1f3 f7f6 f1e1
[WORKER] 2026/03/06 14:41:12 worker.go:402: Получена строка от движка: info depth 13 seldepth 22 multipv 3 score cp 16 nodes 148061 nps 827156 hashfull 44 tbhits 0 time 179 pv h2h3 c8f5 a2a3 b4c3 b2c3 f5d3 c2d3 d8d7 e1g1 e8c8
[WORKER] 2026/03/06 14:41:12 worker.go:402: Получена строка от движка: info depth 14 seldepth 25 multipv 1 score cp 41 nodes 223746 nps 819582 hashfull 62 tbhits 0 time 273 pv e1g1 c8f5 e2f4 b4c3 b2c3 f5d3 f4d3 e8g8 h2h4 e7c8 h4h5 c8d6 h5h6
[WORKER] 2026/03/06 14:41:12 worker.go:402: Получена строка от движка: info depth 14 seldepth 30 multipv 2 score cp 33 nodes 223746 nps 819582 hashfull 62 tbhits 0 time 273 pv a2a3 b4c3 b2c3 c8f5 e2g3 f5d3 c2d3 d8d7 e1g1 e8c8 d1f3 f7f6 a3a4 b7b6 c1d2 e7g6 g3f5 h8e8 h2h4 c6e7
[WORKER] 2026/03/06 14:41:12 worker.go:402: Получена строка от движка: info depth 14 seldepth 22 multipv 3 score cp 22 nodes 223746 nps 819582 hashfull 62 tbhits 0 time 273 pv c1g5 b4c3 e2c3 f7f6 g5e3 c8f5 d1h5 g7g6 h5f3 f5d3 f3f6
[WORKER] 2026/03/06 14:41:12 worker.go:402: Получена строка от движка: info depth 15 seldepth 28 multipv 1 score cp 39 nodes 362833 nps 808091 hashfull 111 tbhits 0 time 449 pv e1g1 e8g8 a2a3 b4d6 f1e1 c8f5 c3b5 f8e8 c1g5 d8d7 b5d6 d7d6
[WORKER] 2026/03/06 14:41:12 worker.go:402: Получена строка от движка: info depth 15 seldepth 29 multipv 2 score cp 28 nodes 362833 nps 808091 hashfull 111 tbhits 0 time 449 pv a2a3 b4c3 b2c3 c8f5 e2g3 f5d3 c2d3 d8d7 e1g1 e7g6 a3a4 e8c8 a4a5 a7a6 c1g5 f7f6 g5d2 g6f8 d1f3 f8e6 f1b1 e6g5 f3d1 g5e6 h2h4 c6a7
[WORKER] 2026/03/06 14:41:12 worker.go:402: Получена строка от движка: info depth 15 seldepth 25 multipv 3 score cp 19 nodes 362833 nps 808091 hashfull 111 tbhits 0 time 449 pv c1g5 f7f6 g5d2 c8f5 e2f4 f5d3 f4d3 d8d7 d3b4 c6b4 c3e2 b4c6 c2c3 e7g6 e1g1 h7h5 a2a4 h5h4
[WORKER] 2026/03/06 14:41:13 worker.go:402: Получена строка от движка: info depth 16 seldepth 30 multipv 1 score cp 34 nodes 600958 nps 809916 hashfull 189 tbhits 0 time 742 pv e1g1 c8f5 e2f4 f5d3 f4d3 b4c3 b2c3 e8g8 h2h4 e7f5 h4h5 f5d6 h5h6 g7g6 a2a4
[WORKER] 2026/03/06 14:41:13 worker.go:402: Получена строка от движка: info depth 16 seldepth 29 multipv 2 score cp 18 nodes 600958 nps 809916 hashfull 189 tbhits 0 time 742 pv c1g5 f7f6 g5d2 e8g8 a2a3 b4c3 d2c3 c8f5 e1g1 d8d7 d3b5 a7a6 b5a4 f8e8 a4b3 e7g6
[WORKER] 2026/03/06 14:41:13 worker.go:402: Получена строка от движка: info depth 16 seldepth 27 multipv 3 score cp 11 nodes 600958 nps 809916 hashfull 189 tbhits 0 time 742 pv a2a3 b4c3 b2c3 c8f5 a3a4 d8d7 e1g1 f5d3 c2d3 e8c8 a4a5 a7a6 c1d2 h7h5 e2c1 d7g4 c1b3 g4d1 f1d1 e7f5 b3c5 d8e8
[WORKER] 2026/03/06 14:41:13 worker.go:402: Получена строка от движка: bestmove e1g1 ponder c8f5
[WORKER] 2026/03/06 14:41:13 worker.go:518: Анализ позиции: 1 тактических ходов из 31 возможных
[WORKER] 2026/03/06 14:41:13 worker.go:179: Полуход 13. Ход белых: 1.6 сек (оценка: 34)
[WORKER] 2026/03/06 14:41:13 worker.go:402: Получена строка от движка: info string Available processors: 0-11
[WORKER] 2026/03/06 14:41:13 worker.go:402: Получена строка от движка: info string Using 1 thread
[WORKER] 2026/03/06 14:41:13 worker.go:402: Получена строка от движка: info string NNUE evaluation using nn-c288c895ea92.nnue (125MiB, (102384, 1024, 15, 32, 1))
[WORKER] 2026/03/06 14:41:13 worker.go:402: Получена строка от движка: info string NNUE evaluation using nn-37f18f62d772.nnue (6MiB, (22528, 128, 15, 32, 1))
[WORKER] 2026/03/06 14:41:13 worker.go:402: Получена строка от движка: info string Network replica 1: Shared memory.
[WORKER] 2026/03/06 14:41:13 worker.go:402: Получена строка от движка: info depth 1 seldepth 10 multipv 1 score cp -34 nodes 134 nps 134000 hashfull 0 tbhits 0 time 1 pv c8f5
[WORKER] 2026/03/06 14:41:13 worker.go:402: Получена строка от движка: info depth 1 seldepth 2 multipv 2 score cp -35 nodes 134 nps 134000 hashfull 0 tbhits 0 time 1 pv e8g8
[WORKER] 2026/03/06 14:41:13 worker.go:402: Получена строка от движка: info depth 1 seldepth 2 multipv 3 score cp -39 nodes 134 nps 134000 hashfull 0 tbhits 0 time 1 pv a7a6
[WORKER] 2026/03/06 14:41:13 worker.go:402: Получена строка от движка: info depth 2 seldepth 6 multipv 1 score cp -33 nodes 509 nps 509000 hashfull 0 tbhits 0 time 1 pv c8f5 e2f4
[WORKER] 2026/03/06 14:41:13 worker.go:402: Получена строка от движка: info depth 2 seldepth 5 multipv 2 score cp -40 nodes 509 nps 509000 hashfull 0 tbhits 0 time 1 pv e8g8 a2a3
[WORKER] 2026/03/06 14:41:13 worker.go:402: Получена строка от движка: info depth 2 seldepth 16 multipv 3 score cp -40 nodes 509 nps 509000 hashfull 0 tbhits 0 time 1 pv a7a6
[WORKER] 2026/03/06 14:41:13 worker.go:402: Получена строка от движка: info depth 3 seldepth 7 multipv 1 score cp -34 nodes 665 nps 665000 hashfull 0 tbhits 0 time 1 pv c8f5 e2f4 f5d3 f4d3 b4c3
[WORKER] 2026/03/06 14:41:13 worker.go:402: Получена строка от движка: info depth 3 seldepth 7 multipv 2 score cp -39 nodes 665 nps 665000 hashfull 0 tbhits 0 time 1 pv a7a6 e2g3 c6d4
[WORKER] 2026/03/06 14:41:13 worker.go:402: Получена строка от движка: info depth 3 seldepth 5 multipv 3 score cp -40 nodes 665 nps 665000 hashfull 0 tbhits 0 time 1 pv e8g8 a2a3 b4c3
[WORKER] 2026/03/06 14:41:13 worker.go:402: Получена строка от движка: info depth 4 seldepth 7 multipv 1 score cp -34 nodes 818 nps 818000 hashfull 0 tbhits 0 time 1 pv c8f5 e2f4 f5d3 d1d3
[WORKER] 2026/03/06 14:41:13 worker.go:402: Получена строка от движка: info depth 4 seldepth 6 multipv 2 score cp -36 nodes 818 nps 818000 hashfull 0 tbhits 0 time 1 pv e8g8
[WORKER] 2026/03/06 14:41:13 worker.go:402: Получена строка от движка: info depth 4 seldepth 6 multipv 3 score cp -38 nodes 818 nps 818000 hashfull 0 tbhits 0 time 1 pv a7a6 e2g3 c6d4 g3h5
[WORKER] 2026/03/06 14:41:13 worker.go:402: Получена строка от движка: info depth 5 seldepth 12 multipv 1 score cp -34 nodes 2120 nps 2120000 hashfull 0 tbhits 0 time 1 pv c8f5 e2f4 f5d3 f4d3 b4c3 b2c3 e8g8 h2h4 e7f5 h4h5 f5d6
[WORKER] 2026/03/06 14:41:13 worker.go:402: Получена строка от движка: info depth 5 seldepth 8 multipv 2 score cp -37 nodes 2120 nps 2120000 hashfull 0 tbhits 0 time 1 pv a7a6 e2g3 c6d4 g3h5 e8f8 a2a3
[WORKER] 2026/03/06 14:41:13 worker.go:402: Получена строка от движка: info depth 5 seldepth 8 multipv 3 score cp -44 nodes 2120 nps 2120000 hashfull 0 tbhits 0 time 1 pv c8g4
[WORKER] 2026/03/06 14:41:13 worker.go:402: Получена строка от движка: info depth 6 seldepth 7 multipv 1 score cp -34 nodes 4006 nps 2003000 hashfull 1 tbhits 0 time 2 pv c8f5 e2f4 f5d3 f4d3 b4c3 b2c3
[WORKER] 2026/03/06 14:41:13 worker.go:402: Получена строка от движка: info depth 6 seldepth 8 multipv 2 score cp -34 nodes 4006 nps 2003000 hashfull 1 tbhits 0 time 2 pv e8g8 e2g3 c6d4 d3h7 g8h7 d1d4
[WORKER] 2026/03/06 14:41:13 worker.go:402: Получена строка от движка: info depth 6 seldepth 12 multipv 3 score cp -44 nodes 4006 nps 2003000 hashfull 1 tbhits 0 time 2 pv c8g4 a2a3 b4c3 b2c3 g4f5
[WORKER] 2026/03/06 14:41:13 worker.go:402: Получена строка от движка: info depth 7 seldepth 8 multipv 1 score cp -34 nodes 4911 nps 1637000 hashfull 1 tbhits 0 time 3 pv c8f5 e2f4 f5d3 f4d3 b4c3 b2c3 e8g8
[WORKER] 2026/03/06 14:41:13 worker.go:402: Получена строка от движка: info depth 7 seldepth 8 multipv 2 score cp -34 nodes 4911 nps 1637000 hashfull 1 tbhits 0 time 3 pv e8g8 e2g3 c6d4 d3h7 g8h7 d1d4 c7c5
[WORKER] 2026/03/06 14:41:13 worker.go:402: Получена строка от движка: info depth 7 seldepth 11 multipv 3 score cp -41 nodes 4911 nps 1637000 hashfull 1 tbhits 0 time 3 pv a7a6 a2a3 b4c3 b2c3 c8f5 a3a4 f5d3 c2d3
[WORKER] 2026/03/06 14:41:13 worker.go:402: Получена строка от движка: info depth 8 seldepth 11 multipv 1 score cp -34 nodes 7269 nps 1453800 hashfull 1 tbhits 0 time 5 pv c8f5 e2f4 f5d3 f4d3 b4c3 b2c3 e8g8 h2h4 e7f5 h4h5
[WORKER] 2026/03/06 14:41:13 worker.go:402: Получена строка от движка: info depth 8 seldepth 11 multipv 2 score cp -37 nodes 7269 nps 1453800 hashfull 1 tbhits 0 time 5 pv e8g8 e2f4 c6d4 d3h7 g8h7 d1d4 c7c5 d4e5 b4c3 b2c3
[WORKER] 2026/03/06 14:41:13 worker.go:402: Получена строка от движка: info depth 8 seldepth 12 multipv 3 score cp -44 nodes 7269 nps 1453800 hashfull 1 tbhits 0 time 5 pv a7a6 a2a3 b4c3 b2c3 c8f5 e2g3 f5d3 c2d3 d8d7 d1f3
[WORKER] 2026/03/06 14:41:13 worker.go:402: Получена строка от движка: info depth 9 seldepth 14 multipv 1 score cp -34 nodes 12999 nps 1299900 hashfull 4 tbhits 0 time 10 pv c8f5 e2f4 f5d3 f4d3 b4c3 b2c3 e8g8 c1a3
[WORKER] 2026/03/06 14:41:13 worker.go:402: Получена строка от движка: info depth 9 seldepth 15 multipv 2 score cp -34 nodes 12999 nps 1299900 hashfull 4 tbhits 0 time 10 pv e8g8 e2f4 c6d4 d3h7 g8h7 d1d4 b4c3 d4c3
[WORKER] 2026/03/06 14:41:13 worker.go:402: Получена строка от движка: info depth 9 seldepth 16 multipv 3 score cp -43 nodes 12999 nps 1299900 hashfull 4 tbhits 0 time 10 pv c8g4 a2a3 b4c3 b2c3 d8d7 a3a4 g4f5 e2g3 f5d3
[WORKER] 2026/03/06 14:41:13 worker.go:402: Получена строка от движка: info depth 10 seldepth 17 multipv 1 score cp -34 nodes 22688 nps 1134400 hashfull 6 tbhits 0 time 20 pv e8g8 e2g3 c6d4 d3h7 g8h7 d1d4 c7c5 d4e5 f8e8 e5h5 h7g8 c1g5 f7f6
[WORKER] 2026/03/06 14:41:13 worker.go:402: Получена строка от движка: info depth 10 seldepth 18 multipv 2 score cp -37 nodes 22688 nps 1134400 hashfull 6 tbhits 0 time 20 pv c8f5 e2f4 b4c3 b2c3 f5d3 f4d3 e8g8 h2h4 e7f5 h4h5 f5d6 h5h6
[WORKER] 2026/03/06 14:41:13 worker.go:402: Получена строка от движка: info depth 10 seldepth 17 multipv 3 score cp -43 nodes 22688 nps 1134400 hashfull 6 tbhits 0 time 20 pv c8g4 a2a3 b4c3 b2c3 e8g8 f1e1 d8d7 h2h3 g4f5 e2g3 f5g6 d1f3
[WORKER] 2026/03/06 14:41:13 worker.go:402: Получена строка от движка: info depth 11 seldepth 18 multipv 1 score cp -34 nodes 28364 nps 1090923 hashfull 8 tbhits 0 time 26 pv c8f5 e2f4 f5d3 f4d3 b4c3 b2c3 e8g8 h2h4 e7f5 h4h5 f5d6 h5h6
[WORKER] 2026/03/06 14:41:13 worker.go:402: Получена строка от движка: info depth 11 seldepth 12 multipv 2 score cp -34 nodes 28364 nps 1090923 hashfull 8 tbhits 0 time 26 pv e8g8 e2g3 c6d4 d3h7 g8h7 d1d4 c7c5 d4e5 f8e8 e5h5 h7g8
[WORKER] 2026/03/06 14:41:13 worker.go:402: Получена строка от движка: info depth 11 seldepth 16 multipv 3 score cp -39 nodes 28364 nps 1090923 hashfull 8 tbhits 0 time 26 pv c8g4 a2a3 b4c3 b2c3 d8d7 h2h3 g4f5 e2g3 f5d3 c2d3 e8c8
[WORKER] 2026/03/06 14:41:13 worker.go:402: Получена строка от движка: info depth 12 seldepth 16 multipv 1 score cp -32 nodes 46008 nps 1069953 hashfull 14 tbhits 0 time 43 pv c8f5 e2f4 f5d3 f4d3 b4c3 b2c3 e8g8 h2h4 e7f5 h4h5 f5d6 h5h6 g7g6 d1f3 d6e4
[WORKER] 2026/03/06 14:41:13 worker.go:402: Получена строка от движка: info depth 12 seldepth 19 multipv 2 score cp -33 nodes 46008 nps 1069953 hashfull 14 tbhits 0 time 43 pv e8g8 a2a3 b4d6 c1g5 f7f6 g5f4 c6d4 d3h7 g8h7 d1d4
[WORKER] 2026/03/06 14:41:13 worker.go:402: Получена строка от движка: info depth 12 seldepth 18 multipv 3 score cp -42 nodes 46008 nps 1069953 hashfull 14 tbhits 0 time 43 pv c8g4 a2a3 b4c3 b2c3 d8d7 a1b1 e8c8 a3a4 g4f5 e2f4 h8e8 d3b5
[WORKER] 2026/03/06 14:41:13 worker.go:402: Получена строка от движка: info depth 13 seldepth 18 multipv 1 score cp -32 nodes 95019 nps 950190 hashfull 34 tbhits 0 time 100 pv c8f5 e2f4 f5d3 f4d3 b4c3 b2c3 e8g8 h2h4 e7f5 h4h5 f5d6 h5h6 g7g6 d1f3 d6e4 f1e1
[WORKER] 2026/03/06 14:41:13 worker.go:402: Получена строка от движка: info depth 13 seldepth 27 multipv 2 score cp -34 nodes 95019 nps 950190 hashfull 34 tbhits 0 time 100 pv c8g4 h2h3 g4f5 e2f4 f5d3 f4d3 b4c3 b2c3 e8g8 h3h4 e7f5 h4h5 f5d6 h5h6 g7g6 d1f3 d6e4
[WORKER] 2026/03/06 14:41:13 worker.go:402: Получена строка от движка: info depth 13 seldepth 20 multipv 3 score cp -36 nodes 95019 nps 950190 hashfull 34 tbhits 0 time 100 pv e8g8 e2f4 c6d4 d3h7 g8h7 d1d4 b4c3 d4c3 d8d6 c3f3 h7g8 f1e1 c8d7
[WORKER] 2026/03/06 14:41:13 worker.go:402: Получена строка от движка: info depth 14 seldepth 25 multipv 1 score cp -31 nodes 184653 nps 875132 hashfull 70 tbhits 0 time 211 pv e8g8 e2f4 c6d4 d3h7 g8h7 d1d4 b4c3 d4c3 c8f5 f1e1 f8e8 c1e3 d8d6 c3c5 d6c5 e3c5
[WORKER] 2026/03/06 14:41:13 worker.go:402: Получена строка от движка: info depth 14 seldepth 18 multipv 2 score cp -32 nodes 184653 nps 875132 hashfull 70 tbhits 0 time 211 pv c8f5 e2f4 f5d3 f4d3 b4c3 b2c3 e8g8 h2h4 e7f5 h4h5 f5d6 h5h6 g7g6 d1f3 d6e4 f1e1
[WORKER] 2026/03/06 14:41:13 worker.go:402: Получена строка от движка: info depth 14 seldepth 26 multipv 3 score cp -37 nodes 184653 nps 875132 hashfull 70 tbhits 0 time 211 pv c8g4 h2h3 g4f5 d3f5 e7f5 e2f4 c6e7 g2g4 f5h4 f4d3 b4c3 b2c3 e8g8 f2f4 f7f5 c1a3 f8e8 d3e5
[WORKER] 2026/03/06 14:41:13 worker.go:402: Получена строка от движка: info depth 15 seldepth 28 multipv 1 score cp -25 nodes 313909 nps 867151 hashfull 109 tbhits 0 time 362 pv c8f5 e2f4 c6d4 d3f5 d4f5 c3d5 b4d6 d5e7 f5e7 f4h5 e8g8 c1g5 f7f6 g5f4 d6f4 h5f4 d8d1 f1d1 f8d8
[WORKER] 2026/03/06 14:41:13 worker.go:402: Получена строка от движка: info depth 15 seldepth 29 multipv 2 score cp -29 nodes 313909 nps 867151 hashfull 109 tbhits 0 time 362 pv e8g8 a2a3 b4d6 c1e3 c8f5 c3d5 d6h2 g1h2 d8d5 c2c4
[WORKER] 2026/03/06 14:41:13 worker.go:402: Получена строка от движка: info depth 15 seldepth 30 multipv 3 score cp -36 nodes 313909 nps 867151 hashfull 109 tbhits 0 time 362 pv c8g4 h2h3 g4f5 e2f4 f5d3 f4d3 d8d7 c3e2 e8g8 d3b4 c6b4 c2c3 b4c6 e2f4 f8e8
[WORKER] 2026/03/06 14:41:13 worker.go:402: Получена строка от движка: info depth 16 seldepth 31 multipv 1 score cp -24 nodes 551815 nps 846342 hashfull 194 tbhits 0 time 652 pv c8f5 e2f4 c6d4 d3f5 d4f5 c3d5 b4d6 d5e7 f5e7 f4h5 e8g8 c1g5 f7f6 g5f4 d6f4 h5f4 d8d1 a1d1 e7c6 h2h4 a8e8 f2f3 e8e7
[WORKER] 2026/03/06 14:41:13 worker.go:402: Получена строка от движка: info depth 16 seldepth 22 multipv 2 score cp -25 nodes 551815 nps 846342 hashfull 194 tbhits 0 time 652 pv e8g8 e2f4 c6d4 d3h7 g8h7 d1d4 b4c3 d4c3 c8f5 f1e1 d8d7 c1e3 b7b6 b2b4 f7f6 f4e2 f8e8
[WORKER] 2026/03/06 14:41:13 worker.go:402: Получена строка от движка: info depth 16 seldepth 32 multipv 3 score cp -45 nodes 551815 nps 846342 hashfull 194 tbhits 0 time 652 pv c8g4 h2h3 g4f5 e2f4 f5d3 f4d3 b4c3 b2c3 e8g8 h3h4 e7c8 h4h5 h7h6 d1f3 c6a5 c1f4 a5c4 f1e1 c7c6 a2a4
[WORKER] 2026/03/06 14:41:13 worker.go:402: Получена строка от движка: bestmove c8f5 ponder e2f4
[WORKER] 2026/03/06 14:41:13 worker.go:518: Анализ позиции: 2 тактических ходов из 35 возможных
[WORKER] 2026/03/06 14:41:13 worker.go:179: Полуход 14. Ход черных: 20.5 сек (оценка: 24)
[WORKER] 2026/03/06 14:41:13 worker.go:402: Получена строка от движка: info string Available processors: 0-11
[WORKER] 2026/03/06 14:41:13 worker.go:402: Получена строка от движка: info string Using 1 thread
[WORKER] 2026/03/06 14:41:13 worker.go:402: Получена строка от движка: info string NNUE evaluation using nn-c288c895ea92.nnue (125MiB, (102384, 1024, 15, 32, 1))
[WORKER] 2026/03/06 14:41:13 worker.go:402: Получена строка от движка: info string NNUE evaluation using nn-37f18f62d772.nnue (6MiB, (22528, 128, 15, 32, 1))
[WORKER] 2026/03/06 14:41:13 worker.go:402: Получена строка от движка: info string Network replica 1: Shared memory.
[WORKER] 2026/03/06 14:41:13 worker.go:402: Получена строка от движка: info depth 1 seldepth 24 multipv 1 score cp 24 nodes 195 nps 195000 hashfull 0 tbhits 0 time 1 pv d3f5 e7f5
[WORKER] 2026/03/06 14:41:13 worker.go:402: Получена строка от движка: info depth 1 seldepth 4 multipv 2 score cp 24 nodes 195 nps 195000 hashfull 0 tbhits 0 time 1 pv e2f4 c6d4
[WORKER] 2026/03/06 14:41:13 worker.go:402: Получена строка от движка: info depth 1 seldepth 5 multipv 3 score cp 22 nodes 195 nps 195000 hashfull 0 tbhits 0 time 1 pv e2g3 f5d3 d1d3
[WORKER] 2026/03/06 14:41:13 worker.go:402: Получена строка от движка: info depth 2 seldepth 3 multipv 1 score cp 24 nodes 424 nps 424000 hashfull 0 tbhits 0 time 1 pv d3f5 e7f5
[WORKER] 2026/03/06 14:41:13 worker.go:402: Получена строка от движка: info depth 2 seldepth 5 multipv 2 score cp 24 nodes 424 nps 424000 hashfull 0 tbhits 0 time 1 pv e2f4 c6d4 d3f5
[WORKER] 2026/03/06 14:41:13 worker.go:402: Получена строка от движка: info depth 2 seldepth 5 multipv 3 score cp 22 nodes 424 nps 424000 hashfull 0 tbhits 0 time 1 pv e2g3 f5d3
[WORKER] 2026/03/06 14:41:13 worker.go:402: Получена строка от движка: info depth 3 seldepth 5 multipv 1 score cp 24 nodes 532 nps 532000 hashfull 0 tbhits 0 time 1 pv d3f5 e7f5 e2f4
[WORKER] 2026/03/06 14:41:13 worker.go:402: Получена строка от движка: info depth 3 seldepth 6 multipv 2 score cp 24 nodes 532 nps 532000 hashfull 0 tbhits 0 time 1 pv e2f4 c6d4 d3f5 d4f5
[WORKER] 2026/03/06 14:41:13 worker.go:402: Получена строка от движка: info depth 3 seldepth 5 multipv 3 score cp 22 nodes 532 nps 532000 hashfull 0 tbhits 0 time 1 pv e2g3 f5d3 d1d3
[WORKER] 2026/03/06 14:41:13 worker.go:402: Получена строка от движка: info depth 4 seldepth 5 multipv 1 score cp 24 nodes 864 nps 864000 hashfull 0 tbhits 0 time 1 pv d3f5 e7f5 e2f4 c6e7
[WORKER] 2026/03/06 14:41:13 worker.go:402: Получена строка от движка: info depth 4 seldepth 7 multipv 2 score cp 24 nodes 864 nps 864000 hashfull 0 tbhits 0 time 1 pv e2f4 c6d4 d3f5 d4f5 c3d5
[WORKER] 2026/03/06 14:41:13 worker.go:402: Получена строка от движка: info depth 4 seldepth 5 multipv 3 score cp 20 nodes 864 nps 864000 hashfull 0 tbhits 0 time 1 pv e2g3 f5d3 d1d3 d8d7
[WORKER] 2026/03/06 14:41:13 worker.go:402: Получена строка от движка: info depth 5 seldepth 7 multipv 1 score cp 31 nodes 1085 nps 1085000 hashfull 0 tbhits 0 time 1 pv e2f4 c6d4 d3f5 d4f5 c3d5
[WORKER] 2026/03/06 14:41:13 worker.go:402: Получена строка от движка: info depth 5 seldepth 7 multipv 2 score cp 30 nodes 1085 nps 1085000 hashfull 0 tbhits 0 time 1 pv d3f5 e7f5
[WORKER] 2026/03/06 14:41:13 worker.go:402: Получена строка от движка: info depth 5 seldepth 6 multipv 3 score cp 23 nodes 1085 nps 1085000 hashfull 0 tbhits 0 time 1 pv e2g3 f5d3 d1d3 e8g8
[WORKER] 2026/03/06 14:41:13 worker.go:402: Получена строка от движка: info depth 6 seldepth 11 multipv 1 score cp 40 nodes 2686 nps 1343000 hashfull 0 tbhits 0 time 2 pv d3f5 e7f5 e2f4 b4c3 b2c3
[WORKER] 2026/03/06 14:41:13 worker.go:402: Получена строка от движка: info depth 6 seldepth 9 multipv 2 score cp 24 nodes 2686 nps 1343000 hashfull 0 tbhits 0 time 2 pv e2f4 c6d4 d3f5 d4f5 c3d5 b4d6 d5e7
[WORKER] 2026/03/06 14:41:13 worker.go:402: Получена строка от движка: info depth 6 seldepth 12 multipv 3 score cp 20 nodes 2686 nps 1343000 hashfull 0 tbhits 0 time 2 pv e2g3 f5d3 d1d3 d8d7 c3e2 e8c8
[WORKER] 2026/03/06 14:41:13 worker.go:402: Получена строка от движка: info depth 7 seldepth 15 multipv 1 score cp 39 nodes 3843 nps 1281000 hashfull 0 tbhits 0 time 3 pv d3f5 e7f5 e2f4 c6e7 g2g4 f5h4
[WORKER] 2026/03/06 14:41:13 worker.go:402: Получена строка от движка: info depth 7 seldepth 9 multipv 2 score cp 28 nodes 3843 nps 1281000 hashfull 0 tbhits 0 time 3 pv e2f4 c6d4 d3f5 d4f5 c3d5 b4d6 d5e7 f5e7
[WORKER] 2026/03/06 14:41:13 worker.go:402: Получена строка от движка: info depth 7 seldepth 9 multipv 3 score cp 24 nodes 3843 nps 1281000 hashfull 0 tbhits 0 time 3 pv e2g3 f5d3 d1d3 e8g8
[WORKER] 2026/03/06 14:41:13 worker.go:402: Получена строка от движка: info depth 8 seldepth 11 multipv 1 score cp 35 nodes 6914 nps 1382800 hashfull 0 tbhits 0 time 5 pv d3f5 e7f5 e2f4 c6e7 g2g4 f5h4 f4h5 e8g8 c1g5
[WORKER] 2026/03/06 14:41:13 worker.go:402: Получена строка от движка: info depth 8 seldepth 10 multipv 2 score cp 24 nodes 6914 nps 1382800 hashfull 0 tbhits 0 time 5 pv e2f4 c6d4 d3f5 d4f5 c3d5 b4d6 d5e7 f5e7 f4h5
[WORKER] 2026/03/06 14:41:13 worker.go:402: Получена строка от движка: info depth 8 seldepth 15 multipv 3 score cp 17 nodes 6914 nps 1382800 hashfull 0 tbhits 0 time 5 pv a2a3 b4c3 b2c3 d8d7 a3a4 f5d3 c2d3
[WORKER] 2026/03/06 14:41:13 worker.go:402: Получена строка от движка: info depth 9 seldepth 27 multipv 1 score cp 33 nodes 27724 nps 1108960 hashfull 4 tbhits 0 time 25 pv e2f4 c6d4 d3f5 d4f5 c3d5 b4d6 d5e7 f5e7 f4h5 e8g8 c1g5 f7f6 g5f4 d6f4 h5f4 d8d1 a1d1 f8f7
[WORKER] 2026/03/06 14:41:13 worker.go:402: Получена строка от движка: info depth 9 seldepth 18 multipv 2 score cp 22 nodes 27724 nps 1108960 hashfull 4 tbhits 0 time 25 pv d3f5 e7f5 e2f4 c6e7 d1f3 e8g8 c3d5 f5d4 d5e7 d8e7
[WORKER] 2026/03/06 14:41:13 worker.go:402: Получена строка от движка: info depth 9 seldepth 21 multipv 3 score cp 10 nodes 27724 nps 1108960 hashfull 4 tbhits 0 time 25 pv e2g3 f5d3 d1d3 d8d7 c1f4
[WORKER] 2026/03/06 14:41:13 worker.go:402: Получена строка от движка: info depth 10 seldepth 11 multipv 1 score cp 33 nodes 48974 nps 1088311 hashfull 10 tbhits 0 time 45 pv e2f4 c6d4 d3f5 d4f5 c3d5 b4d6 d5e7 f5e7 f4h5 e8g8
[WORKER] 2026/03/06 14:41:13 worker.go:402: Получена строка от движка: info depth 10 seldepth 20 multipv 2 score cp 14 nodes 48974 nps 1088311 hashfull 10 tbhits 0 time 45 pv d3f5 e7f5 e2f4 c6e7 f4h5 e8g8 d1g4 f7f6 c3e2 g7g6 c2c3 b4d6 c1f4 d8c8 h2h3 g8h8
[WORKER] 2026/03/06 14:41:13 worker.go:402: Получена строка от движка: info depth 10 seldepth 19 multipv 3 score cp 8 nodes 48974 nps 1088311 hashfull 10 tbhits 0 time 45 pv a2a3 b4c3 b2c3 f5d3 c2d3 d8d7 a3a4 e8c8 e2g3 e7f5 a4a5 a7a6
[WORKER] 2026/03/06 14:41:13 worker.go:402: Получена строка от движка: info depth 11 seldepth 13 multipv 1 score cp 33 nodes 71709 nps 1070283 hashfull 16 tbhits 0 time 67 pv e2f4 c6d4 d3f5 d4f5 c3d5 b4d6 d5e7 f5e7 f4h5 e8g8 c1g5 f7f6
[WORKER] 2026/03/06 14:41:13 worker.go:402: Получена строка от движка: info depth 11 seldepth 24 multipv 2 score cp 19 nodes 71709 nps 1070283 hashfull 16 tbhits 0 time 67 pv d3f5 e7f5 e2f4 c6e7 f4h5 e8g8 d1g4 f7f6 c3e2 g7g6 c2c3 b4d6 c1f4 d6f4
[WORKER] 2026/03/06 14:41:13 worker.go:402: Получена строка от движка: info depth 11 seldepth 23 multipv 3 score cp 13 nodes 71709 nps 1070283 hashfull 16 tbhits 0 time 67 pv a2a3 b4c3 b2c3 f5d3 c2d3 d8d7 a3a4 e8c8 a4a5 a7a6
[WORKER] 2026/03/06 14:41:13 worker.go:402: Получена строка от движка: info depth 12 seldepth 16 multipv 1 score cp 33 nodes 91751 nps 1042625 hashfull 22 tbhits 0 time 88 pv e2f4 c6d4 d3f5 d4f5 c3d5 b4d6 d5e7 f5e7 f4h5 e8g8 c1g5 f7f6 g5f4 d6f4
[WORKER] 2026/03/06 14:41:13 worker.go:402: Получена строка от движка: info depth 12 seldepth 24 multipv 2 score cp 20 nodes 91751 nps 1042625 hashfull 22 tbhits 0 time 88 pv d3f5 e7f5 e2f4 c6e7 f4h5 e8g8 d1g4 g7g6 c3e2 f7f6 c2c3 b4d6 c1f4 d8c8 h2h3 c7c6
[WORKER] 2026/03/06 14:41:13 worker.go:402: Получена строка от движка: info depth 12 seldepth 22 multipv 3 score cp 13 nodes 91751 nps 1042625 hashfull 22 tbhits 0 time 88 pv a2a3 b4c3 b2c3 f5d3 c2d3 d8d7 a3a4 e8c8 a4a5 a7a6 c1d2 d7f5
[WORKER] 2026/03/06 14:41:13 worker.go:402: Получена строка от движка: info depth 13 seldepth 18 multipv 1 score cp 33 nodes 148763 nps 972307 hashfull 35 tbhits 0 time 153 pv e2f4 c6d4 d3f5 d4f5 c3d5 b4d6 d5e7 f5e7 f4h5 e8g8 c1g5 f7f6 g5f4 d6f4 h5f4 d8d1
[WORKER] 2026/03/06 14:41:13 worker.go:402: Получена строка от движка: info depth 13 seldepth 30 multipv 2 score cp 13 nodes 148763 nps 965993 hashfull 35 tbhits 0 time 154 pv d3f5 e7f5 e2f4 c6e7 c3e2 b4d6 f4h5 e8g8 c2c3 c7c6 e2f4 g7g6 g2g4 f5g7 h5g7 g8g7
[WORKER] 2026/03/06 14:41:13 worker.go:402: Получена строка от движка: info depth 13 seldepth 24 multipv 3 score cp 10 nodes 148763 nps 965993 hashfull 35 tbhits 0 time 154 pv a2a3 b4c3 b2c3 d8d7 a3a4 f5d3 c2d3 e8c8 a4a5 a7a6 c1d2 h7h5 e2c1 d7g4 c1b3 g4d1 f1d1 c6a7
[WORKER] 2026/03/06 14:41:14 worker.go:402: Получена строка от движка: info depth 14 seldepth 21 multipv 1 score cp 32 nodes 254758 nps 936610 hashfull 75 tbhits 0 time 272 pv e2f4 c6d4 d3f5 d4f5 c3d5 b4d6 d5e7 f5e7 f4h5 e8g8 c1g5 f7f6 g5f4 f8f7 f4d6 d8d6
[WORKER] 2026/03/06 14:41:14 worker.go:402: Получена строка от движка: info depth 14 seldepth 25 multipv 2 score cp 10 nodes 254758 nps 936610 hashfull 75 tbhits 0 time 272 pv d3f5 e7f5 e2f4 c6e7 d1f3 e8g8 c3e2 b4d6 c2c3 c7c6 f4d3 f8e8 e2g3 d8c8 f1e1 f5g3 h2g3
[WORKER] 2026/03/06 14:41:14 worker.go:402: Получена строка от движка: info depth 14 seldepth 26 multipv 3 score cp 6 nodes 254758 nps 936610 hashfull 75 tbhits 0 time 272 pv c3a4 f5d3 d1d3 d8d7 a2a3 b4d6 a4c5 d6c5 d4c5 e8c8 b2b4 c6e5 d3d1 e5c4
[WORKER] 2026/03/06 14:41:14 worker.go:402: Получена строка от движка: info depth 15 seldepth 35 multipv 1 score cp 28 nodes 421965 nps 905504 hashfull 130 tbhits 0 time 466 pv e2f4 c6d4 d3f5 d4f5 c3d5 b4d6 d1f3 c7c6 d5e7 d8e7 c1d2 e8g8 a1e1 e7g5 g2g3 f8e8 f3d3
[WORKER] 2026/03/06 14:41:14 worker.go:402: Получена строка от движка: info depth 15 seldepth 29 multipv 2 score cp 17 nodes 421965 nps 905504 hashfull 130 tbhits 0 time 466 pv d3f5 e7f5 e2f4 c6e7 d1f3 e8g8 c3e2 b4d6 c2c3 c7c6 f4d3 d8c8 e2g3 f5g3 h2g3 e7g6 c1f4 g6f4 g3f4 c8f5
[WORKER] 2026/03/06 14:41:14 worker.go:402: Получена строка от движка: info depth 15 seldepth 21 multipv 3 score cp 9 nodes 421965 nps 905504 hashfull 130 tbhits 0 time 466 pv c3b1 d8d7 c2c3 b4d6 c1f4 e8c8 f4d6 d7d6 d3f5 e7f5 b1d2 h7h5 e2c1 g7g5 c1d3 d6g6
[WORKER] 2026/03/06 14:41:14 worker.go:402: Получена строка от движка: info depth 16 seldepth 36 multipv 1 score cp 44 nodes 595916 nps 873777 hashfull 191 tbhits 0 time 682 pv e2f4 f5d3 f4d3 b4c3 b2c3 e8g8 h2h4 e7c8 h4h5 h7h6 d1f3 c6a5 f1e1 c7c6 c1a3
[WORKER] 2026/03/06 14:41:14 worker.go:402: Получена строка от движка: info depth 16 seldepth 27 multipv 2 score cp 15 nodes 595916 nps 873777 hashfull 191 tbhits 0 time 682 pv c3b1 d8d7 c1f4 e8c8 c2c3 b4d6 f4d6 d7d6 d3f5 e7f5 f1e1 d8e8 b1d2 h7h5 d2f3 f7f6 d1d3
[WORKER] 2026/03/06 14:41:14 worker.go:402: Получена строка от движка: info depth 16 seldepth 29 multipv 3 score cp 12 nodes 595916 nps 873777 hashfull 191 tbhits 0 time 682 pv d3f5 e7f5 e2f4 c6e7 d1f3 b4c3 b2c3 e8g8 c1a3 f8e8 g2g3 c7c6 f4d3 f5d6 a3d6 d8d6 a1e1
[WORKER] 2026/03/06 14:41:14 worker.go:402: Получена строка от движка: bestmove e2f4 ponder f5d3
[WORKER] 2026/03/06 14:41:14 worker.go:518: Анализ позиции: 2 тактических ходов из 31 возможных
[WORKER] 2026/03/06 14:41:14 worker.go:179: Полуход 15. Ход белых: 19.5 сек (оценка: 44)
[WORKER] 2026/03/06 14:41:14 worker.go:402: Получена строка от движка: info string Available processors: 0-11
[WORKER] 2026/03/06 14:41:14 worker.go:402: Получена строка от движка: info string Using 1 thread
[WORKER] 2026/03/06 14:41:14 worker.go:402: Получена строка от движка: info string NNUE evaluation using nn-c288c895ea92.nnue (125MiB, (102384, 1024, 15, 32, 1))
[WORKER] 2026/03/06 14:41:14 worker.go:402: Получена строка от движка: info string NNUE evaluation using nn-37f18f62d772.nnue (6MiB, (22528, 128, 15, 32, 1))
[WORKER] 2026/03/06 14:41:14 worker.go:402: Получена строка от движка: info string Network replica 1: Shared memory.
[WORKER] 2026/03/06 14:41:14 worker.go:402: Получена строка от движка: info depth 1 seldepth 6 multipv 1 score cp -12 nodes 142 nps 142000 hashfull 0 tbhits 0 time 1 pv e7f5
[WORKER] 2026/03/06 14:41:14 worker.go:402: Получена строка от движка: info depth 1 seldepth 2 multipv 2 score cp -134 nodes 142 nps 142000 hashfull 0 tbhits 0 time 1 pv a7a6
[WORKER] 2026/03/06 14:41:14 worker.go:402: Получена строка от движка: info depth 1 seldepth 4 multipv 3 score cp -142 nodes 142 nps 142000 hashfull 0 tbhits 0 time 1 pv b4c3
[WORKER] 2026/03/06 14:41:14 worker.go:402: Получена строка от движка: info depth 2 seldepth 4 multipv 1 score cp -12 nodes 531 nps 531000 hashfull 0 tbhits 0 time 1 pv e7f5 e2f4
[WORKER] 2026/03/06 14:41:14 worker.go:402: Получена строка от движка: info depth 2 seldepth 5 multipv 2 score cp -134 nodes 531 nps 531000 hashfull 0 tbhits 0 time 1 pv a7a6 a2a3 b4c3
[WORKER] 2026/03/06 14:41:14 worker.go:402: Получена строка от движка: info depth 2 seldepth 4 multipv 3 score cp -142 nodes 531 nps 531000 hashfull 0 tbhits 0 time 1 pv b4c3
[WORKER] 2026/03/06 14:41:14 worker.go:402: Получена строка от движка: info depth 3 seldepth 4 multipv 1 score cp -12 nodes 763 nps 763000 hashfull 0 tbhits 0 time 1 pv e7f5 e2f4 c6e7
[WORKER] 2026/03/06 14:41:14 worker.go:402: Получена строка от движка: info depth 3 seldepth 4 multipv 2 score cp -144 nodes 763 nps 763000 hashfull 0 tbhits 0 time 1 pv b4c3 f5h3 c3b4
[WORKER] 2026/03/06 14:41:14 worker.go:402: Получена строка от движка: info depth 3 seldepth 6 multipv 3 score cp -161 nodes 763 nps 763000 hashfull 0 tbhits 0 time 1 pv a7a6 e2f4 b4c3 b2c3 e7f5
[WORKER] 2026/03/06 14:41:14 worker.go:402: Получена строка от движка: info depth 4 seldepth 6 multipv 1 score cp -12 nodes 1196 nps 1196000 hashfull 0 tbhits 0 time 1 pv e7f5 e2f4 c6e7 d1f3
[WORKER] 2026/03/06 14:41:14 worker.go:402: Получена строка от движка: info depth 4 seldepth 5 multipv 2 score cp -144 nodes 1196 nps 1196000 hashfull 0 tbhits 0 time 1 pv b4c3 f5h3 c3b4
[WORKER] 2026/03/06 14:41:14 worker.go:402: Получена строка от движка: info depth 4 seldepth 6 multipv 3 score cp -480 nodes 1196 nps 1196000 hashfull 0 tbhits 0 time 1 pv g7g6
[WORKER] 2026/03/06 14:41:14 worker.go:402: Получена строка от движка: info depth 5 seldepth 7 multipv 1 score cp -12 nodes 1714 nps 857000 hashfull 0 tbhits 0 time 2 pv e7f5 e2f4 c6e7 d1f3 b4c3
[WORKER] 2026/03/06 14:41:14 worker.go:402: Получена строка от движка: info depth 5 seldepth 5 multipv 2 score cp -175 nodes 1714 nps 857000 hashfull 0 tbhits 0 time 2 pv b4c3 f5h3 c3b4 e2f4
[WORKER] 2026/03/06 14:41:14 worker.go:402: Получена строка от движка: info depth 5 seldepth 5 multipv 3 score cp -567 nodes 1714 nps 857000 hashfull 0 tbhits 0 time 2 pv g7g6 f5h3 b4c3 b2c3
[WORKER] 2026/03/06 14:41:14 worker.go:402: Получена строка от движка: info depth 6 seldepth 7 multipv 1 score cp -12 nodes 2200 nps 1100000 hashfull 0 tbhits 0 time 2 pv e7f5 e2f4 c6e7 d1f3 b4c3 b2c3
[WORKER] 2026/03/06 14:41:14 worker.go:402: Получена строка от движка: info depth 6 seldepth 6 multipv 2 score cp -150 nodes 2200 nps 1100000 hashfull 0 tbhits 0 time 2 pv b4c3 f5h3 c3b4 e2f4 e8g8
[WORKER] 2026/03/06 14:41:14 worker.go:402: Получена строка от движка: info depth 6 seldepth 7 multipv 3 score cp -546 nodes 2200 nps 1100000 hashfull 0 tbhits 0 time 2 pv e8g8
[WORKER] 2026/03/06 14:41:14 worker.go:402: Получена строка от движка: info depth 7 seldepth 8 multipv 1 score cp -12 nodes 2827 nps 942333 hashfull 0 tbhits 0 time 3 pv e7f5 e2f4 c6e7 d1f3 b4c3 f3c3
[WORKER] 2026/03/06 14:41:14 worker.go:402: Получена строка от движка: info depth 7 seldepth 7 multipv 2 score cp -155 nodes 2827 nps 942333 hashfull 0 tbhits 0 time 3 pv b4c3 f5g4 c3b4
[WORKER] 2026/03/06 14:41:14 worker.go:402: Получена строка от движка: info depth 7 seldepth 7 multipv 3 score cp -553 nodes 2827 nps 942333 hashfull 0 tbhits 0 time 3 pv e8g8 f5h3 b4c3 b2c3 f8e8 e2g3
[WORKER] 2026/03/06 14:41:14 worker.go:402: Получена строка от движка: info depth 8 seldepth 13 multipv 1 score cp -12 nodes 4200 nps 1050000 hashfull 0 tbhits 0 time 4 pv e7f5 e2f4 c6e7 d1f3 b4c3 b2c3 e8g8 c1a3 f8e8 g2g3 c7c6
[WORKER] 2026/03/06 14:41:14 worker.go:402: Получена строка от движка: info depth 8 seldepth 11 multipv 2 score cp -168 nodes 4200 nps 1050000 hashfull 0 tbhits 0 time 4 pv b4c3 f5g4 c3a5 c2c3 e8g8 e2f4 a5b6 f1e1
[WORKER] 2026/03/06 14:41:14 worker.go:402: Получена строка от движка: info depth 8 seldepth 8 multipv 3 score cp -578 nodes 4200 nps 1050000 hashfull 0 tbhits 0 time 4 pv b4a5 f5h3
[WORKER] 2026/03/06 14:41:14 worker.go:402: Получена строка от движка: info depth 9 seldepth 16 multipv 1 score cp -14 nodes 6436 nps 1287200 hashfull 1 tbhits 0 time 5 pv e7f5 e2f4 c6e7 d1f3 b4c3 b2c3 e8g8 c1a3 f8e8 g2g3 d8d7 a3e7
[WORKER] 2026/03/06 14:41:14 worker.go:402: Получена строка от движка: info depth 9 seldepth 15 multipv 2 score cp -147 nodes 6436 nps 1287200 hashfull 1 tbhits 0 time 5 pv b4c3 f5h3 c3b4 c2c3 b4d6 e2f4 e8g8 f4d3 a7a5
[WORKER] 2026/03/06 14:41:14 worker.go:402: Получена строка от движка: info depth 9 seldepth 12 multipv 3 score cp -544 nodes 6436 nps 1287200 hashfull 1 tbhits 0 time 5 pv b4a5 f5h3 e8g8 e2f4
[WORKER] 2026/03/06 14:41:14 worker.go:402: Получена строка от движка: info depth 10 seldepth 18 multipv 1 score cp -14 nodes 13702 nps 1141833 hashfull 2 tbhits 0 time 12 pv e7f5 e2f4 c6e7 d1f3 e8g8 c3e2 b4d6 c2c3 c7c6 f4d3 d8d7 f3g4 a8e8 g4h3 g7g6
[WORKER] 2026/03/06 14:41:14 worker.go:402: Получена строка от движка: info depth 10 seldepth 12 multipv 2 score cp -143 nodes 13702 nps 1141833 hashfull 2 tbhits 0 time 12 pv b4c3 f5h3 c3b4 c2c3 b4d6 e2f4 e8g8 f4d3 a7a5 f1e1
[WORKER] 2026/03/06 14:41:14 worker.go:402: Получена строка от движка: info depth 10 seldepth 12 multipv 3 score cp -518 nodes 13702 nps 1141833 hashfull 2 tbhits 0 time 12 pv e8g8 f5h3 b4d6 e2f4
[WORKER] 2026/03/06 14:41:14 worker.go:402: Получена строка от движка: info depth 11 seldepth 19 multipv 1 score cp -14 nodes 16496 nps 1099733 hashfull 3 tbhits 0 time 15 pv e7f5 e2f4 c6e7 d1f3 e8g8 c3e2 b4d6 c2c3 c7c6 f4d3 d8d7 f3g4 a8e8 g4h3 g7g6 c1f4 d6f4 e2f4
[WORKER] 2026/03/06 14:41:14 worker.go:402: Получена строка от движка: info depth 11 seldepth 18 multipv 2 score cp -137 nodes 16496 nps 1099733 hashfull 3 tbhits 0 time 15 pv b4c3 f5g4 c3b4 e2f4 b4d6
[WORKER] 2026/03/06 14:41:14 worker.go:402: Получена строка от движка: info depth 11 seldepth 14 multipv 3 score cp -528 nodes 16496 nps 1099733 hashfull 3 tbhits 0 time 15 pv b4d6 f5h3 e7g6 c3d5 e8g8
[WORKER] 2026/03/06 14:41:14 worker.go:402: Получена строка от движка: info depth 12 seldepth 15 multipv 1 score cp -14 nodes 18995 nps 1117352 hashfull 4 tbhits 0 time 17 pv e7f5 e2f4 c6e7 d1f3 e8g8 c3e2 b4d6 c2c3 c7c6 f4d3 d8d7 f3g4 g8h8
[WORKER] 2026/03/06 14:41:14 worker.go:402: Получена строка от движка: info depth 12 seldepth 16 multipv 2 score cp -129 nodes 18995 nps 1055277 hashfull 4 tbhits 0 time 18 pv b4c3 f5h3 c3b4 c2c3 b4d6 e2f4 d6f4 c1f4 e8g8 g2g3 e7g6 f4d2
[WORKER] 2026/03/06 14:41:14 worker.go:402: Получена строка от движка: info depth 12 seldepth 15 multipv 3 score cp -535 nodes 18995 nps 1055277 hashfull 4 tbhits 0 time 18 pv b4d6 f5h3 e7g6 c3d5 e8g8 d5e3 f7f5 e3f5
[WORKER] 2026/03/06 14:41:14 worker.go:402: Получена строка от движка: info depth 13 seldepth 23 multipv 1 score cp -16 nodes 48332 nps 966640 hashfull 15 tbhits 0 time 50 pv e7f5 e2f4 c6e7 d1f3 e8g8 c3e2 b4d6 c2c3 c7c6 f4d3 d8d7 f3g4 a8e8 g4h3 g7g6 c1f4 d6f4 e2f4
[WORKER] 2026/03/06 14:41:14 worker.go:402: Получена строка от движка: info depth 13 seldepth 28 multipv 2 score cp -137 nodes 48332 nps 966640 hashfull 15 tbhits 0 time 50 pv b4c3 f5g4 c3b4 c2c3 b4d6 e2f4 e8g8
[WORKER] 2026/03/06 14:41:14 worker.go:402: Получена строка от движка: info depth 13 seldepth 15 multipv 3 score cp -558 nodes 48332 nps 966640 hashfull 15 tbhits 0 time 50 pv b4d6 f5h3 e8g8 c1g5 g8h8 f1e1 f7f6 g5f4 d6f4 e2f4
[WORKER] 2026/03/06 14:41:14 worker.go:402: Получена строка от движка: info depth 14 seldepth 19 multipv 1 score cp -16 nodes 60131 nps 939546 hashfull 17 tbhits 0 time 64 pv e7f5 e2f4 c6e7 d1f3 e8g8 c3e2 b4d6 c2c3 c7c6 f4d3 d8d7 f3g4 a8e8 g4h3 g7g6 c1f4 d6f4 e2f4
[WORKER] 2026/03/06 14:41:14 worker.go:402: Получена строка от движка: info depth 14 seldepth 26 multipv 2 score cp -145 nodes 60131 nps 939546 hashfull 17 tbhits 0 time 64 pv b4c3 f5g4 c3b4 c2c3 b4d6 e2f4 e8g8 f1e1 d6f4 c1f4 e7g6 f4d2 c6e7 d1b3 b7b6 g2g3 c7c6
[WORKER] 2026/03/06 14:41:14 worker.go:402: Получена строка от движка: info depth 14 seldepth 17 multipv 3 score cp -537 nodes 60131 nps 939546 hashfull 17 tbhits 0 time 64 pv b4d6 f5h3 e7g6 g2g3 c6e7 h3g2 c7c6
[WORKER] 2026/03/06 14:41:14 worker.go:402: Получена строка от движка: info depth 15 seldepth 27 multipv 1 score cp -8 nodes 111404 nps 905723 hashfull 32 tbhits 0 time 123 pv e7f5 e2f4 c6e7 d1f3 e8g8 c3e2 b4d6 c2c3 c7c6 f4d3 d8d7 f3h3 a8e8 c1f4 d6f4 e2f4 e7g6 f4h5 d7c8 f1e1
[WORKER] 2026/03/06 14:41:14 worker.go:402: Получена строка от движка: info depth 15 seldepth 24 multipv 2 score cp -140 nodes 111404 nps 905723 hashfull 32 tbhits 0 time 123 pv b4c3 f5g4 c3b4 c2c3 b4d6 f1e1 e8g8 g2g3 a7a5 h2h4 a5a4 h4h5 h7h6
[WORKER] 2026/03/06 14:41:14 worker.go:402: Получена строка от движка: info depth 15 seldepth 23 multipv 3 score cp -561 nodes 111404 nps 905723 hashfull 32 tbhits 0 time 123 pv e8g8 f5h3 e7g6 g2g3 c6e7 a2a4 c7c6
[WORKER] 2026/03/06 14:41:14 worker.go:402: Получена строка от движка: info depth 16 seldepth 32 multipv 1 score cp -3 nodes 262457 nps 886679 hashfull 91 tbhits 0 time 296 pv e7f5 e2f4 c6e7 d1f3 c7c6 c3e2 b4d6 c2c3 e8g8 f4d3 d8d7 f3h3 a8e8 c1f4 d7d8 e2g3 d6f4 d3f4
[WORKER] 2026/03/06 14:41:14 worker.go:402: Получена строка от движка: info depth 16 seldepth 26 multipv 2 score cp -145 nodes 262457 nps 886679 hashfull 91 tbhits 0 time 296 pv b4c3 f5h3 c3b4 c2c3 b4d6 f1e1 e8g8 g2g3 c6a5 b2b3 e7g6 h3g2 c7c6 h2h4 f8e8 h4h5 g6f8 h5h6 g7g6 e2f4 e8e1 d1e1 f8d7
[WORKER] 2026/03/06 14:41:14 worker.go:402: Получена строка от движка: info depth 16 seldepth 20 multipv 3 score cp -542 nodes 262457 nps 886679 hashfull 91 tbhits 0 time 296 pv a7a6 f5h3 f7f5 g2g3 d8d7 h3g2 b4d6 c1g5 h7h6
[WORKER] 2026/03/06 14:41:14 worker.go:402: Получена строка от движка: bestmove e7f5 ponder e2f4
[WORKER] 2026/03/06 14:41:14 worker.go:518: Анализ позиции: 3 тактических ходов из 32 возможных
[WORKER] 2026/03/06 14:41:14 worker.go:179: Полуход 16. Ход черных: 30.8 сек (оценка: 3)
[WORKER] 2026/03/06 14:41:14 worker.go:402: Получена строка от движка: info string Available processors: 0-11
[WORKER] 2026/03/06 14:41:14 worker.go:402: Получена строка от движка: info string Using 1 thread
[WORKER] 2026/03/06 14:41:14 worker.go:402: Получена строка от движка: info string NNUE evaluation using nn-c288c895ea92.nnue (125MiB, (102384, 1024, 15, 32, 1))
[WORKER] 2026/03/06 14:41:14 worker.go:402: Получена строка от движка: info string NNUE evaluation using nn-37f18f62d772.nnue (6MiB, (22528, 128, 15, 32, 1))
[WORKER] 2026/03/06 14:41:14 worker.go:402: Получена строка от движка: info string Network replica 1: Shared memory.
[WORKER] 2026/03/06 14:41:14 worker.go:402: Получена строка от движка: info depth 1 seldepth 4 multipv 1 score cp 15 nodes 124 nps 124000 hashfull 0 tbhits 0 time 1 pv e2f4
[WORKER] 2026/03/06 14:41:14 worker.go:402: Получена строка от движка: info depth 1 seldepth 5 multipv 2 score cp 11 nodes 124 nps 124000 hashfull 0 tbhits 0 time 1 pv c3b1
[WORKER] 2026/03/06 14:41:14 worker.go:402: Получена строка от движка: info depth 1 seldepth 4 multipv 3 score cp 3 nodes 124 nps 124000 hashfull 0 tbhits 0 time 1 pv e2g3 f5g3
[WORKER] 2026/03/06 14:41:14 worker.go:402: Получена строка от движка: info depth 2 seldepth 4 multipv 1 score cp 2 nodes 1127 nps 1127000 hashfull 0 tbhits 0 time 1 pv d1d3
[WORKER] 2026/03/06 14:41:14 worker.go:402: Получена строка от движка: info depth 2 seldepth 3 multipv 2 score cp 1 nodes 1127 nps 1127000 hashfull 0 tbhits 0 time 1 pv e2f4 c6e7
[WORKER] 2026/03/06 14:41:14 worker.go:402: Получена строка от движка: info depth 2 seldepth 3 multipv 3 score cp -12 nodes 1127 nps 1127000 hashfull 0 tbhits 0 time 1 pv c3b1 d8d7
[WORKER] 2026/03/06 14:41:14 worker.go:402: Получена строка от движка: info depth 3 seldepth 6 multipv 1 score cp 3 nodes 2064 nps 2064000 hashfull 0 tbhits 0 time 1 pv d1d3 d8d7 c3d1 c6e7
[WORKER] 2026/03/06 14:41:14 worker.go:402: Получена строка от движка: info depth 3 seldepth 5 multipv 2 score cp 3 nodes 2064 nps 2064000 hashfull 0 tbhits 0 time 1 pv e2f4 c6e7 d1f3
[WORKER] 2026/03/06 14:41:14 worker.go:402: Получена строка от движка: info depth 3 seldepth 8 multipv 3 score cp -17 nodes 2064 nps 2064000 hashfull 0 tbhits 0 time 1 pv f1e1
[WORKER] 2026/03/06 14:41:14 worker.go:402: Получена строка от движка: info depth 4 seldepth 6 multipv 1 score cp 3 nodes 2639 nps 2639000 hashfull 0 tbhits 0 time 1 pv e2f4 c6e7 d1f3 c7c6 c3e2
[WORKER] 2026/03/06 14:41:14 worker.go:402: Получена строка от движка: info depth 4 seldepth 5 multipv 2 score cp 0 nodes 2639 nps 2639000 hashfull 0 tbhits 0 time 1 pv d1d3 d8d7 c3d1 c6e7
[WORKER] 2026/03/06 14:41:14 worker.go:402: Получена строка от движка: info depth 4 seldepth 8 multipv 3 score cp -5 nodes 2639 nps 2639000 hashfull 0 tbhits 0 time 1 pv c3a4 b7b6
[WORKER] 2026/03/06 14:41:14 worker.go:402: Получена строка от движка: info depth 5 seldepth 6 multipv 1 score cp 3 nodes 5011 nps 1670333 hashfull 0 tbhits 0 time 3 pv e2f4 c6e7 d1f3 c7c6 c3e2
[WORKER] 2026/03/06 14:41:14 worker.go:402: Получена строка от движка: info depth 5 seldepth 10 multipv 2 score cp -6 nodes 5011 nps 1670333 hashfull 0 tbhits 0 time 3 pv d1d3 d8d7 c3d1 b4d6 d1e3
[WORKER] 2026/03/06 14:41:14 worker.go:402: Получена строка от движка: info depth 5 seldepth 8 multipv 3 score cp -24 nodes 5011 nps 1670333 hashfull 0 tbhits 0 time 3 pv f1e1 e8g8 d1d3 d8d7 a2a3 b4c3 d3c3
[WORKER] 2026/03/06 14:41:14 worker.go:402: Получена строка от движка: info depth 6 seldepth 7 multipv 1 score cp 3 nodes 6810 nps 1362000 hashfull 0 tbhits 0 time 5 pv e2f4 c6e7 d1f3 c7c6 c3e2 b4d6
[WORKER] 2026/03/06 14:41:14 worker.go:402: Получена строка от движка: info depth 6 seldepth 11 multipv 2 score cp -15 nodes 6810 nps 1362000 hashfull 0 tbhits 0 time 5 pv d1d3 d8d7 c3d1 b4d6 d1e3 c6e7 e2g3 f5g3 f2g3
[WORKER] 2026/03/06 14:41:14 worker.go:402: Получена строка от движка: info depth 6 seldepth 11 multipv 3 score cp -15 nodes 6810 nps 1362000 hashfull 0 tbhits 0 time 5 pv c3a4 d8d7 c2c3 b4e7 e2f4 e8c8 f4d3
[WORKER] 2026/03/06 14:41:14 worker.go:402: Получена строка от движка: info depth 7 seldepth 8 multipv 1 score cp 3 nodes 12410 nps 1241000 hashfull 0 tbhits 0 time 10 pv e2f4 c6e7 d1f3 c7c6 c3e2 b4d6 c2c3
[WORKER] 2026/03/06 14:41:14 worker.go:402: Получена строка от движка: info depth 7 seldepth 11 multipv 2 score cp -23 nodes 12410 nps 1241000 hashfull 0 tbhits 0 time 10 pv a2a3 b4c3 e2c3 e8g8 c3e2 c6e7 c2c3 f8e8
[WORKER] 2026/03/06 14:41:14 worker.go:402: Получена строка от движка: info depth 7 seldepth 10 multipv 3 score cp -24 nodes 12410 nps 1241000 hashfull 0 tbhits 0 time 10 pv c3b1 b4d6 c2c3 c6e7 c1f4 c7c6
[WORKER] 2026/03/06 14:41:14 worker.go:402: Получена строка от движка: info depth 8 seldepth 21 multipv 1 score cp 2 nodes 16736 nps 1195428 hashfull 1 tbhits 0 time 14 pv e2f4 c6e7 c3a4 e8g8 c2c3 b4d6 a4c5 b7b6
[WORKER] 2026/03/06 14:41:14 worker.go:402: Получена строка от движка: info depth 8 seldepth 10 multipv 2 score cp -18 nodes 16736 nps 1195428 hashfull 1 tbhits 0 time 14 pv d1d3 d8d7 c3d1 b4d6 c2c3 e8c8
[WORKER] 2026/03/06 14:41:14 worker.go:402: Получена строка от движка: info depth 8 seldepth 14 multipv 3 score cp -19 nodes 16736 nps 1195428 hashfull 1 tbhits 0 time 14 pv a2a3 b4c3 e2c3 e8g8 c3e2 c6e7 c2c3 f8e8
[WORKER] 2026/03/06 14:41:14 worker.go:402: Получена строка от движка: info depth 9 seldepth 18 multipv 1 score cp 1 nodes 38343 nps 1036297 hashfull 5 tbhits 0 time 37 pv e2f4 c6e7 f4d3 b4c3 b2c3 e8g8 d1g4 c7c6
[WORKER] 2026/03/06 14:41:14 worker.go:402: Получена строка от движка: info depth 9 seldepth 15 multipv 2 score cp -18 nodes 38343 nps 1036297 hashfull 5 tbhits 0 time 37 pv c3a4 b7b6 e2g3 f5g3 h2g3 d8d7 d1e2 b4e7
[WORKER] 2026/03/06 14:41:14 worker.go:402: Получена строка от движка: info depth 9 seldepth 18 multipv 3 score cp -19 nodes 38343 nps 1036297 hashfull 5 tbhits 0 time 37 pv a2a3 b4c3 e2c3 c6e7 c3e2 c7c6 e2f4 e8g8 c2c3 e7g6
[WORKER] 2026/03/06 14:41:14 worker.go:402: Получена строка от движка: info depth 10 seldepth 19 multipv 1 score cp 8 nodes 54327 nps 1025037 hashfull 7 tbhits 0 time 53 pv e2f4 c6e7 f4d3 b4c3 b2c3 e8g8 c1a3 f8e8 f1e1 c7c6
[WORKER] 2026/03/06 14:41:14 worker.go:402: Получена строка от движка: info depth 10 seldepth 15 multipv 2 score cp -18 nodes 54327 nps 1025037 hashfull 7 tbhits 0 time 53 pv a2a3 b4c3 e2c3 d8d7 f1e1 c6e7 c1f4
[WORKER] 2026/03/06 14:41:14 worker.go:402: Получена строка от движка: info depth 10 seldepth 17 multipv 3 score cp -19 nodes 54327 nps 1025037 hashfull 7 tbhits 0 time 53 pv a2a4 e8g8 e2f4 c6e7 c3e2 b4d6 f4d3 e7g6
[WORKER] 2026/03/06 14:41:14 worker.go:402: Получена строка от движка: info depth 11 seldepth 12 multipv 1 score cp 7 nodes 76863 nps 998220 hashfull 13 tbhits 0 time 77 pv e2f4 c6e7 f4d3 b4c3 b2c3 e8g8 c1a3 f8e8 f1e1 c7c6 d1g4
[WORKER] 2026/03/06 14:41:14 worker.go:402: Получена строка от движка: info depth 11 seldepth 16 multipv 2 score cp -18 nodes 76863 nps 998220 hashfull 13 tbhits 0 time 77 pv a2a3 b4c3 e2c3 e8g8 c3e2 c6e7 c2c3 c7c6 e2f4 e7g6 d1g4 g6f4 g4f5
[WORKER] 2026/03/06 14:41:14 worker.go:402: Получена строка от движка: info depth 11 seldepth 16 multipv 3 score cp -20 nodes 76863 nps 998220 hashfull 13 tbhits 0 time 77 pv c3a4 e8g8 e2f4 b4d6
[WORKER] 2026/03/06 14:41:14 worker.go:402: Получена строка от движка: info depth 12 seldepth 22 multipv 1 score cp 8 nodes 154342 nps 935406 hashfull 30 tbhits 0 time 165 pv e2f4 c6e7 f4h5 e8g8 d1g4 g7g6 c3e2 b4d6 c2c3 f7f6 c1f4
[WORKER] 2026/03/06 14:41:14 worker.go:402: Получена строка от движка: info depth 12 seldepth 18 multipv 2 score cp -18 nodes 154342 nps 935406 hashfull 30 tbhits 0 time 165 pv a2a3 b4c3 e2c3 e8g8 c3e2 c6e7 e2f4 f8e8 f1e1 d8d7 a3a4 c7c6
[WORKER] 2026/03/06 14:41:14 worker.go:402: Получена строка от движка: info depth 12 seldepth 19 multipv 3 score cp -23 nodes 154342 nps 935406 hashfull 30 tbhits 0 time 165 pv c3b1 d8f6 c2c3 b4d6 c1f4 e8c8 f4d6 f5d6 e2c1
[WORKER] 2026/03/06 14:41:14 worker.go:402: Получена строка от движка: info depth 13 seldepth 27 multipv 1 score cp 3 nodes 191871 nps 935956 hashfull 41 tbhits 0 time 205 pv e2f4 c6e7 f4h5 e8g8 d1g4 g7g6 c3e2 b4d6 e2g3 f7f6 c1f4 d8d7
[WORKER] 2026/03/06 14:41:14 worker.go:402: Получена строка от движка: info depth 13 seldepth 22 multipv 2 score cp -19 nodes 191871 nps 935956 hashfull 41 tbhits 0 time 205 pv a2a3 b4c3 e2c3 e8g8 c3e2 c6e7 c2c3 c7c6 e2f4 e7g6 d1g4 g6f4 g4f5 f4e2 g1h1 e2c1 f1c1 d8b6
[WORKER] 2026/03/06 14:41:14 worker.go:402: Получена строка от движка: info depth 13 seldepth 21 multipv 3 score cp -19 nodes 191871 nps 935956 hashfull 41 tbhits 0 time 205 pv c3b1 d8f6 c2c3 b4d6 c1f4 h7h5 b1d2 h5h4 f4d6 f5d6
[WORKER] 2026/03/06 14:41:15 worker.go:402: Получена строка от движка: info depth 14 seldepth 19 multipv 1 score cp 4 nodes 219229 nps 932889 hashfull 49 tbhits 0 time 235 pv e2f4 c6e7 f4h5 e8g8 d1g4 g7g6 c3e2 b4d6 c2c3 f7f6 c1f4 g8f7 f4d6 d8d6 h5f4 c7c6 f4d3
[WORKER] 2026/03/06 14:41:15 worker.go:402: Получена строка от движка: info depth 14 seldepth 18 multipv 2 score cp -18 nodes 219229 nps 932889 hashfull 49 tbhits 0 time 235 pv a2a3 b4c3 e2c3 e8g8 c3e2 c6e7 c2c3 c7c6 e2f4 e7g6 f4d3 f8e8 h2h3 d8d7 a3a4 e8e7
[WORKER] 2026/03/06 14:41:15 worker.go:402: Получена строка от движка: info depth 14 seldepth 24 multipv 3 score cp -18 nodes 219229 nps 932889 hashfull 49 tbhits 0 time 235 pv c3b1 e8g8 c2c3 b4d6 c1f4 c6e7 f4d6 f5d6 e2f4 c7c6 b1d2 e7g6 f4d3 f8e8 a2a4 d8g5 d2f3 g5g4
[WORKER] 2026/03/06 14:41:15 worker.go:402: Получена строка от движка: info depth 15 seldepth 31 multipv 1 score cp 0 nodes 481628 nps 886976 hashfull 144 tbhits 0 time 543 pv e2f4 c6e7 c3e2 b4d6 f4d3 e8g8 c2c3 a7a5 e2g3 f5g3 h2g3 c7c6
[WORKER] 2026/03/06 14:41:15 worker.go:402: Получена строка от движка: info depth 15 seldepth 20 multipv 2 score cp -16 nodes 481628 nps 886976 hashfull 144 tbhits 0 time 543 pv c3b1 d8d7 c2c3 b4d6 c1f4 d6e7 e2g3 e8c8 b1d2
[WORKER] 2026/03/06 14:41:15 worker.go:402: Получена строка от движка: info depth 15 seldepth 26 multipv 3 score cp -19 nodes 481628 nps 886976 hashfull 144 tbhits 0 time 543 pv c1f4 d8d7 d1d3 e8g8 f4c7 b4c3 b2c3 a8e8
[WORKER] 2026/03/06 14:41:15 worker.go:402: Получена строка от движка: info depth 16 seldepth 27 multipv 1 score cp 0 nodes 660855 nps 870691 hashfull 209 tbhits 0 time 759 pv e2f4 c6e7 c3e2 b4d6 f4d3 e8g8 c2c3 c7c6 e2g3 f5g3 h2g3 f8e8 c1f4 d6f4
[WORKER] 2026/03/06 14:41:15 worker.go:402: Получена строка от движка: info depth 16 seldepth 30 multipv 2 score cp -24 nodes 660855 nps 870691 hashfull 209 tbhits 0 time 759 pv c3b1 d8d7 c2c3 b4d6 c1f4 d6e7 e2g3 f5g3 f2g3 c6d8 b1d2 f7f6 a2a4 e8g8 a4a5 d8f7 d2b3
[WORKER] 2026/03/06 14:41:15 worker.go:402: Получена строка от движка: info depth 16 seldepth 30 multipv 3 score cp -25 nodes 660855 nps 870691 hashfull 209 tbhits 0 time 759 pv d1d3 d8d7 c1f4 b4c3 e2c3 f5d4 f1e1 d4e6 c3d5 e8c8 a1d1 e6f4 d5f4 d7d3 f4d3 b7b6 g1f1 d8d6 d3c1 h8d8 d1d6 d8d6 c1d3
[WORKER] 2026/03/06 14:41:15 worker.go:402: Получена строка от движка: bestmove e2f4 ponder c6e7
[WORKER] 2026/03/06 14:41:15 worker.go:518: Анализ позиции: 1 тактических ходов из 27 возможных
[WORKER] 2026/03/06 14:41:15 worker.go:179: Полуход 17. Ход белых: 14.0 сек (оценка: 0)
[WORKER] 2026/03/06 14:41:15 worker.go:402: Получена строка от движка: info string Available processors: 0-11
[WORKER] 2026/03/06 14:41:15 worker.go:402: Получена строка от движка: info string Using 1 thread
[WORKER] 2026/03/06 14:41:15 worker.go:402: Получена строка от движка: info string NNUE evaluation using nn-c288c895ea92.nnue (125MiB, (102384, 1024, 15, 32, 1))
[WORKER] 2026/03/06 14:41:15 worker.go:402: Получена строка от движка: info string NNUE evaluation using nn-37f18f62d772.nnue (6MiB, (22528, 128, 15, 32, 1))
[WORKER] 2026/03/06 14:41:15 worker.go:402: Получена строка от движка: info string Network replica 1: Shared memory.
[WORKER] 2026/03/06 14:41:15 worker.go:402: Получена строка от движка: info depth 1 seldepth 7 multipv 1 score cp 25 nodes 168 nps 168000 hashfull 0 tbhits 0 time 1 pv d8d7
[WORKER] 2026/03/06 14:41:15 worker.go:402: Получена строка от движка: info depth 1 seldepth 3 multipv 2 score cp -1 nodes 168 nps 168000 hashfull 0 tbhits 0 time 1 pv c6e7
[WORKER] 2026/03/06 14:41:15 worker.go:402: Получена строка от движка: info depth 1 seldepth 2 multipv 3 score cp -14 nodes 168 nps 168000 hashfull 0 tbhits 0 time 1 pv f5e7
[WORKER] 2026/03/06 14:41:15 worker.go:402: Получена строка от движка: info depth 2 seldepth 5 multipv 1 score cp 25 nodes 626 nps 626000 hashfull 0 tbhits 0 time 1 pv d8d7 e2f4 b4c3
[WORKER] 2026/03/06 14:41:15 worker.go:402: Получена строка от движка: info depth 2 seldepth 6 multipv 2 score cp 2 nodes 626 nps 626000 hashfull 0 tbhits 0 time 1 pv b4c3 e2c3
[WORKER] 2026/03/06 14:41:15 worker.go:402: Получена строка от движка: info depth 2 seldepth 5 multipv 3 score cp -13 nodes 626 nps 626000 hashfull 0 tbhits 0 time 1 pv f5e7 e2f4
[WORKER] 2026/03/06 14:41:15 worker.go:402: Получена строка от движка: info depth 3 seldepth 5 multipv 1 score cp 25 nodes 816 nps 816000 hashfull 0 tbhits 0 time 1 pv d8d7 e2f4 b4c3
[WORKER] 2026/03/06 14:41:15 worker.go:402: Получена строка от движка: info depth 3 seldepth 4 multipv 2 score cp 2 nodes 816 nps 816000 hashfull 0 tbhits 0 time 1 pv b4c3 e2c3 d8d7
[WORKER] 2026/03/06 14:41:15 worker.go:402: Получена строка от движка: info depth 3 seldepth 4 multipv 3 score cp -14 nodes 816 nps 816000 hashfull 0 tbhits 0 time 1 pv f5e7 f1e1
[WORKER] 2026/03/06 14:41:15 worker.go:402: Получена строка от движка: info depth 4 seldepth 5 multipv 1 score cp 30 nodes 1754 nps 877000 hashfull 0 tbhits 0 time 2 pv d8d7 a2a3 b4c3
[WORKER] 2026/03/06 14:41:15 worker.go:402: Получена строка от движка: info depth 4 seldepth 6 multipv 2 score cp 2 nodes 1754 nps 877000 hashfull 0 tbhits 0 time 2 pv b4c3 e2c3 d8d7 f1e1 f5e7
[WORKER] 2026/03/06 14:41:15 worker.go:402: Получена строка от движка: info depth 4 seldepth 10 multipv 3 score cp -5 nodes 1754 nps 877000 hashfull 0 tbhits 0 time 2 pv f5e7 f1e1 e8g8 c1f4 e7g6 a2a3 b4c3 d3c3
[WORKER] 2026/03/06 14:41:15 worker.go:402: Получена строка от движка: info depth 5 seldepth 6 multipv 1 score cp 18 nodes 3829 nps 1276333 hashfull 0 tbhits 0 time 3 pv d8d7 c1f4 b4c3 e2c3
[WORKER] 2026/03/06 14:41:15 worker.go:402: Получена строка от движка: info depth 5 seldepth 13 multipv 2 score cp 16 nodes 3829 nps 1276333 hashfull 0 tbhits 0 time 3 pv b4c3 e2c3 d8d7 f1e1 c6e7
[WORKER] 2026/03/06 14:41:15 worker.go:402: Получена строка от движка: info depth 5 seldepth 10 multipv 3 score cp -10 nodes 3829 nps 1276333 hashfull 0 tbhits 0 time 3 pv f5e7 c3d1
[WORKER] 2026/03/06 14:41:15 worker.go:402: Получена строка от движка: info depth 6 seldepth 13 multipv 1 score cp 18 nodes 6246 nps 1561500 hashfull 1 tbhits 0 time 4 pv b4c3 e2c3 d8d7 f1e1 c6e7
[WORKER] 2026/03/06 14:41:15 worker.go:402: Получена строка от движка: info depth 6 seldepth 10 multipv 2 score cp 10 nodes 6246 nps 1561500 hashfull 1 tbhits 0 time 4 pv d8d7 c1f4 e8g8
[WORKER] 2026/03/06 14:41:15 worker.go:402: Получена строка от движка: info depth 6 seldepth 10 multipv 3 score cp -16 nodes 6246 nps 1561500 hashfull 1 tbhits 0 time 4 pv f5e7 c3b1 b4d6 c2c3 e8g8
[WORKER] 2026/03/06 14:41:15 worker.go:402: Получена строка от движка: info depth 7 seldepth 17 multipv 1 score cp 22 nodes 10470 nps 1308750 hashfull 1 tbhits 0 time 8 pv d8d7 c3d1
[WORKER] 2026/03/06 14:41:15 worker.go:402: Получена строка от движка: info depth 7 seldepth 8 multipv 2 score cp 0 nodes 10470 nps 1308750 hashfull 1 tbhits 0 time 8 pv b4c3 e2c3 d8d7 f1e1 c6e7
[WORKER] 2026/03/06 14:41:15 worker.go:402: Получена строка от движка: info depth 7 seldepth 11 multipv 3 score cp -16 nodes 10470 nps 1308750 hashfull 1 tbhits 0 time 8 pv f5e7 c3d1 b4d6 c2c3 d8d7 c1f4 e8c8 f4d6 d7d6
[WORKER] 2026/03/06 14:41:15 worker.go:402: Получена строка от движка: info depth 8 seldepth 15 multipv 1 score cp 22 nodes 14858 nps 1238166 hashfull 2 tbhits 0 time 12 pv d8d7 c3d1 b4d6 c1f4 e8g8
[WORKER] 2026/03/06 14:41:15 worker.go:402: Получена строка от движка: info depth 8 seldepth 16 multipv 2 score cp 1 nodes 14858 nps 1238166 hashfull 2 tbhits 0 time 12 pv b4c3 d3f5 c3d4 e2d4 c6d4 f5g4 d4e6 f2f4 h7h5 g4h3 e6d4
[WORKER] 2026/03/06 14:41:15 worker.go:402: Получена строка от движка: info depth 8 seldepth 10 multipv 3 score cp -16 nodes 14858 nps 1238166 hashfull 2 tbhits 0 time 12 pv f5e7 c3d1 b4d6 c2c3 d8d7 c1f4 e8c8 f4d6 d7d6
[WORKER] 2026/03/06 14:41:15 worker.go:402: Получена строка от движка: info depth 9 seldepth 11 multipv 1 score cp 24 nodes 20153 nps 1259562 hashfull 2 tbhits 0 time 16 pv d8d7 c3d1 b4d6 c1f4 e8g8 c2c3 c6e7 d3h3
[WORKER] 2026/03/06 14:41:15 worker.go:402: Получена строка от движка: info depth 9 seldepth 19 multipv 2 score cp -7 nodes 20153 nps 1259562 hashfull 2 tbhits 0 time 16 pv b4c3 d3f5 c3d4 e2d4 c6d4 f5g4 d4e6 g4b4 d8d7 b4b7 e8g8 f1d1 d5d4 b7f3 d7a4 f3b3 a4b3 a2b3
[WORKER] 2026/03/06 14:41:15 worker.go:402: Получена строка от движка: info depth 9 seldepth 12 multipv 3 score cp -21 nodes 20153 nps 1259562 hashfull 2 tbhits 0 time 16 pv f5e7 c1f4 b4d6 c3d1
[WORKER] 2026/03/06 14:41:15 worker.go:402: Получена строка от движка: info depth 10 seldepth 22 multipv 1 score cp 24 nodes 40928 nps 1023200 hashfull 10 tbhits 0 time 40 pv d8d7 c1f4 b4c3 e2c3 f5d4 a1d1 e8c8 f4e3 d4f3 g2f3 d5d4 e3g5
[WORKER] 2026/03/06 14:41:15 worker.go:402: Получена строка от движка: info depth 10 seldepth 20 multipv 2 score cp 8 nodes 40928 nps 1023200 hashfull 10 tbhits 0 time 40 pv b4c3 d3f5 c3d4 e2d4 c6d4 f5d3 d4e6 d3b5 d8d7 b5b7 e8g8
[WORKER] 2026/03/06 14:41:15 worker.go:402: Получена строка от движка: info depth 10 seldepth 20 multipv 3 score cp -14 nodes 40928 nps 1023200 hashfull 10 tbhits 0 time 40 pv f5e7 c3d1 b4d6 c2c3 e8g8 c1f4 d6f4 e2f4 e7g6 f4g6 h7g6
[WORKER] 2026/03/06 14:41:15 worker.go:402: Получена строка от движка: info depth 11 seldepth 20 multipv 1 score cp 25 nodes 53014 nps 1000264 hashfull 12 tbhits 0 time 53 pv d8d7 c3d1 b4d6 c2c3 c6e7 c1f4 d6f4
[WORKER] 2026/03/06 14:41:15 worker.go:402: Получена строка от движка: info depth 11 seldepth 13 multipv 2 score cp 8 nodes 53014 nps 1000264 hashfull 12 tbhits 0 time 53 pv b4c3 d3f5 c3d4 e2d4 c6d4 f5d3 d4e6 d3b5 d8d7 b5b7 e8g8 f1d1
[WORKER] 2026/03/06 14:41:15 worker.go:402: Получена строка от движка: info depth 11 seldepth 20 multipv 3 score cp -17 nodes 53014 nps 1000264 hashfull 12 tbhits 0 time 53 pv f5e7 c3d1 b4d6 c2c3 e8g8 f2f4 d8d7 d3f3 f7f6 f4f5 c6d8 e2g3 d6g3
[WORKER] 2026/03/06 14:41:15 worker.go:402: Получена строка от движка: info depth 12 seldepth 20 multipv 1 score cp 25 nodes 99386 nps 920240 hashfull 28 tbhits 0 time 108 pv d8d7 c1f4 b4c3 e2c3 f5d4 f1e1 d4e6 c3d5 e8c8 a1d1 e6f4 d5f4 d7d3 f4d3 a7a5 g1f1
[WORKER] 2026/03/06 14:41:15 worker.go:402: Получена строка от движка: info depth 12 seldepth 19 multipv 2 score cp 9 nodes 99386 nps 920240 hashfull 28 tbhits 0 time 108 pv b4c3 e2c3 d8d7 f1e1 c6e7 b2b3 e8c8 c1d2 e7g6 c3a4 b7b6 a4c3 c8b7 c3e2
[WORKER] 2026/03/06 14:41:15 worker.go:402: Получена строка от движка: info depth 12 seldepth 25 multipv 3 score cp -11 nodes 99386 nps 920240 hashfull 28 tbhits 0 time 108 pv f5e7 c3d1 b4d6 c2c3 e8g8 d3f3 d8d7 c1f4 c6d8 d1e3 c7c6 f4d6 d7d6 h2h4
[WORKER] 2026/03/06 14:41:15 worker.go:402: Получена строка от движка: info depth 13 seldepth 24 multipv 1 score cp 27 nodes 176335 nps 868645 hashfull 54 tbhits 0 time 203 pv d8d7 c3d1 b4d6 c1f4 e8g8 d1e3 c6e7 c2c3 f8e8 a1e1 f5e3 f2e3
[WORKER] 2026/03/06 14:41:15 worker.go:402: Получена строка от движка: info depth 13 seldepth 24 multipv 2 score cp 10 nodes 176335 nps 868645 hashfull 54 tbhits 0 time 203 pv b4c3 e2c3 d8d7 f1e1 c6e7 b2b3 e8g8 c1a3 f8e8 a3e7 f5e7 e1e5 f7f6
[WORKER] 2026/03/06 14:41:15 worker.go:402: Получена строка от движка: info depth 13 seldepth 28 multipv 3 score cp -18 nodes 176335 nps 868645 hashfull 54 tbhits 0 time 203 pv f5e7 c3d1 b4d6 c2c3 d8d7 c1f4 c6d8 f4d6 d7d6 d1e3 e8g8 a1e1 c7c6
[WORKER] 2026/03/06 14:41:15 worker.go:402: Получена строка от движка: info depth 14 seldepth 29 multipv 1 score cp 24 nodes 255578 nps 860531 hashfull 78 tbhits 0 time 297 pv d8d7 c1f4 b4c3 e2c3 f5d4 f1e1 d4e6 c3d5 e8c8 a1d1 e6f4 d5f4 d7d3 f4d3 d8d4 c2c3 d4d7 d3f4 d7d1 e1d1 h8d8
[WORKER] 2026/03/06 14:41:15 worker.go:402: Получена строка от движка: info depth 14 seldepth 29 multipv 2 score cp 11 nodes 255578 nps 860531 hashfull 78 tbhits 0 time 297 pv b4c3 e2c3 d8d7 f1e1 c6e7 b2b3 e8g8 c1a3 f8e8 a3e7 f5e7 e1e5 f7f6 e5e2 e7f5 a1e1 e8e2 e1e2 g7g6 g2g3
[WORKER] 2026/03/06 14:41:15 worker.go:402: Получена строка от движка: info depth 14 seldepth 28 multipv 3 score cp -15 nodes 255578 nps 860531 hashfull 78 tbhits 0 time 297 pv f5e7 c3d1 b4d6 c2c3 e8g8 d3f3 d8d7 c1f4 c6d8 d1e3 d8e6 e3d5 e7d5 f3d5 e6f4 e2f4 c7c6 d5f3 d7c7 f4h5 d6h2 g1h1
[WORKER] 2026/03/06 14:41:15 worker.go:402: Получена строка от движка: info depth 15 seldepth 25 multipv 1 score cp 25 nodes 336927 nps 861705 hashfull 106 tbhits 0 time 391 pv d8d7 c1f4 b4c3 e2c3 f5d4 f1e1 d4e6 c3d5 e8c8 a1d1 e6f4 d5f4 d7d3 f4d3 d8d4 c2c3 d4a4 a2a3 h8d8 g2g3 a4a5 d3f4 d8d1 e1d1
[WORKER] 2026/03/06 14:41:15 worker.go:402: Получена строка от движка: info depth 15 seldepth 31 multipv 2 score cp 12 nodes 336927 nps 861705 hashfull 106 tbhits 0 time 391 pv b4c3 e2c3 d8d7 f1e1 c6e7 c1d2 e8g8 d3h3 f8e8 c3e2 a8d8 c2c3
[WORKER] 2026/03/06 14:41:15 worker.go:402: Получена строка от движка: info depth 15 seldepth 24 multipv 3 score cp -15 nodes 336927 nps 861705 hashfull 106 tbhits 0 time 391 pv f5e7 c3d1 b4d6 c2c3 e8g8 d3f3 d8d7 c1f4 c6d8 d1e3 d8e6 e3d5 e7d5 f3d5 e6f4 e2f4 c7c6 d5f3 d7c7
[WORKER] 2026/03/06 14:41:16 worker.go:402: Получена строка от движка: info depth 16 seldepth 32 multipv 1 score cp 26 nodes 475008 nps 857415 hashfull 151 tbhits 0 time 554 pv d8d7 c1f4 b4c3 e2c3 f5d4 f1e1 d4e6 c3d5 e8c8 a1d1 e6f4 d5f4 d7d3 f4d3 d8d7 d3f4 d7d1 e1d1 h8d8 d1d8 c8d8 f4d3 d8e7 g1f1 e7d6 f1e2
[WORKER] 2026/03/06 14:41:16 worker.go:402: Получена строка от движка: info depth 16 seldepth 30 multipv 2 score cp 16 nodes 475008 nps 857415 hashfull 151 tbhits 0 time 554 pv b4c3 e2c3 d8d7 f1e1 c6e7 c3e2 e8g8 d3h3 f8e8 c2c3 e7g6 c1d2 e8e7 e2g3 f5g3 e1e7 d7h3 g2h3 g6e7 h2g3
[WORKER] 2026/03/06 14:41:16 worker.go:402: Получена строка от движка: info depth 16 seldepth 25 multipv 3 score cp -17 nodes 475008 nps 857415 hashfull 151 tbhits 0 time 554 pv f5e7 c3d1 b4d6 c2c3 e8g8 d3f3 d8d7 c1f4 c6d8 f3g3 d6f4 e2f4 d8e6 f4d3
[WORKER] 2026/03/06 14:41:16 worker.go:402: Получена строка от движка: bestmove d8d7 ponder c1f4
[WORKER] 2026/03/06 14:41:16 worker.go:518: Анализ позиции: 3 тактических ходов из 44 возможных
[WORKER] 2026/03/06 14:41:16 worker.go:179: Полуход 18. Ход черных: 17.6 сек (оценка: -26)
[WORKER] 2026/03/06 14:41:16 worker.go:402: Получена строка от движка: info string Available processors: 0-11
[WORKER] 2026/03/06 14:41:16 worker.go:402: Получена строка от движка: info string Using 1 thread
[WORKER] 2026/03/06 14:41:16 worker.go:402: Получена строка от движка: info string NNUE evaluation using nn-c288c895ea92.nnue (125MiB, (102384, 1024, 15, 32, 1))
[WORKER] 2026/03/06 14:41:16 worker.go:402: Получена строка от движка: info string NNUE evaluation using nn-37f18f62d772.nnue (6MiB, (22528, 128, 15, 32, 1))
[WORKER] 2026/03/06 14:41:16 worker.go:402: Получена строка от движка: info string Network replica 1: Shared memory.
[WORKER] 2026/03/06 14:41:16 worker.go:402: Получена строка от движка: info depth 1 seldepth 4 multipv 1 score cp -16 nodes 171 nps 171000 hashfull 0 tbhits 0 time 1 pv e2f4
[WORKER] 2026/03/06 14:41:16 worker.go:402: Получена строка от движка: info depth 1 seldepth 7 multipv 2 score cp -17 nodes 171 nps 171000 hashfull 0 tbhits 0 time 1 pv c3d1
[WORKER] 2026/03/06 14:41:16 worker.go:402: Получена строка от движка: info depth 1 seldepth 5 multipv 3 score cp -24 nodes 171 nps 171000 hashfull 0 tbhits 0 time 1 pv c1f4
[WORKER] 2026/03/06 14:41:16 worker.go:402: Получена строка от движка: info depth 2 seldepth 3 multipv 1 score cp -15 nodes 403 nps 403000 hashfull 0 tbhits 0 time 1 pv e2f4
[WORKER] 2026/03/06 14:41:16 worker.go:402: Получена строка от движка: info depth 2 seldepth 3 multipv 2 score cp -17 nodes 403 nps 403000 hashfull 0 tbhits 0 time 1 pv c3d1
[WORKER] 2026/03/06 14:41:16 worker.go:402: Получена строка от движка: info depth 2 seldepth 5 multipv 3 score cp -20 nodes 403 nps 403000 hashfull 0 tbhits 0 time 1 pv c1f4
[WORKER] 2026/03/06 14:41:16 worker.go:402: Получена строка от движка: info depth 3 seldepth 5 multipv 1 score cp -13 nodes 1055 nps 1055000 hashfull 0 tbhits 0 time 1 pv c1f4 b4c3 e2c3
[WORKER] 2026/03/06 14:41:16 worker.go:402: Получена строка от движка: info depth 3 seldepth 18 multipv 2 score cp -19 nodes 1055 nps 1055000 hashfull 0 tbhits 0 time 1 pv c3d1 b4d6
[WORKER] 2026/03/06 14:41:16 worker.go:402: Получена строка от движка: info depth 3 seldepth 4 multipv 3 score cp -20 nodes 1055 nps 1055000 hashfull 0 tbhits 0 time 1 pv e2f4 b4c3 b2c3
[WORKER] 2026/03/06 14:41:16 worker.go:402: Получена строка от движка: info depth 4 seldepth 7 multipv 1 score cp -14 nodes 2065 nps 2065000 hashfull 0 tbhits 0 time 1 pv c1f4 e8g8 f4c7 b4c3 e2c3 c6b4
[WORKER] 2026/03/06 14:41:16 worker.go:402: Получена строка от движка: info depth 4 seldepth 6 multipv 2 score cp -30 nodes 2065 nps 2065000 hashfull 0 tbhits 0 time 1 pv e2f4 b4c3 d3e2 c6e7
[WORKER] 2026/03/06 14:41:16 worker.go:402: Получена строка от движка: info depth 4 seldepth 6 multipv 3 score cp -30 nodes 2065 nps 2065000 hashfull 0 tbhits 0 time 1 pv c3d1 b4d6 c2c3 e8g8
[WORKER] 2026/03/06 14:41:16 worker.go:402: Получена строка от движка: info depth 5 seldepth 9 multipv 1 score cp -23 nodes 4341 nps 1447000 hashfull 0 tbhits 0 time 3 pv c1f4 c6e7 c3d1 b4d6 c2c3
[WORKER] 2026/03/06 14:41:16 worker.go:402: Получена строка от движка: info depth 5 seldepth 10 multipv 2 score cp -25 nodes 4341 nps 1447000 hashfull 0 tbhits 0 time 3 pv c3d1 b4d6 c1f4 e8g8
[WORKER] 2026/03/06 14:41:16 worker.go:402: Получена строка от движка: info depth 5 seldepth 9 multipv 3 score cp -30 nodes 4341 nps 1447000 hashfull 0 tbhits 0 time 3 pv c3b5 b4a5 c2c3 c6e7
[WORKER] 2026/03/06 14:41:16 worker.go:402: Получена строка от движка: info depth 6 seldepth 14 multipv 1 score cp -23 nodes 5645 nps 1411250 hashfull 0 tbhits 0 time 4 pv c1f4 c6e7 c3d1 b4d6 c2c3 d6f4 e2f4
[WORKER] 2026/03/06 14:41:16 worker.go:402: Получена строка от движка: info depth 6 seldepth 11 multipv 2 score cp -26 nodes 5645 nps 1411250 hashfull 0 tbhits 0 time 4 pv c3d1 b4d6 c1f4 e8g8 d1e3 c6e7 e3f5 e7f5 f4d6 f5d6
[WORKER] 2026/03/06 14:41:16 worker.go:402: Получена строка от движка: info depth 6 seldepth 10 multipv 3 score cp -31 nodes 5645 nps 1411250 hashfull 0 tbhits 0 time 4 pv c3b5 b4a5 b5a3 c6e7 c2c3
[WORKER] 2026/03/06 14:41:16 worker.go:402: Получена строка от движка: info depth 7 seldepth 14 multipv 1 score cp -3 nodes 11100 nps 1387500 hashfull 1 tbhits 0 time 8 pv c1f4 e8g8 f4c7 b4c3 e2c3 c6b4 d3b5 d7b5 c3b5
[WORKER] 2026/03/06 14:41:16 worker.go:402: Получена строка от движка: info depth 7 seldepth 12 multipv 2 score cp -23 nodes 11100 nps 1387500 hashfull 1 tbhits 0 time 8 pv c3d1 b4d6 c1f4 e8g8 d1e3 c6e7
[WORKER] 2026/03/06 14:41:16 worker.go:402: Получена строка от движка: info depth 7 seldepth 13 multipv 3 score cp -33 nodes 11100 nps 1387500 hashfull 1 tbhits 0 time 8 pv c3a4 e8g8 c1f4 f8e8 c2c3 b4e7 a4c5 e7c5 d4c5
[WORKER] 2026/03/06 14:41:16 worker.go:402: Получена строка от движка: info depth 8 seldepth 14 multipv 1 score cp -25 nodes 16983 nps 1306384 hashfull 2 tbhits 0 time 13 pv c3d1 b4d6 c1f4 e8g8 d1e3 c6e7 e3f5 e7f5 f4d6 f5d6
[WORKER] 2026/03/06 14:41:16 worker.go:402: Получена строка от движка: info depth 8 seldepth 14 multipv 2 score cp -26 nodes 16983 nps 1306384 hashfull 2 tbhits 0 time 13 pv c1f4 b4c3 e2c3 f5d4 f1e1 d4e6 c3d5 e8c8 a1d1 e6f4 d5f4 d7d3 f4d3
[WORKER] 2026/03/06 14:41:16 worker.go:402: Получена строка от движка: info depth 8 seldepth 10 multipv 3 score cp -30 nodes 16983 nps 1306384 hashfull 2 tbhits 0 time 13 pv c3a4 e8g8 c1f4 f8e8 c2c3 b4e7 a4c5 e7c5
[WORKER] 2026/03/06 14:41:16 worker.go:402: Получена строка от движка: info depth 9 seldepth 19 multipv 1 score cp -26 nodes 43913 nps 1021232 hashfull 9 tbhits 0 time 43 pv c3d1 e8c8 c2c3 b4d6 c1f4 c6e7
[WORKER] 2026/03/06 14:41:16 worker.go:402: Получена строка от движка: info depth 9 seldepth 24 multipv 2 score cp -27 nodes 43913 nps 998022 hashfull 9 tbhits 0 time 44 pv c1f4 b4c3 e2c3 f5d4 a1d1 e8c8 f4e3 d4f3 g2f3 d5d4 c3b5 d4e3 d3e3 d7d1 f1d1 d8d1 g1g2 c8b8 e3f4 d1d7 f4g4 h8d8 g4g7
[WORKER] 2026/03/06 14:41:16 worker.go:402: Получена строка от движка: info depth 9 seldepth 14 multipv 3 score cp -34 nodes 43913 nps 998022 hashfull 9 tbhits 0 time 44 pv c3a4 e8g8 c1f4 c6e7 a2a3
[WORKER] 2026/03/06 14:41:16 worker.go:402: Получена строка от движка: info depth 10 seldepth 20 multipv 1 score cp -25 nodes 55696 nps 977122 hashfull 13 tbhits 0 time 57 pv c3d1 b4d6 c2c3 c6e7 e2g3 f7f6 g3h5 e8g8 d3h3 f8f7
[WORKER] 2026/03/06 14:41:16 worker.go:402: Получена строка от движка: info depth 10 seldepth 20 multipv 2 score cp -27 nodes 55696 nps 977122 hashfull 13 tbhits 0 time 57 pv c1f4 b4c3 e2c3 f5d4 a1d1 e8c8 f4e3 d4f3 g2f3 d5d4 c3b5 d4e3 d3e3 d7d1 f1d1 d8d1 g1g2
[WORKER] 2026/03/06 14:41:16 worker.go:402: Получена строка от движка: info depth 10 seldepth 14 multipv 3 score cp -33 nodes 55696 nps 977122 hashfull 13 tbhits 0 time 57 pv c3b5 b4a5 b5a3 c6e7 c2c3 c7c6 a3c2 f7f6 c2e1 e7g6 e2g3 f5g3 d3g3
[WORKER] 2026/03/06 14:41:16 worker.go:402: Получена строка от движка: info depth 11 seldepth 25 multipv 1 score cp -21 nodes 68123 nps 959478 hashfull 15 tbhits 0 time 71 pv c1f4 b4c3 e2c3 f5d4 f1e1 d4e6 c3d5 e8c8 a1d1 e6f4 d5f4 d7d3 f4d3
[WORKER] 2026/03/06 14:41:16 worker.go:402: Получена строка от движка: info depth 11 seldepth 18 multipv 2 score cp -27 nodes 68123 nps 959478 hashfull 15 tbhits 0 time 71 pv c3d1 b4d6 c2c3 c6e7 c1f4 c7c6 d1e3 e8g8 e3f5 e7f5 e2g3
[WORKER] 2026/03/06 14:41:16 worker.go:402: Получена строка от движка: info depth 11 seldepth 17 multipv 3 score cp -34 nodes 68123 nps 959478 hashfull 15 tbhits 0 time 71 pv c3a4 e8g8 c1f4 c6e7 a2a3 b4d6 a4c5 d7c8 f4d6 f5d6 e2f4 c7c6
[WORKER] 2026/03/06 14:41:16 worker.go:402: Получена строка от движка: info depth 12 seldepth 26 multipv 1 score cp -25 nodes 117638 nps 877895 hashfull 35 tbhits 0 time 134 pv c1f4 b4c3 e2c3 f5d4 f1e1 d4e6 c3d5 e8c8 a1d1 e6f4 d5f4 d7d3 f4d3 d8d6 d3f4 d6d1 e1d1 h8d8 d1d8 c8d8 f4d3 d8e7 g1f1 e7d6 f1e2
[WORKER] 2026/03/06 14:41:16 worker.go:402: Получена строка от движка: info depth 12 seldepth 22 multipv 2 score cp -30 nodes 117638 nps 877895 hashfull 35 tbhits 0 time 134 pv c3d1 b4d6 c2c3 c6e7 c1f4 c7c6 d1e3 d6f4 e2f4 f5d6 d3c2
[WORKER] 2026/03/06 14:41:16 worker.go:402: Получена строка от движка: info depth 12 seldepth 19 multipv 3 score cp -33 nodes 117638 nps 877895 hashfull 35 tbhits 0 time 134 pv c3a4 b4d6 c1f4 b7b6 a4c3 c6e7 f1e1 e8g8
[WORKER] 2026/03/06 14:41:16 worker.go:402: Получена строка от движка: info depth 13 seldepth 24 multipv 1 score cp -25 nodes 155888 nps 847217 hashfull 52 tbhits 0 time 184 pv c1f4 b4c3 e2c3 f5d4 f1e1 d4e6 c3d5 e8c8 a1d1 e6f4 d5f4 d7d3 f4d3 d8d6 d3f4 d6d1 e1d1 h8d8 d1d8 c8d8 f4d3 d8e7 g1f1
[WORKER] 2026/03/06 14:41:16 worker.go:402: Получена строка от движка: info depth 13 seldepth 18 multipv 2 score cp -29 nodes 155888 nps 847217 hashfull 52 tbhits 0 time 184 pv c3d1 b4d6 c2c3 c6e7 c1f4 c7c6 d1e3 d6f4 e2f4 f5d6 d3c2 e8g8 g2g3 e7g6 f4d3
[WORKER] 2026/03/06 14:41:16 worker.go:402: Получена строка от движка: info depth 13 seldepth 25 multipv 3 score cp -29 nodes 155888 nps 847217 hashfull 52 tbhits 0 time 184 pv c3a4 b4d6 c1f4 b7b6 a4c3 c6e7 a2a4 c7c6
[WORKER] 2026/03/06 14:41:16 worker.go:402: Получена строка от движка: info depth 14 seldepth 35 multipv 1 score cp -22 nodes 282750 nps 812500 hashfull 95 tbhits 0 time 348 pv c1f4 b4c3 e2c3 f5d4 f1e1 d4e6 c3d5 e8c8 a1d1 e6f4 d5f4 d7d3 f4d3 d8d4 c2c3 d4d6 d3f4 d6d1
[WORKER] 2026/03/06 14:41:16 worker.go:402: Получена строка от движка: info depth 14 seldepth 21 multipv 2 score cp -25 nodes 282750 nps 812500 hashfull 95 tbhits 0 time 348 pv c3d1 b4d6 c2c3 c6e7 c1f4 c7c6 d1e3 e8g8 e3f5 e7f5 e2g3 d6f4 d3f5 d7f5 g3f5 f8e8 a1e1 g7g6 f5h4
[WORKER] 2026/03/06 14:41:16 worker.go:402: Получена строка от движка: info depth 14 seldepth 23 multipv 3 score cp -34 nodes 282750 nps 812500 hashfull 95 tbhits 0 time 348 pv c1g5 e8g8 c3d1 c6e7 e2g3 f5g3 h2g3 c7c6
[WORKER] 2026/03/06 14:41:16 worker.go:402: Получена строка от движка: info depth 15 seldepth 25 multipv 1 score cp -18 nodes 462965 nps 825249 hashfull 161 tbhits 0 time 561 pv c3d1 b4d6 c2c3 c6e7 c1f4 c7c6 d1e3 e8g8 e3f5 e7f5 e2g3 g7g6 g3f5 d6f4 g2g3
[WORKER] 2026/03/06 14:41:16 worker.go:402: Получена строка от движка: info depth 15 seldepth 31 multipv 2 score cp -23 nodes 462965 nps 825249 hashfull 161 tbhits 0 time 561 pv c1f4 b4c3 e2c3 f5d4 f1e1 d4e6 c3d5 e8c8 a1d1 e6f4 d5f4 d7d3 f4d3 d8d4 c2c3 d4a4 a2a3 h8d8 f2f4 a4a5 d3f2 a5b5 b2b4 b5d5 d1d5 d8d5
[WORKER] 2026/03/06 14:41:16 worker.go:402: Получена строка от движка: info depth 15 seldepth 24 multipv 3 score cp -31 nodes 462965 nps 825249 hashfull 161 tbhits 0 time 561 pv e2f4 b4c3 b2c3 e8c8 a1b1 b7b6 d3b5 c6b8 a2a4 h8e8 f2f3 d7b5 a4b5 c7c6 b5c6 b8c6 b1b5 c8b7 b5d5 d8d5 f4d5
[WORKER] 2026/03/06 14:41:16 worker.go:402: Получена строка от движка: info depth 16 seldepth 26 multipv 1 score cp -19 nodes 611619 nps 825396 hashfull 204 tbhits 0 time 741 pv c3d1 b4d6 c1f4 c6e7 f4d6 f5d6 d1e3 e8g8 a1e1 c7c6 g2g3 a7a5 c2c3 e7g6 e2c1
[WORKER] 2026/03/06 14:41:16 worker.go:402: Получена строка от движка: info depth 16 seldepth 26 multipv 2 score cp -22 nodes 611619 nps 825396 hashfull 204 tbhits 0 time 741 pv c1f4 b4c3 b2c3 c6e7 a1b1 b7b6 e2g3 f5g3 d3g3 e8g8 f4c7 e7f5 g3h3 f8c8
[WORKER] 2026/03/06 14:41:16 worker.go:402: Получена строка от движка: info depth 16 seldepth 24 multipv 3 score cp -34 nodes 611619 nps 825396 hashfull 204 tbhits 0 time 741 pv e2f4 b4c3 d3c3 e8c8 c1e3 d8e8 c3c5 b7b6 c5b5 f5d4 e3d4 c6d4 b5d7 c8d7 f4d5 c7c6
[WORKER] 2026/03/06 14:41:16 worker.go:402: Получена строка от движка: bestmove c3d1 ponder b4d6
[WORKER] 2026/03/06 14:41:16 worker.go:518: Анализ позиции: 4 тактических ходов из 37 возможных
[WORKER] 2026/03/06 14:41:16 worker.go:179: Полуход 19. Ход белых: 14.1 сек (оценка: -19)
[WORKER] 2026/03/06 14:41:16 worker.go:402: Получена строка от движка: info string Available processors: 0-11
[WORKER] 2026/03/06 14:41:16 worker.go:402: Получена строка от движка: info string Using 1 thread
[WORKER] 2026/03/06 14:41:16 worker.go:402: Получена строка от движка: info string NNUE evaluation using nn-c288c895ea92.nnue (125MiB, (102384, 1024, 15, 32, 1))
[WORKER] 2026/03/06 14:41:16 worker.go:402: Получена строка от движка: info string NNUE evaluation using nn-37f18f62d772.nnue (6MiB, (22528, 128, 15, 32, 1))
[WORKER] 2026/03/06 14:41:16 worker.go:402: Получена строка от движка: info string Network replica 1: Shared memory.
[WORKER] 2026/03/06 14:41:16 worker.go:402: Получена строка от движка: info depth 1 seldepth 4 multipv 1 score cp 19 nodes 162 nps 162000 hashfull 0 tbhits 0 time 1 pv b4d6
[WORKER] 2026/03/06 14:41:16 worker.go:402: Получена строка от движка: info depth 1 seldepth 2 multipv 2 score cp 17 nodes 162 nps 162000 hashfull 0 tbhits 0 time 1 pv b4e7
[WORKER] 2026/03/06 14:41:16 worker.go:402: Получена строка от движка: info depth 1 seldepth 2 multipv 3 score cp 12 nodes 162 nps 162000 hashfull 0 tbhits 0 time 1 pv e8g8
[WORKER] 2026/03/06 14:41:16 worker.go:402: Получена строка от движка: info depth 2 seldepth 6 multipv 1 score cp 19 nodes 699 nps 699000 hashfull 0 tbhits 0 time 1 pv b4d6 c1f4
[WORKER] 2026/03/06 14:41:16 worker.go:402: Получена строка от движка: info depth 2 seldepth 10 multipv 2 score cp 15 nodes 699 nps 699000 hashfull 0 tbhits 0 time 1 pv e8g8
[WORKER] 2026/03/06 14:41:16 worker.go:402: Получена строка от движка: info depth 2 seldepth 3 multipv 3 score cp 14 nodes 699 nps 699000 hashfull 0 tbhits 0 time 1 pv b4e7 c2c3
[WORKER] 2026/03/06 14:41:16 worker.go:402: Получена строка от движка: info depth 3 seldepth 5 multipv 1 score cp 19 nodes 895 nps 895000 hashfull 0 tbhits 0 time 1 pv b4d6 c1f4 c6e7
[WORKER] 2026/03/06 14:41:16 worker.go:402: Получена строка от движка: info depth 3 seldepth 5 multipv 2 score cp 15 nodes 895 nps 895000 hashfull 0 tbhits 0 time 1 pv e8g8 c2c3 b4d6 d3h3
[WORKER] 2026/03/06 14:41:16 worker.go:402: Получена строка от движка: info depth 3 seldepth 4 multipv 3 score cp 15 nodes 895 nps 895000 hashfull 0 tbhits 0 time 1 pv b4e7 c2c3 e7d6
[WORKER] 2026/03/06 14:41:16 worker.go:402: Получена строка от движка: info depth 4 seldepth 6 multipv 1 score cp 19 nodes 1436 nps 1436000 hashfull 0 tbhits 0 time 1 pv b4d6 c1f4 c6e7 f4d6
[WORKER] 2026/03/06 14:41:16 worker.go:402: Получена строка от движка: info depth 4 seldepth 8 multipv 2 score cp 18 nodes 1436 nps 1436000 hashfull 0 tbhits 0 time 1 pv e8g8 c2c3 b4d6
[WORKER] 2026/03/06 14:41:16 worker.go:402: Получена строка от движка: info depth 4 seldepth 6 multipv 3 score cp 16 nodes 1436 nps 1436000 hashfull 0 tbhits 0 time 1 pv b4e7 c2c3 e7d6
[WORKER] 2026/03/06 14:41:16 worker.go:402: Получена строка от движка: info depth 5 seldepth 6 multipv 1 score cp 19 nodes 3148 nps 1049333 hashfull 0 tbhits 0 time 3 pv b4d6 c1f4 c6e7 f4d6 f5d6
[WORKER] 2026/03/06 14:41:16 worker.go:402: Получена строка от движка: info depth 5 seldepth 10 multipv 2 score cp 15 nodes 3148 nps 1049333 hashfull 0 tbhits 0 time 3 pv e8g8 c2c3 b4d6 d3h3 a8e8
[WORKER] 2026/03/06 14:41:16 worker.go:402: Получена строка от движка: info depth 5 seldepth 10 multipv 3 score cp 14 nodes 3148 nps 1049333 hashfull 0 tbhits 0 time 3 pv e8c8 d1e3
[WORKER] 2026/03/06 14:41:16 worker.go:402: Получена строка от движка: info depth 6 seldepth 7 multipv 1 score cp 19 nodes 5351 nps 1337750 hashfull 1 tbhits 0 time 4 pv b4d6 c1f4 e8g8
[WORKER] 2026/03/06 14:41:16 worker.go:402: Получена строка от движка: info depth 6 seldepth 12 multipv 2 score cp 17 nodes 5351 nps 1337750 hashfull 1 tbhits 0 time 4 pv e8c8 c1f4 b4d6 f4d6 f5d6 d1e3 c6e7
[WORKER] 2026/03/06 14:41:16 worker.go:402: Получена строка от движка: info depth 6 seldepth 8 multipv 3 score cp 12 nodes 5351 nps 1337750 hashfull 1 tbhits 0 time 4 pv e8g8 c2c3 b4d6 d3h3 a8e8 d1e3
[WORKER] 2026/03/06 14:41:16 worker.go:402: Получена строка от движка: info depth 7 seldepth 11 multipv 1 score cp 22 nodes 6679 nps 1335800 hashfull 1 tbhits 0 time 5 pv b4d6 c1f4 c6e7 d1e3
[WORKER] 2026/03/06 14:41:16 worker.go:402: Получена строка от движка: info depth 7 seldepth 10 multipv 2 score cp 18 nodes 6679 nps 1335800 hashfull 1 tbhits 0 time 5 pv e8c8 c1f4 c6e7 d1e3 b4d6 f4d6 f5d6 a1e1
[WORKER] 2026/03/06 14:41:16 worker.go:402: Получена строка от движка: info depth 7 seldepth 9 multipv 3 score cp 14 nodes 6679 nps 1335800 hashfull 1 tbhits 0 time 5 pv e8g8 c2c3 b4d6 d3h3 a8e8 d1e3 c6e7
[WORKER] 2026/03/06 14:41:16 worker.go:402: Получена строка от движка: info depth 8 seldepth 11 multipv 1 score cp 23 nodes 11547 nps 1154700 hashfull 1 tbhits 0 time 10 pv e8g8 d1e3 f5e3 c1e3 f8e8 c2c3 b4d6
[WORKER] 2026/03/06 14:41:16 worker.go:402: Получена строка от движка: info depth 8 seldepth 13 multipv 2 score cp 19 nodes 11547 nps 1154700 hashfull 1 tbhits 0 time 10 pv b4d6 c1f4 c6e7 d1e3 e8g8 f4d6 f5d6 a1e1 c7c6 g2g3 a7a5 c2c3
[WORKER] 2026/03/06 14:41:16 worker.go:402: Получена строка от движка: info depth 8 seldepth 15 multipv 3 score cp 13 nodes 11547 nps 1154700 hashfull 1 tbhits 0 time 10 pv e8c8 c2c3 b4d6 c1f4 c6e7 d1e3 h7h5 f4d6 f5d6 a1e1 c8b8 e2f4
[WORKER] 2026/03/06 14:41:16 worker.go:402: Получена строка от движка: info depth 9 seldepth 18 multipv 1 score cp 16 nodes 31343 nps 1080793 hashfull 5 tbhits 0 time 29 pv b4d6 c1f4 c6e7 d1e3 e8g8 f4d6 f5d6 a1e1 c7c6 g2g3 a7a5 c2c3 e7g6 h2h4 a8e8
[WORKER] 2026/03/06 14:41:16 worker.go:402: Получена строка от движка: info depth 9 seldepth 18 multipv 2 score cp 14 nodes 31343 nps 1080793 hashfull 5 tbhits 0 time 29 pv e8c8 c1f4 c6e7 d1e3 h7h5 c2c4 d5c4 d3c4 b4d6 c4f7
[WORKER] 2026/03/06 14:41:16 worker.go:402: Получена строка от движка: info depth 9 seldepth 18 multipv 3 score cp 8 nodes 31343 nps 1080793 hashfull 5 tbhits 0 time 29 pv h7h5 c1f4 e8c8 c2c3 b4d6 d1e3 f5e3 f2e3
[WORKER] 2026/03/06 14:41:16 worker.go:402: Получена строка от движка: info depth 10 seldepth 11 multipv 1 score cp 16 nodes 66563 nps 924486 hashfull 17 tbhits 0 time 72 pv b4d6 c1f4 c6e7 d1e3 e8g8 f4d6 f5d6 a1e1 c7c6 g2g3
[WORKER] 2026/03/06 14:41:16 worker.go:402: Получена строка от движка: info depth 10 seldepth 20 multipv 2 score cp 14 nodes 66563 nps 924486 hashfull 17 tbhits 0 time 72 pv e8c8 c2c3 b4d6 c1f4 c6e7 d1e3 f5e3 f2e3 d6f4 e2f4 g7g6 d3e2 e7f5 f4d3 f5d6 a1e1
[WORKER] 2026/03/06 14:41:16 worker.go:402: Получена строка от движка: info depth 10 seldepth 21 multipv 3 score cp 5 nodes 66563 nps 924486 hashfull 17 tbhits 0 time 72 pv h7h5 c1f4 e8c8 c2c3 b4d6 f4d6 f5d6 e2f4 c6e7 d3f3 d6e4
[WORKER] 2026/03/06 14:41:16 worker.go:402: Получена строка от движка: info depth 11 seldepth 14 multipv 1 score cp 16 nodes 76312 nps 919421 hashfull 18 tbhits 0 time 83 pv b4d6 c1f4 c6e7 d1e3 e8g8 f4d6 f5d6 a1e1 c7c6 g2g3 a7a5 c2c3 e7g6
[WORKER] 2026/03/06 14:41:16 worker.go:402: Получена строка от движка: info depth 11 seldepth 13 multipv 2 score cp 14 nodes 76312 nps 919421 hashfull 18 tbhits 0 time 83 pv e8c8 c2c3 b4d6 c1f4 c6e7 d1e3 f5e3 f2e3 d6f4 e2f4 g7g6 d3e2
[WORKER] 2026/03/06 14:41:16 worker.go:402: Получена строка от движка: info depth 11 seldepth 20 multipv 3 score cp 8 nodes 76312 nps 919421 hashfull 18 tbhits 0 time 83 pv h7h5 c1f4 e8c8 c2c3 b4d6 f4d6 f5d6 d1e3 c6e7 a1e1 g7g5 f2f4 f7f6 f4g5 f6g5 e2c1 d8e8 d3c2 b7b6
[WORKER] 2026/03/06 14:41:16 worker.go:402: Получена строка от движка: info depth 12 seldepth 26 multipv 1 score cp 17 nodes 93378 nps 906582 hashfull 23 tbhits 0 time 103 pv b4d6 c1f4 e8g8 f4d6 f5d6 d1e3 c6e7 a1e1 c7c6 g2g3 a7a5 c2c3 a5a4 h2h4 f8e8 g1g2
[WORKER] 2026/03/06 14:41:16 worker.go:402: Получена строка от движка: info depth 12 seldepth 15 multipv 2 score cp 14 nodes 93378 nps 906582 hashfull 23 tbhits 0 time 103 pv e8c8 c2c3 b4d6 c1f4 c6e7 d1e3 f5e3 f2e3 d6f4 e2f4 g7g6 d3e2 e7f5 f4d3
[WORKER] 2026/03/06 14:41:16 worker.go:402: Получена строка от движка: info depth 12 seldepth 26 multipv 3 score cp 8 nodes 93378 nps 906582 hashfull 23 tbhits 0 time 103 pv h7h5 e2g3 f5e7 c1f4 e7g6 f4c1 h5h4 g3f5 e8c8 c2c3
[WORKER] 2026/03/06 14:41:17 worker.go:402: Получена строка от движка: info depth 13 seldepth 32 multipv 1 score cp 11 nodes 187379 nps 892280 hashfull 50 tbhits 0 time 210 pv e8c8 c2c3 b4d6 c1f4 c6e7 f4d6 f5d6 d1e3 f7f5 e2f4 c7c6 d3d1 g7g5 f4d3 e7g6 d1h5 g6f4 d3f4 g5f4 e3c2 h8g8 c2e1 d7g7 h5f3 g7g4 f3g4 f5g4 f2f3 d8e8 f3g4 g8g4
[WORKER] 2026/03/06 14:41:17 worker.go:402: Получена строка от движка: info depth 13 seldepth 30 multipv 2 score cp 11 nodes 187379 nps 892280 hashfull 50 tbhits 0 time 210 pv b4d6 c1f4 e8g8 f4d6 f5d6 d1e3 c6e7 a1e1 c7c6 g2g3 a7a5 c2c3 f8e8 e2f4 e7g6 f4g2 a5a4 h2h4 g6f8 e1e2
[WORKER] 2026/03/06 14:41:17 worker.go:402: Получена строка от движка: info depth 13 seldepth 19 multipv 3 score cp 5 nodes 187379 nps 892280 hashfull 50 tbhits 0 time 210 pv e8g8 c2c3 b4d6 d3h3 a8d8 c1f4 c6e7 f4d6 d7d6 e2c1 c7c5 d4c5 d6c5 d1e3 f5e3 h3e3 c5e3
[WORKER] 2026/03/06 14:41:17 worker.go:402: Получена строка от движка: info depth 14 seldepth 32 multipv 1 score cp 13 nodes 217132 nps 886253 hashfull 60 tbhits 0 time 245 pv b4d6 c1f4 e8g8 f4d6 f5d6 d1e3 c6e7 a1e1 c7c6 g2g3 a7a5 c2c3 a5a4 h2h4 f8e8 e2f4 e7f5 e3f5 d7f5 g1g2
[WORKER] 2026/03/06 14:41:17 worker.go:402: Получена строка от движка: info depth 14 seldepth 22 multipv 2 score cp 11 nodes 217132 nps 886253 hashfull 60 tbhits 0 time 245 pv e8c8 c2c3 b4d6 c1f4 c6e7 f4d6 f5d6 d1e3 f7f5 e2f4 c7c6 d3d1 g7g5 f4d3 e7g6 d1h5 g6f4 d3f4 g5f4 e3c2 h8g8
[WORKER] 2026/03/06 14:41:17 worker.go:402: Получена строка от движка: info depth 14 seldepth 23 multipv 3 score cp 9 nodes 217132 nps 886253 hashfull 60 tbhits 0 time 245 pv e8g8 c2c3 b4d6 d3h3 a8d8 c1g5 f7f6 g5f4 c6e7 f4d6 f5d6 h3d7 d8d7 e2f4 c7c6 f4d3
[WORKER] 2026/03/06 14:41:17 worker.go:402: Получена строка от движка: info depth 15 seldepth 31 multipv 1 score cp 15 nodes 308630 nps 881800 hashfull 91 tbhits 0 time 350 pv b4d6 c1f4 e8g8 f4d6 f5d6 d1e3 c6e7 c2c3 c7c6 a1e1 a8e8 g2g3 e7g6 e3g2 e8e4
[WORKER] 2026/03/06 14:41:17 worker.go:402: Получена строка от движка: info depth 15 seldepth 37 multipv 2 score cp 9 nodes 308630 nps 881800 hashfull 91 tbhits 0 time 350 pv e8c8 c2c3 b4d6 c1f4 c6e7 f4d6 f5d6 d1e3 c7c6 a1e1 e7g6 e2c1 g6f4 d3d1 g7g5 c1d3 f4d3 d1d3
[WORKER] 2026/03/06 14:41:17 worker.go:402: Получена строка от движка: info depth 15 seldepth 26 multipv 3 score cp 4 nodes 308630 nps 881800 hashfull 91 tbhits 0 time 350 pv e8g8 c2c3 b4d6 d3h3 a8d8 c1f4 c6e7 f4d6 d7d6 e2c1 c7c5 d4c5 d6c5 d1e3 f5e3 h3e3 c5e3 f2e3
[WORKER] 2026/03/06 14:41:17 worker.go:402: Получена строка от движка: info depth 16 seldepth 30 multipv 1 score cp 12 nodes 511246 nps 856358 hashfull 160 tbhits 0 time 597 pv b4d6 c1f4 e8g8 f4d6 f5d6 d1e3 c6e7 a1e1 c7c6 g2g3 a7a5 c2c3 a5a4 h2h4 f8e8
[WORKER] 2026/03/06 14:41:17 worker.go:402: Получена строка от движка: info depth 16 seldepth 28 multipv 2 score cp 7 nodes 511246 nps 854926 hashfull 160 tbhits 0 time 598 pv e8c8 c1f4 b4e7 c2c3 g7g6 b2b4 h7h5 a2a4 g6g5 f4d2 h5h4 e2c1 d8e8 c1b3 h4h3 g2g3 c6d8 f2f3 e7d6 b3c5 d6c5 b4c5
[WORKER] 2026/03/06 14:41:17 worker.go:402: Получена строка от движка: info depth 16 seldepth 33 multipv 3 score cp 4 nodes 511246 nps 854926 hashfull 160 tbhits 0 time 598 pv e8g8 c2c3 b4d6 d3h3 a8d8 c1f4 f8e8 f4d6 d7d6 e2c1 d6g6 c1d3 f5d6 h3g3 c6e7 g3g6 h7g6
[WORKER] 2026/03/06 14:41:17 worker.go:402: Получена строка от движка: bestmove b4d6 ponder c1f4
[WORKER] 2026/03/06 14:41:17 worker.go:518: Анализ позиции: 2 тактических ходов из 46 возможных
[WORKER] 2026/03/06 14:41:17 worker.go:179: Полуход 20. Ход черных: 9.3 сек (оценка: -12)
[WORKER] 2026/03/06 14:41:17 worker.go:402: Получена строка от движка: info string Available processors: 0-11
[WORKER] 2026/03/06 14:41:17 worker.go:402: Получена строка от движка: info string Using 1 thread
[WORKER] 2026/03/06 14:41:17 worker.go:402: Получена строка от движка: info string NNUE evaluation using nn-c288c895ea92.nnue (125MiB, (102384, 1024, 15, 32, 1))
[WORKER] 2026/03/06 14:41:17 worker.go:402: Получена строка от движка: info string NNUE evaluation using nn-37f18f62d772.nnue (6MiB, (22528, 128, 15, 32, 1))
[WORKER] 2026/03/06 14:41:17 worker.go:402: Получена строка от движка: info string Network replica 1: Shared memory.
[WORKER] 2026/03/06 14:41:17 worker.go:402: Получена строка от движка: info depth 1 seldepth 2 multipv 1 score cp 1 nodes 149 nps 149000 hashfull 0 tbhits 0 time 1 pv c1f4
[WORKER] 2026/03/06 14:41:17 worker.go:402: Получена строка от движка: info depth 1 seldepth 10 multipv 2 score cp -4 nodes 149 nps 149000 hashfull 0 tbhits 0 time 1 pv c2c3
[WORKER] 2026/03/06 14:41:17 worker.go:402: Получена строка от движка: info depth 1 seldepth 4 multipv 3 score cp -14 nodes 149 nps 149000 hashfull 0 tbhits 0 time 1 pv b2b3
[WORKER] 2026/03/06 14:41:17 worker.go:402: Получена строка от движка: info depth 2 seldepth 7 multipv 1 score cp 4 nodes 585 nps 585000 hashfull 0 tbhits 0 time 1 pv c2c3
[WORKER] 2026/03/06 14:41:17 worker.go:402: Получена строка от движка: info depth 2 seldepth 5 multipv 2 score cp -6 nodes 585 nps 585000 hashfull 0 tbhits 0 time 1 pv d3h3 f8d8
[WORKER] 2026/03/06 14:41:17 worker.go:402: Получена строка от движка: info depth 2 seldepth 3 multipv 3 score cp -10 nodes 585 nps 585000 hashfull 0 tbhits 0 time 1 pv c1f4 c6e7
[WORKER] 2026/03/06 14:41:17 worker.go:402: Получена строка от движка: info depth 3 seldepth 4 multipv 1 score cp -4 nodes 1177 nps 1177000 hashfull 0 tbhits 0 time 1 pv d3h3
[WORKER] 2026/03/06 14:41:17 worker.go:402: Получена строка от движка: info depth 3 seldepth 4 multipv 2 score cp -6 nodes 1177 nps 1177000 hashfull 0 tbhits 0 time 1 pv c2c3 b4d6 d3h3
[WORKER] 2026/03/06 14:41:17 worker.go:402: Получена строка от движка: info depth 3 seldepth 6 multipv 3 score cp -6 nodes 1177 nps 1177000 hashfull 0 tbhits 0 time 1 pv c1f4 a8e8
[WORKER] 2026/03/06 14:41:17 worker.go:402: Получена строка от движка: info depth 4 seldepth 5 multipv 1 score cp -4 nodes 1434 nps 717000 hashfull 0 tbhits 0 time 2 pv d3h3 a8d8 c2c3 b4d6
[WORKER] 2026/03/06 14:41:17 worker.go:402: Получена строка от движка: info depth 4 seldepth 8 multipv 2 score cp -4 nodes 1434 nps 717000 hashfull 0 tbhits 0 time 2 pv c2c3 b4d6 d3h3 a8d8 c1f4 f8e8
[WORKER] 2026/03/06 14:41:17 worker.go:402: Получена строка от движка: info depth 4 seldepth 9 multipv 3 score cp -8 nodes 1434 nps 717000 hashfull 0 tbhits 0 time 2 pv c1f4 a8e8 c2c3 b4d6 f4d6 f5d6
[WORKER] 2026/03/06 14:41:17 worker.go:402: Получена строка от движка: info depth 5 seldepth 7 multipv 1 score cp -4 nodes 1634 nps 817000 hashfull 0 tbhits 0 time 2 pv d3h3 a8d8 c2c3 b4d6 c1f4
[WORKER] 2026/03/06 14:41:17 worker.go:402: Получена строка от движка: info depth 5 seldepth 7 multipv 2 score cp -4 nodes 1634 nps 817000 hashfull 0 tbhits 0 time 2 pv c2c3 b4d6 d3h3 a8d8 c1f4
[WORKER] 2026/03/06 14:41:17 worker.go:402: Получена строка от движка: info depth 5 seldepth 7 multipv 3 score cp -8 nodes 1634 nps 817000 hashfull 0 tbhits 0 time 2 pv c1f4 a8e8 c2c3 b4d6 f4d6 f5d6
[WORKER] 2026/03/06 14:41:17 worker.go:402: Получена строка от движка: info depth 6 seldepth 9 multipv 1 score cp -4 nodes 2028 nps 1014000 hashfull 0 tbhits 0 time 2 pv d3h3 a8d8 c2c3 b4d6 c1f4 f8e8 f4d6
[WORKER] 2026/03/06 14:41:17 worker.go:402: Получена строка от движка: info depth 6 seldepth 9 multipv 2 score cp -4 nodes 2028 nps 1014000 hashfull 0 tbhits 0 time 2 pv c2c3 b4d6 d3h3 a8d8 c1f4 f8e8 f4d6
[WORKER] 2026/03/06 14:41:17 worker.go:402: Получена строка от движка: info depth 6 seldepth 7 multipv 3 score cp -8 nodes 2028 nps 1014000 hashfull 0 tbhits 0 time 2 pv c1f4 f8e8 c2c3 b4f8 e2g3
[WORKER] 2026/03/06 14:41:17 worker.go:402: Получена строка от движка: info depth 7 seldepth 9 multipv 1 score cp -4 nodes 3281 nps 1093666 hashfull 0 tbhits 0 time 3 pv d3h3 a8d8 c2c3 b4d6 c1f4 f8e8 f4d6
[WORKER] 2026/03/06 14:41:17 worker.go:402: Получена строка от движка: info depth 7 seldepth 9 multipv 2 score cp -4 nodes 3281 nps 1093666 hashfull 0 tbhits 0 time 3 pv c2c3 b4d6 d3h3 a8d8 c1f4 f8e8 f4d6
[WORKER] 2026/03/06 14:41:17 worker.go:402: Получена строка от движка: info depth 7 seldepth 9 multipv 3 score cp -18 nodes 3281 nps 1093666 hashfull 0 tbhits 0 time 3 pv c1f4 f8e8 c2c3 b4f8 g2g4 f5h4
[WORKER] 2026/03/06 14:41:17 worker.go:402: Получена строка от движка: info depth 8 seldepth 10 multipv 1 score cp -4 nodes 4752 nps 950400 hashfull 0 tbhits 0 time 5 pv d3h3 a8d8 c2c3 b4d6 c1f4 f8e8 f4d6 d7d6
[WORKER] 2026/03/06 14:41:17 worker.go:402: Получена строка от движка: info depth 8 seldepth 16 multipv 2 score cp -4 nodes 4752 nps 950400 hashfull 0 tbhits 0 time 5 pv c2c3 b4d6 d3h3 a8d8 c1f4 f8e8 f4d6 d7d6 e2c1 c6e7
[WORKER] 2026/03/06 14:41:17 worker.go:402: Получена строка от движка: info depth 8 seldepth 15 multipv 3 score cp -12 nodes 4752 nps 950400 hashfull 0 tbhits 0 time 5 pv c1f4 c6e7 c2c3 b4d6 f4d6 f5d6 d1e3 c7c6
[WORKER] 2026/03/06 14:41:17 worker.go:402: Получена строка от движка: info depth 9 seldepth 11 multipv 1 score cp -4 nodes 8082 nps 1010250 hashfull 0 tbhits 0 time 8 pv d3h3 a8d8 c2c3 b4d6 c1f4 f8e8 f4d6 d7d6 e2c1 c6e7
[WORKER] 2026/03/06 14:41:17 worker.go:402: Получена строка от движка: info depth 9 seldepth 18 multipv 2 score cp -7 nodes 8082 nps 1010250 hashfull 0 tbhits 0 time 8 pv c2c3 b4d6 d3h3 a8d8 c1f4 f8e8 f4d6 d7d6
[WORKER] 2026/03/06 14:41:17 worker.go:402: Получена строка от движка: info depth 9 seldepth 13 multipv 3 score cp -13 nodes 8082 nps 1010250 hashfull 0 tbhits 0 time 8 pv c1f4 a8e8 c2c3 b4d6 f4d6 d7d6 e2g3
[WORKER] 2026/03/06 14:41:17 worker.go:402: Получена строка от движка: info depth 10 seldepth 18 multipv 1 score cp -5 nodes 19439 nps 845173 hashfull 3 tbhits 0 time 23 pv d3h3 a8d8 c2c3 b4d6 c1f4 c6e7 f4d6 d7d6 e2c1 c7c5 d4c5 d6c5
[WORKER] 2026/03/06 14:41:17 worker.go:402: Получена строка от движка: info depth 10 seldepth 34 multipv 2 score cp -8 nodes 19439 nps 845173 hashfull 3 tbhits 0 time 23 pv c2c3 b4d6 d3h3 a8d8 c1f4 c6e7 f4d6 d7d6 f1e1 d8e8
[WORKER] 2026/03/06 14:41:17 worker.go:402: Получена строка от движка: info depth 10 seldepth 16 multipv 3 score cp -12 nodes 19439 nps 845173 hashfull 3 tbhits 0 time 23 pv c1f4 c6e7 c2c3 b4d6 f4d6 f5d6 d1e3 c7c6 a1e1 a7a5 d3c2
[WORKER] 2026/03/06 14:41:17 worker.go:402: Получена строка от движка: info depth 11 seldepth 24 multipv 1 score cp -7 nodes 42619 nps 835666 hashfull 11 tbhits 0 time 51 pv c2c3 b4d6 d3h3 a8d8 c1f4 f8e8 f4d6 d7d6 e2c1 d6g6 c1d3 e8e7 f1e1 d8e8 e1e7 c6e7
[WORKER] 2026/03/06 14:41:17 worker.go:402: Получена строка от движка: info depth 11 seldepth 20 multipv 2 score cp -8 nodes 42619 nps 835666 hashfull 11 tbhits 0 time 51 pv d3h3 a8d8 c2c3 b4d6 c1f4 f8e8 f4d6 d7d6 e2c1 d6g6 c1d3 e8e7 f1e1 e7e1 d3e1
[WORKER] 2026/03/06 14:41:17 worker.go:402: Получена строка от движка: info depth 11 seldepth 23 multipv 3 score cp -15 nodes 42619 nps 835666 hashfull 11 tbhits 0 time 51 pv c1f4 b4d6 f4d6 f5d6 d1e3 c6e7 a1e1 c7c6 g2g3 a7a5 c2c3 a5a4 h2h4 f8e8 e2f4 e7g6 f4g2 g6f8 e1e2 b7b5 f1e1 e8e4
[WORKER] 2026/03/06 14:41:17 worker.go:402: Получена строка от движка: info depth 12 seldepth 24 multipv 1 score cp -4 nodes 49283 nps 821383 hashfull 15 tbhits 0 time 60 pv c2c3 b4d6 d3h3 a8d8 c1f4 f8e8 f4d6 d7d6 e2g3 f5g3 h2g3 e8e2 a1b1 c6e7
[WORKER] 2026/03/06 14:41:17 worker.go:402: Получена строка от движка: info depth 12 seldepth 24 multipv 2 score cp -6 nodes 49283 nps 821383 hashfull 15 tbhits 0 time 60 pv d3h3 a8d8 c2c3 b4d6 c1f4 f8e8 f4d6 d7d6 e2g3 f5g3 h2g3 e8e2 a1b1 e2e4 d1e3 c6e7 b1e1
[WORKER] 2026/03/06 14:41:17 worker.go:402: Получена строка от движка: info depth 12 seldepth 18 multipv 3 score cp -15 nodes 49283 nps 821383 hashfull 15 tbhits 0 time 60 pv c1f4 b4d6 f4d6 f5d6 d1e3 c6e7 a1e1 c7c6 g2g3 a7a5 c2c3 a5a4 h2h4 f8e8
[WORKER] 2026/03/06 14:41:17 worker.go:402: Получена строка от движка: info depth 13 seldepth 21 multipv 1 score cp -1 nodes 76743 nps 852700 hashfull 22 tbhits 0 time 90 pv d3h3 b4d6 d1e3 c6e7 e2g3 f5g3 h3d7
[WORKER] 2026/03/06 14:41:17 worker.go:402: Получена строка от движка: info depth 13 seldepth 18 multipv 2 score cp -6 nodes 76743 nps 852700 hashfull 22 tbhits 0 time 90 pv c2c3 b4d6 d3h3 a8d8 e2f4 d6f4 c1f4 c6e7 f1e1 f7f6 d1e3 f5e3 h3e3 f8e8
[WORKER] 2026/03/06 14:41:17 worker.go:402: Получена строка от движка: info depth 13 seldepth 25 multipv 3 score cp -12 nodes 76743 nps 852700 hashfull 22 tbhits 0 time 90 pv c1f4 c6e7 c2c3 b4d6 f4d6 f5d6 d1e3 c7c6 a1e1 a7a5 h2h4 a5a4 h4h5 a8e8 e2f4
[WORKER] 2026/03/06 14:41:17 worker.go:402: Получена строка от движка: info depth 14 seldepth 31 multipv 1 score cp -7 nodes 172713 nps 838412 hashfull 56 tbhits 0 time 206 pv c2c3 b4d6 d3h3 a8d8 c1f4 f8e8 f4d6 f5d6 h3d7 d8d7 d1e3 d6c4 e2f4 c4e3 f1e1 d7e7 e1e3 e7e3 f2e3 c6e7 a1e1
[WORKER] 2026/03/06 14:41:17 worker.go:402: Получена строка от движка: info depth 14 seldepth 25 multipv 2 score cp -7 nodes 172713 nps 838412 hashfull 56 tbhits 0 time 206 pv d3h3 a8d8 c2c3 b4d6 c1f4 f8e8 f4d6 d7d6 e2c1 c6e7 c1d3 d6g6 d3e5 g6b6 a1b1 f5d6 d1e3 c7c6 g2g3
[WORKER] 2026/03/06 14:41:17 worker.go:402: Получена строка от движка: info depth 14 seldepth 21 multipv 3 score cp -18 nodes 172713 nps 838412 hashfull 56 tbhits 0 time 206 pv c1f4 b4d6 f4d6 f5d6 c2c3 c6e7 d1e3 c7c6 g2g3 a7a5 h2h4 a5a4 e2f4 f8e8
[WORKER] 2026/03/06 14:41:17 worker.go:402: Получена строка от движка: info depth 15 seldepth 38 multipv 1 score cp -11 nodes 327247 nps 839094 hashfull 107 tbhits 0 time 390 pv d3h3 a8d8 c2c3 b4d6 c1f4 f8e8 f4d6 d7d6 e2g3 f5g3 h2g3 e8e6 h3h5 d8e8 d1e3 c6e7 f1e1 c7c6
[WORKER] 2026/03/06 14:41:17 worker.go:402: Получена строка от движка: info depth 15 seldepth 20 multipv 2 score cp -16 nodes 327247 nps 839094 hashfull 107 tbhits 0 time 390 pv c1f4 b4d6 f4d6 f5d6 d1e3 c6e7 c2c3 c7c6 a1e1 a8e8 g2g3 a7a5 e3g2 e7f5 e2f4 g7g6 h2h4
[WORKER] 2026/03/06 14:41:17 worker.go:402: Получена строка от движка: info depth 15 seldepth 37 multipv 3 score cp -16 nodes 327247 nps 839094 hashfull 107 tbhits 0 time 390 pv c2c3 b4d6 d3h3 a8d8 c1f4 f8e8 f4d6 d7d6 e2g3 f5g3 h2g3 e8e2 a1b1 c6e7 d1e3
[WORKER] 2026/03/06 14:41:18 worker.go:402: Получена строка от движка: info depth 16 seldepth 28 multipv 1 score cp -8 nodes 440926 nps 748601 hashfull 139 tbhits 0 time 589 pv d3h3 a8d8 c2c3 b4d6 c1f4 c6e7 f4d6 d7d6 e2c1 f8e8 c1d3 d6g6 h3f3 c7c6
[WORKER] 2026/03/06 14:41:18 worker.go:402: Получена строка от движка: info depth 16 seldepth 28 multipv 2 score cp -9 nodes 440926 nps 747332 hashfull 139 tbhits 0 time 590 pv c2c3 b4d6 d3h3 a8d8 c1f4 d7e6 d1e3 f5e3 h3e3 d6f4 e2f4 e6e3 f2e3 f8e8 a1e1 c6e7 f4d3 b7b6 e3e4 d5e4 e1e4
[WORKER] 2026/03/06 14:41:18 worker.go:402: Получена строка от движка: info depth 16 seldepth 28 multipv 3 score cp -12 nodes 440926 nps 747332 hashfull 139 tbhits 0 time 590 pv c1f4 b4d6 f4d6 f5d6 d1e3 c6e7 c2c3 c7c6 a1e1 f8e8 d3d1 a7a5 g2g3 a5a4 e2f4 a4a3
[WORKER] 2026/03/06 14:41:18 worker.go:402: Получена строка от движка: bestmove d3h3 ponder a8d8
[WORKER] 2026/03/06 14:41:18 worker.go:518: Анализ позиции: 1 тактических ходов из 37 возможных
[WORKER] 2026/03/06 14:41:18 worker.go:179: Полуход 21. Ход белых: 4.8 сек (оценка: -8)
[WORKER] 2026/03/06 14:41:18 worker.go:402: Получена строка от движка: info string Available processors: 0-11
[WORKER] 2026/03/06 14:41:18 worker.go:402: Получена строка от движка: info string Using 1 thread
[WORKER] 2026/03/06 14:41:18 worker.go:402: Получена строка от движка: info string NNUE evaluation using nn-c288c895ea92.nnue (125MiB, (102384, 1024, 15, 32, 1))
[WORKER] 2026/03/06 14:41:18 worker.go:402: Получена строка от движка: info string NNUE evaluation using nn-37f18f62d772.nnue (6MiB, (22528, 128, 15, 32, 1))
[WORKER] 2026/03/06 14:41:18 worker.go:402: Получена строка от движка: info string Network replica 1: Shared memory.
[WORKER] 2026/03/06 14:41:18 worker.go:402: Получена строка от движка: info depth 1 seldepth 5 multipv 1 score cp 17 nodes 140 nps 140000 hashfull 0 tbhits 0 time 1 pv f5e3
[WORKER] 2026/03/06 14:41:18 worker.go:402: Получена строка от движка: info depth 1 seldepth 3 multipv 2 score cp 9 nodes 140 nps 140000 hashfull 0 tbhits 0 time 1 pv c6e7
[WORKER] 2026/03/06 14:41:18 worker.go:402: Получена строка от движка: info depth 1 seldepth 2 multipv 3 score cp -4 nodes 140 nps 140000 hashfull 0 tbhits 0 time 1 pv f5e7
[WORKER] 2026/03/06 14:41:18 worker.go:402: Получена строка от движка: info depth 2 seldepth 3 multipv 1 score cp 23 nodes 506 nps 506000 hashfull 0 tbhits 0 time 1 pv f5e3
[WORKER] 2026/03/06 14:41:18 worker.go:402: Получена строка от движка: info depth 2 seldepth 3 multipv 2 score cp 16 nodes 506 nps 506000 hashfull 0 tbhits 0 time 1 pv c6e7
[WORKER] 2026/03/06 14:41:18 worker.go:402: Получена строка от движка: info depth 2 seldepth 3 multipv 3 score cp -2 nodes 506 nps 506000 hashfull 0 tbhits 0 time 1 pv f5e7 e2f4
[WORKER] 2026/03/06 14:41:18 worker.go:402: Получена строка от движка: info depth 3 seldepth 11 multipv 1 score cp 22 nodes 1623 nps 1623000 hashfull 0 tbhits 0 time 1 pv f5e3 c1e3 c6e7
[WORKER] 2026/03/06 14:41:18 worker.go:402: Получена строка от движка: info depth 3 seldepth 9 multipv 2 score cp 14 nodes 1623 nps 1623000 hashfull 0 tbhits 0 time 1 pv c6e7 e3f5 e7f5
[WORKER] 2026/03/06 14:41:18 worker.go:402: Получена строка от движка: info depth 3 seldepth 10 multipv 3 score cp -54 nodes 1623 nps 1623000 hashfull 0 tbhits 0 time 1 pv f5h4 c2c3 b4e7 e2f4
[WORKER] 2026/03/06 14:41:18 worker.go:402: Получена строка от движка: info depth 4 seldepth 5 multipv 1 score cp 15 nodes 3228 nps 1614000 hashfull 0 tbhits 0 time 2 pv f5e3 c1e3 c6e7 e2f4
[WORKER] 2026/03/06 14:41:18 worker.go:402: Получена строка от движка: info depth 4 seldepth 7 multipv 2 score cp 8 nodes 3228 nps 1614000 hashfull 0 tbhits 0 time 2 pv c6e7 e3f5 e7f5 e2g3 f5g3 h2g3
[WORKER] 2026/03/06 14:41:18 worker.go:402: Получена строка от движка: info depth 4 seldepth 6 multipv 3 score cp -63 nodes 3228 nps 1614000 hashfull 0 tbhits 0 time 2 pv f5h4 c2c3 b4e7 e2f4
[WORKER] 2026/03/06 14:41:18 worker.go:402: Получена строка от движка: info depth 5 seldepth 6 multipv 1 score cp 12 nodes 5004 nps 1251000 hashfull 0 tbhits 0 time 4 pv f5e3 c1e3 c6e7 c2c3
[WORKER] 2026/03/06 14:41:18 worker.go:402: Получена строка от движка: info depth 5 seldepth 7 multipv 2 score cp 8 nodes 5004 nps 1251000 hashfull 0 tbhits 0 time 4 pv c6e7 e3f5 e7f5 e2g3 f5g3 h2g3
[WORKER] 2026/03/06 14:41:18 worker.go:402: Получена строка от движка: info depth 5 seldepth 10 multipv 3 score cp -48 nodes 5004 nps 1251000 hashfull 0 tbhits 0 time 4 pv f5e7 e2f4 b4d6 f4d5
[WORKER] 2026/03/06 14:41:18 worker.go:402: Получена строка от движка: info depth 6 seldepth 11 multipv 1 score cp 16 nodes 6259 nps 1043166 hashfull 0 tbhits 0 time 6 pv c6e7 d3b3 f5e3 c1e3 b4d6 e3f4 e7f5 f4d6 d7d6
[WORKER] 2026/03/06 14:41:18 worker.go:402: Получена строка от движка: info depth 6 seldepth 10 multipv 2 score cp 6 nodes 6259 nps 1043166 hashfull 0 tbhits 0 time 6 pv f5e3 c1e3 f8e8 c2c3 b4d6 a1e1 e8e4 e2c1 g7g6
[WORKER] 2026/03/06 14:41:18 worker.go:402: Получена строка от движка: info depth 6 seldepth 10 multipv 3 score cp 4 nodes 6259 nps 1043166 hashfull 0 tbhits 0 time 6 pv f5e7 c2c3 b4d6 g2g3 c6d8 e3g2
[WORKER] 2026/03/06 14:41:18 worker.go:402: Получена строка от движка: info depth 7 seldepth 14 multipv 1 score cp 16 nodes 8022 nps 891333 hashfull 1 tbhits 0 time 9 pv c6e7 e3f5 e7f5 c1f4 c7c6
[WORKER] 2026/03/06 14:41:18 worker.go:402: Получена строка от движка: info depth 7 seldepth 8 multipv 2 score cp 15 nodes 8022 nps 891333 hashfull 1 tbhits 0 time 9 pv f5e3 c1e3 f8e8 e3f4
[WORKER] 2026/03/06 14:41:18 worker.go:402: Получена строка от движка: info depth 7 seldepth 11 multipv 3 score cp -8 nodes 8022 nps 891333 hashfull 1 tbhits 0 time 9 pv f5e7 d3b5 f8b8 c2c3 b4d6 e3d5
[WORKER] 2026/03/06 14:41:18 worker.go:402: Получена строка от движка: info depth 8 seldepth 11 multipv 1 score cp 17 nodes 9939 nps 764538 hashfull 1 tbhits 0 time 13 pv c6e7 e3f5 e7f5 c1f4 f8e8 e2g3 f5g3 h2g3
[WORKER] 2026/03/06 14:41:18 worker.go:402: Получена строка от движка: info depth 8 seldepth 12 multipv 2 score cp 15 nodes 9939 nps 764538 hashfull 1 tbhits 0 time 13 pv f5e3 c1e3 f8e8 c2c3 b4d6 a1e1 c6e7 e3f4 e7f5 e2g3
[WORKER] 2026/03/06 14:41:18 worker.go:402: Получена строка от движка: info depth 8 seldepth 12 multipv 3 score cp 4 nodes 9939 nps 764538 hashfull 1 tbhits 0 time 13 pv f5e7 c2c3 b4d6 g2g3 a8e8 f1e1
[WORKER] 2026/03/06 14:41:18 worker.go:402: Получена строка от движка: info depth 9 seldepth 12 multipv 1 score cp 16 nodes 14924 nps 621833 hashfull 4 tbhits 0 time 24 pv c6e7 e3f5 e7f5 c1f4 a8e8 c2c3
[WORKER] 2026/03/06 14:41:18 worker.go:402: Получена строка от движка: info depth 9 seldepth 15 multipv 2 score cp 13 nodes 14924 nps 621833 hashfull 4 tbhits 0 time 24 pv f5e3 c1e3 f8e8 c2c3 b4f8 e2f4 c6e7 a1e1 e7g6 e3d2 g6f4
[WORKER] 2026/03/06 14:41:18 worker.go:402: Получена строка от движка: info depth 9 seldepth 15 multipv 3 score cp 4 nodes 14924 nps 621833 hashfull 4 tbhits 0 time 24 pv f5e7 c2c3 b4d6 c1d2 c6d8 a1e1 d8e6
[WORKER] 2026/03/06 14:41:18 worker.go:402: Получена строка от движка: info depth 10 seldepth 15 multipv 1 score cp 21 nodes 27226 nps 513698 hashfull 7 tbhits 0 time 53 pv c6e7 e3f5 e7f5 c1f4 b4d6 e2g3 f5g3 h2g3 d6f4 g3f4 f8e8 g2g3
[WORKER] 2026/03/06 14:41:18 worker.go:402: Получена строка от движка: info depth 10 seldepth 15 multipv 2 score cp 17 nodes 27226 nps 513698 hashfull 7 tbhits 0 time 53 pv f5e3 c1e3 f8e8 c2c3 b4d6 a1e1 e8e4 e3d2 c6e7 e2c1
[WORKER] 2026/03/06 14:41:18 worker.go:402: Получена строка от движка: info depth 10 seldepth 20 multipv 3 score cp -4 nodes 27226 nps 513698 hashfull 7 tbhits 0 time 53 pv f5e7 c1d2 b4d6 f2f4 c6d8 f4f5 f7f6 e2f4 d6f4 f1f4 d8f7 a1f1
[WORKER] 2026/03/06 14:41:18 worker.go:402: Получена строка от движка: info depth 11 seldepth 18 multipv 1 score cp 18 nodes 52882 nps 528820 hashfull 16 tbhits 0 time 100 pv f5e3 c1e3 f8e8 c2c3 b4d6 a1e1 a7a5
[WORKER] 2026/03/06 14:41:18 worker.go:402: Получена строка от движка: info depth 11 seldepth 20 multipv 2 score cp 15 nodes 52882 nps 528820 hashfull 16 tbhits 0 time 100 pv c6e7 e3f5 d7f5 d3f5 e7f5 c2c3 b4d6 e2f4 c7c6 f4d3 a7a5 g2g4 f5h4 f2f4 f8e8 f4f5
[WORKER] 2026/03/06 14:41:18 worker.go:402: Получена строка от движка: info depth 11 seldepth 18 multipv 3 score cp -3 nodes 52882 nps 528820 hashfull 16 tbhits 0 time 100 pv f5e7 f2f4 b4d6 c1d2 a7a5 c2c3 c6d8 f4f5 f7f6 a1e1 d8f7 e3g4 c7c6
[WORKER] 2026/03/06 14:41:18 worker.go:402: Получена строка от движка: info depth 12 seldepth 18 multipv 1 score cp 24 nodes 74549 nps 560518 hashfull 26 tbhits 0 time 133 pv f5e3 c1e3 f8e8 c2c3 b4d6 e3f4
[WORKER] 2026/03/06 14:41:18 worker.go:402: Получена строка от движка: info depth 12 seldepth 22 multipv 2 score cp 15 nodes 74549 nps 556335 hashfull 26 tbhits 0 time 134 pv c6e7 e3f5 d7f5 d3f5 e7f5 c2c3 b4d6 e2f4 c7c6 g2g3
[WORKER] 2026/03/06 14:41:18 worker.go:402: Получена строка от движка: info depth 12 seldepth 18 multipv 3 score cp -1 nodes 74549 nps 556335 hashfull 26 tbhits 0 time 134 pv f5e7 f2f4 b4d6 c1d2 c6d8 d3b3 c7c6 f4f5 f7f6 c2c4 d8f7
[WORKER] 2026/03/06 14:41:18 worker.go:402: Получена строка от движка: info depth 13 seldepth 17 multipv 1 score cp 24 nodes 111235 nps 573376 hashfull 36 tbhits 0 time 194 pv c6e7 e3f5 d7f5 d3f5 e7f5 e2f4 c7c6 f4d3 a7a5
[WORKER] 2026/03/06 14:41:18 worker.go:402: Получена строка от движка: info depth 13 seldepth 19 multipv 2 score cp 17 nodes 111235 nps 573376 hashfull 36 tbhits 0 time 194 pv f5e3 c1e3 f8e8 c2c3 b4d6 a1e1 a7a6 e3c1 e8e4 e2g3 d6g3 d3g3
[WORKER] 2026/03/06 14:41:18 worker.go:402: Получена строка от движка: info depth 13 seldepth 20 multipv 3 score cp 2 nodes 111235 nps 573376 hashfull 36 tbhits 0 time 194 pv f5e7 f2f4 b4d6 c1d2 c6d8 a1d1 f8e8
[WORKER] 2026/03/06 14:41:18 worker.go:402: Получена строка от движка: info depth 14 seldepth 24 multipv 1 score cp 20 nodes 179304 nps 544996 hashfull 58 tbhits 0 time 329 pv c6e7 e3f5 d7f5 d3f5 e7f5 e2f4 c7c6 c2c3 b4d6 f4d3 f8e8 c1d2 a7a5 f1e1 f7f6 e1e8 a8e8
[WORKER] 2026/03/06 14:41:18 worker.go:402: Получена строка от движка: info depth 14 seldepth 19 multipv 2 score cp 19 nodes 179304 nps 544996 hashfull 58 tbhits 0 time 329 pv f5e3 c1e3 a8e8 c2c3 b4d6 a1e1 c6d8 b2b3 c7c6 c3c4 d6c7 e2c3 d8e6 c4d5 c6d5
[WORKER] 2026/03/06 14:41:18 worker.go:402: Получена строка от движка: info depth 14 seldepth 21 multipv 3 score cp 3 nodes 179304 nps 544996 hashfull 58 tbhits 0 time 329 pv f5e7 c1d2 b4d6 f2f4 c6d8 d3b3 c7c6 a1e1 f7f5 c2c4 d6c7 c4d5 c6d5
[WORKER] 2026/03/06 14:41:18 worker.go:402: Получена строка от движка: info depth 15 seldepth 25 multipv 1 score cp 18 nodes 240802 nps 542346 hashfull 80 tbhits 0 time 444 pv c6e7 e3f5 d7f5 d3f5 e7f5 c2c3 b4d6 f1e1 f8e8 g2g3 a7a5 c1f4 a5a4 g1f1 f7f6 f4d6 f5d6 e2f4 c7c6 e1e8 d6e8
[WORKER] 2026/03/06 14:41:18 worker.go:402: Получена строка от движка: info depth 15 seldepth 23 multipv 2 score cp 17 nodes 240802 nps 542346 hashfull 80 tbhits 0 time 444 pv f5e3 c1e3 f8e8 c2c3 b4d6 f1e1 c6d8 e3d2 c7c6 e2g3 d8e6 g3f5
[WORKER] 2026/03/06 14:41:18 worker.go:402: Получена строка от движка: info depth 15 seldepth 20 multipv 3 score cp 2 nodes 240802 nps 542346 hashfull 80 tbhits 0 time 444 pv f5e7 c1d2 b4d6 a1e1 c6d8 d3b3 c7c6 c2c4 d5c4 e3c4 d6c7 d2b4 d8e6
[WORKER] 2026/03/06 14:41:18 worker.go:402: Получена строка от движка: info depth 16 seldepth 24 multipv 1 score cp 23 nodes 500418 nps 559126 hashfull 188 tbhits 0 time 895 pv c6e7 e3f5 d7f5 d3f5 e7f5 c2c3 b4d6 e2f4 c7c6 f4d3 f8e8 c1f4 d6f4 d3f4 e8e4 f4d3 e4e2
[WORKER] 2026/03/06 14:41:18 worker.go:402: Получена строка от движка: info depth 16 seldepth 25 multipv 2 score cp 20 nodes 500418 nps 559126 hashfull 188 tbhits 0 time 895 pv f5e3 c1e3 f8e8 c2c3 b4d6 a1e1 e8e4 d3b5 a8e8 a2a4 h7h5 e2g3 d6g3 h2g3 b7b6
[WORKER] 2026/03/06 14:41:18 worker.go:402: Получена строка от движка: info depth 16 seldepth 31 multipv 3 score cp -5 nodes 500418 nps 559126 hashfull 188 tbhits 0 time 895 pv f5e7 c1d2 b4d6 f2f4 a7a5 a2a3 f7f6 c2c4 d5c4 d3c4 g8h8 d4d5 c6d8 e2d4 c7c6 d5c6 d8c6
[WORKER] 2026/03/06 14:41:18 worker.go:402: Получена строка от движка: bestmove c6e7 ponder e3f5
[WORKER] 2026/03/06 14:41:18 worker.go:518: Анализ позиции: 3 тактических ходов из 45 возможных
[WORKER] 2026/03/06 14:41:18 worker.go:179: Полуход 22. Ход черных: 24.0 сек (оценка: -23)
[WORKER] 2026/03/06 14:41:18 worker.go:402: Получена строка от движка: info string Available processors: 0-11
[WORKER] 2026/03/06 14:41:18 worker.go:402: Получена строка от движка: info string Using 1 thread
[WORKER] 2026/03/06 14:41:18 worker.go:402: Получена строка от движка: info string NNUE evaluation using nn-c288c895ea92.nnue (125MiB, (102384, 1024, 15, 32, 1))
[WORKER] 2026/03/06 14:41:18 worker.go:402: Получена строка от движка: info string NNUE evaluation using nn-37f18f62d772.nnue (6MiB, (22528, 128, 15, 32, 1))
[WORKER] 2026/03/06 14:41:18 worker.go:402: Получена строка от движка: info string Network replica 1: Shared memory.
[WORKER] 2026/03/06 14:41:18 worker.go:402: Получена строка от движка: info depth 1 seldepth 5 multipv 1 score cp -20 nodes 107 nps 107000 hashfull 0 tbhits 0 time 1 pv c1e3
[WORKER] 2026/03/06 14:41:18 worker.go:402: Получена строка от движка: info depth 1 seldepth 2 multipv 2 score cp -27 nodes 107 nps 107000 hashfull 0 tbhits 0 time 1 pv f2e3
[WORKER] 2026/03/06 14:41:18 worker.go:402: Получена строка от движка: info depth 1 seldepth 2 multipv 3 score cp -45 nodes 107 nps 107000 hashfull 0 tbhits 0 time 1 pv d3e3
[WORKER] 2026/03/06 14:41:18 worker.go:402: Получена строка от движка: info depth 2 seldepth 3 multipv 1 score cp -20 nodes 517 nps 517000 hashfull 0 tbhits 0 time 1 pv c1e3 f8e8
[WORKER] 2026/03/06 14:41:18 worker.go:402: Получена строка от движка: info depth 2 seldepth 4 multipv 2 score cp -41 nodes 517 nps 517000 hashfull 0 tbhits 0 time 1 pv d3e3
[WORKER] 2026/03/06 14:41:18 worker.go:402: Получена строка от движка: info depth 2 seldepth 3 multipv 3 score cp -42 nodes 517 nps 517000 hashfull 0 tbhits 0 time 1 pv f2e3 f8e8
[WORKER] 2026/03/06 14:41:18 worker.go:402: Получена строка от движка: info depth 3 seldepth 4 multipv 1 score cp -20 nodes 963 nps 963000 hashfull 0 tbhits 0 time 1 pv c1e3 f8e8 c2c3
[WORKER] 2026/03/06 14:41:18 worker.go:402: Получена строка от движка: info depth 3 seldepth 4 multipv 2 score cp -55 nodes 963 nps 963000 hashfull 0 tbhits 0 time 1 pv d3e3
[WORKER] 2026/03/06 14:41:18 worker.go:402: Получена строка от движка: info depth 3 seldepth 6 multipv 3 score cp -61 nodes 963 nps 963000 hashfull 0 tbhits 0 time 1 pv f2e3 f8e8
[WORKER] 2026/03/06 14:41:18 worker.go:402: Получена строка от движка: info depth 4 seldepth 5 multipv 1 score cp -20 nodes 1310 nps 1310000 hashfull 0 tbhits 0 time 1 pv c1e3 f8e8 c2c3 b4d6
[WORKER] 2026/03/06 14:41:18 worker.go:402: Получена строка от движка: info depth 4 seldepth 4 multipv 2 score cp -58 nodes 1310 nps 1310000 hashfull 0 tbhits 0 time 1 pv d3e3
[WORKER] 2026/03/06 14:41:18 worker.go:402: Получена строка от движка: info depth 4 seldepth 5 multipv 3 score cp -60 nodes 1310 nps 1310000 hashfull 0 tbhits 0 time 1 pv f2e3
[WORKER] 2026/03/06 14:41:18 worker.go:402: Получена строка от движка: info depth 5 seldepth 6 multipv 1 score cp -20 nodes 1651 nps 1651000 hashfull 0 tbhits 0 time 1 pv c1e3 f8e8 c2c3 b4d6 a1e1
[WORKER] 2026/03/06 14:41:18 worker.go:402: Получена строка от движка: info depth 5 seldepth 6 multipv 2 score cp -67 nodes 1651 nps 1651000 hashfull 0 tbhits 0 time 1 pv d3e3 f8e8 e3f3 e8e4 c2c3
[WORKER] 2026/03/06 14:41:18 worker.go:402: Получена строка от движка: info depth 5 seldepth 7 multipv 3 score cp -72 nodes 1651 nps 1651000 hashfull 0 tbhits 0 time 1 pv f2e3 f8e8 c2c3 b4d6
[WORKER] 2026/03/06 14:41:18 worker.go:402: Получена строка от движка: info depth 6 seldepth 7 multipv 1 score cp -20 nodes 2014 nps 2014000 hashfull 0 tbhits 0 time 1 pv c1e3 f8e8 c2c3 b4d6 a1e1 e8e4
[WORKER] 2026/03/06 14:41:18 worker.go:402: Получена строка от движка: info depth 6 seldepth 8 multipv 2 score cp -46 nodes 2014 nps 2014000 hashfull 0 tbhits 0 time 1 pv d3e3 f8e8 e3f3 e8e4 c2c3 a8e8
[WORKER] 2026/03/06 14:41:18 worker.go:402: Получена строка от движка: info depth 6 seldepth 8 multipv 3 score cp -46 nodes 2014 nps 2014000 hashfull 0 tbhits 0 time 1 pv f2e3 f8e8 c1d2 b4d6 f1f5
[WORKER] 2026/03/06 14:41:18 worker.go:402: Получена строка от движка: info depth 7 seldepth 8 multipv 1 score cp -20 nodes 3672 nps 1224000 hashfull 0 tbhits 0 time 3 pv c1e3 f8e8 c2c3 b4d6 a1e1 e8e4 d3b5
[WORKER] 2026/03/06 14:41:18 worker.go:402: Получена строка от движка: info depth 7 seldepth 10 multipv 2 score cp -55 nodes 3672 nps 1224000 hashfull 0 tbhits 0 time 3 pv f2e3 a8e8 c1d2 b4d6 d3b5 a7a6 b5b3
[WORKER] 2026/03/06 14:41:18 worker.go:402: Получена строка от движка: info depth 7 seldepth 8 multipv 3 score cp -79 nodes 3672 nps 1224000 hashfull 0 tbhits 0 time 3 pv d3e3 f8e8 e3f3 e8e4 c2c3 a8e8
[WORKER] 2026/03/06 14:41:18 worker.go:402: Получена строка от движка: info depth 8 seldepth 9 multipv 1 score cp -20 nodes 5154 nps 1288500 hashfull 0 tbhits 0 time 4 pv c1e3 f8e8 c2c3 b4d6 a1e1 e8e4 d3b5 a8e8
[WORKER] 2026/03/06 14:41:18 worker.go:402: Получена строка от движка: info depth 8 seldepth 12 multipv 2 score cp -49 nodes 5154 nps 1288500 hashfull 0 tbhits 0 time 4 pv f2e3 b4d6 c1d2 a8e8 d3b3 c6e7 b3b7
[WORKER] 2026/03/06 14:41:18 worker.go:402: Получена строка от движка: info depth 8 seldepth 9 multipv 3 score cp -107 nodes 5154 nps 1288500 hashfull 0 tbhits 0 time 4 pv d3e3 f8e8 e3f3 e8e4 c2c3 a8e8 c3b4
[WORKER] 2026/03/06 14:41:18 worker.go:402: Получена строка от движка: info depth 9 seldepth 10 multipv 1 score cp -20 nodes 9675 nps 967500 hashfull 1 tbhits 0 time 10 pv c1e3 f8e8 c2c3 b4d6 a1e1 e8e4 d3b5 a8e8 a2a4
[WORKER] 2026/03/06 14:41:18 worker.go:402: Получена строка от движка: info depth 9 seldepth 13 multipv 2 score cp -44 nodes 9675 nps 967500 hashfull 1 tbhits 0 time 10 pv f2e3 b4d6 e2c3 c6b4 d3d2 c7c6
[WORKER] 2026/03/06 14:41:18 worker.go:402: Получена строка от движка: info depth 9 seldepth 13 multipv 3 score cp -57 nodes 9675 nps 967500 hashfull 1 tbhits 0 time 10 pv d3e3 a8e8 e3f3 e8e4 c2c3 b4d6 e2g3 d6g3 h2g3
[WORKER] 2026/03/06 14:41:18 worker.go:402: Получена строка от движка: info depth 10 seldepth 14 multipv 1 score cp -20 nodes 16813 nps 884894 hashfull 5 tbhits 0 time 19 pv c1e3 f8e8 c2c3 b4d6 a1e1 e8e4 d3b5 a8e8 a2a4 h7h5 e2g3 d6g3 h2g3
[WORKER] 2026/03/06 14:41:18 worker.go:402: Получена строка от движка: info depth 10 seldepth 16 multipv 2 score cp -39 nodes 16813 nps 884894 hashfull 5 tbhits 0 time 19 pv f2e3 b4d6 c1d2 d7e6 d3f5 e6f5 f1f5 c6e7 f5f3
[WORKER] 2026/03/06 14:41:18 worker.go:402: Получена строка от движка: info depth 10 seldepth 14 multipv 3 score cp -50 nodes 16813 nps 884894 hashfull 5 tbhits 0 time 19 pv d3e3 b4d6 c2c3 a8e8 e3f3 e8e4 e2g3 d6g3 h2g3 c6e7
[WORKER] 2026/03/06 14:41:18 worker.go:402: Получена строка от движка: info depth 11 seldepth 21 multipv 1 score cp -19 nodes 33032 nps 768186 hashfull 11 tbhits 0 time 43 pv c1e3 f8e8 c2c3 b4d6 a1e1 e8e7 e2c1 a8e8 d3d1 e7e4 e3d2 c6e7 e1e4 d5e4
[WORKER] 2026/03/06 14:41:18 worker.go:402: Получена строка от движка: info depth 11 seldepth 20 multipv 2 score cp -45 nodes 33032 nps 768186 hashfull 11 tbhits 0 time 43 pv d3e3 a8e8 e3d3 b4d6 c1e3
[WORKER] 2026/03/06 14:41:18 worker.go:402: Получена строка от движка: info depth 11 seldepth 21 multipv 3 score cp -46 nodes 33032 nps 768186 hashfull 11 tbhits 0 time 43 pv f2e3 b4d6 c1d2 a8e8 f1f3 c6e7 a1f1 c7c6 h2h3 e7g6
[WORKER] 2026/03/06 14:41:19 worker.go:402: Получена строка от движка: info depth 12 seldepth 24 multipv 1 score cp -19 nodes 56083 nps 719012 hashfull 19 tbhits 0 time 78 pv c1e3 f8e8 c2c3 b4d6 a1e1 e8e4 d3b5 a8e8 e2g3 d6g3 h2g3 b7b6 b2b3 c6e5
[WORKER] 2026/03/06 14:41:19 worker.go:402: Получена строка от движка: info depth 12 seldepth 19 multipv 2 score cp -39 nodes 56083 nps 719012 hashfull 19 tbhits 0 time 78 pv f2e3 b4d6 c1d2 a8e8 f1f3 c6e7 a1f1 d7e6 e2f4 d6f4 f3f4 e7g6 f4f5 f7f6 d3b3
[WORKER] 2026/03/06 14:41:19 worker.go:402: Получена строка от движка: info depth 12 seldepth 18 multipv 3 score cp -44 nodes 56083 nps 719012 hashfull 19 tbhits 0 time 78 pv d3e3 a8e8 e3d3 d7g4 c1e3 c6e7 h2h3 g4f5 d3b3 b4d6 a1c1 f5h5
[WORKER] 2026/03/06 14:41:19 worker.go:402: Получена строка от движка: info depth 13 seldepth 14 multipv 1 score cp -19 nodes 82147 nps 726964 hashfull 27 tbhits 0 time 113 pv c1e3 f8e8 c2c3 b4d6 a1e1 e8e4 d3b5 a8e8 e2g3 d6g3 h2g3 b7b6 b2b3
[WORKER] 2026/03/06 14:41:19 worker.go:402: Получена строка от движка: info depth 13 seldepth 20 multipv 2 score cp -35 nodes 82147 nps 726964 hashfull 27 tbhits 0 time 113 pv d3e3 a8e8 e3f3 e8e4 c2c3 b4d6 c1d2 f8e8 a1e1 e8e6 e2g3 d6g3 f3g3 e4e1 f1e1 e6e1 d2e1
[WORKER] 2026/03/06 14:41:19 worker.go:402: Получена строка от движка: info depth 13 seldepth 19 multipv 3 score cp -38 nodes 82147 nps 726964 hashfull 27 tbhits 0 time 113 pv f2e3 b4d6 c1d2 c6e7 e3e4 d5e4 d3e4 a8e8 e4d3 c7c5 a1e1 e7g6 c2c3 c5d4 e2d4 g6e5 d3b5
[WORKER] 2026/03/06 14:41:19 worker.go:402: Получена строка от движка: info depth 14 seldepth 25 multipv 1 score cp -17 nodes 119558 nps 742596 hashfull 40 tbhits 0 time 161 pv c1e3 a8e8 g2g3 b4d6 e3f4 d6e7 c2c3 c6d8 f4d2
[WORKER] 2026/03/06 14:41:19 worker.go:402: Получена строка от движка: info depth 14 seldepth 24 multipv 2 score cp -29 nodes 119558 nps 738012 hashfull 40 tbhits 0 time 162 pv d3e3 a8e8 e3f3 b4d6 c2c3 e8e4 c1d2 c6e7 e2g3 d6g3 h2g3 f8e8 b2b3
[WORKER] 2026/03/06 14:41:19 worker.go:402: Получена строка от движка: info depth 14 seldepth 20 multipv 3 score cp -35 nodes 119558 nps 738012 hashfull 40 tbhits 0 time 162 pv f2e3 b4d6 c1d2 a8e8 a1e1 c6e7 e3e4 d5e4 d3e4 c7c5 c2c3 e7g6 e4f3 c5d4 e2d4
[WORKER] 2026/03/06 14:41:19 worker.go:402: Получена строка от движка: info depth 15 seldepth 17 multipv 1 score cp -16 nodes 201519 nps 687778 hashfull 69 tbhits 0 time 293 pv c1e3 a8e8 g2g3 b4d6 e3f4 e8e4 f4d6 d7d6 c2c3 c6d8 e2f4 d8e6 f4g2 e6g5 f2f3 e4e7
[WORKER] 2026/03/06 14:41:19 worker.go:402: Получена строка от движка: info depth 15 seldepth 21 multipv 2 score cp -26 nodes 201519 nps 687778 hashfull 69 tbhits 0 time 293 pv d3e3 a8e8 e3f3 b4d6 c2c3 e8e4 c1d2 a7a6 a1e1 f8e8 e2c1 c6d8 f3d1 d7b5 b2b3
[WORKER] 2026/03/06 14:41:19 worker.go:402: Получена строка от движка: info depth 15 seldepth 26 multipv 3 score cp -37 nodes 201519 nps 687778 hashfull 69 tbhits 0 time 293 pv f2e3 b4d6 c1d2 a8e8 a1e1 c6e7 e3e4 d5e4 d3e4 b7b6 c2c3 c7c5 e4f3 e7g6 b2b3 c5d4 e2d4 e8e1 f1e1
[WORKER] 2026/03/06 14:41:19 worker.go:402: Получена строка от движка: info depth 16 seldepth 24 multipv 1 score cp -13 nodes 272306 nps 664160 hashfull 94 tbhits 0 time 410 pv c1e3 f8e8 c2c3 b4d6 a1e1 a7a5 d3b5 a5a4 g2g3 a8a5 b5d3 h7h6 e3f4 d6f8
[WORKER] 2026/03/06 14:41:19 worker.go:402: Получена строка от движка: info depth 16 seldepth 23 multipv 2 score cp -25 nodes 272306 nps 664160 hashfull 94 tbhits 0 time 410 pv d3e3 a8e8 e3f3 b4d6 c2c3 e8e4 c1d2 f8e8 e2g3 d6g3 f3g3 c6e7 a1e1 e7f5 g3d3 e4e1 f1e1 f5d6 e1e8 d7e8
[WORKER] 2026/03/06 14:41:19 worker.go:402: Получена строка от движка: info depth 16 seldepth 22 multipv 3 score cp -39 nodes 272306 nps 664160 hashfull 94 tbhits 0 time 410 pv f2e3 b4d6 c1d2 a8e8 a1e1 c6e7 e3e4 d5e4 d3e4 c7c5 c2c3 d6b8 e4f3 e7g6 f3f2 b7b6 e2g3 c5d4 c3d4
[WORKER] 2026/03/06 14:41:19 worker.go:402: Получена строка от движка: bestmove c1e3 ponder f8e8
[WORKER] 2026/03/06 14:41:19 worker.go:518: Анализ позиции: 4 тактических ходов из 34 возможных
[WORKER] 2026/03/06 14:41:19 worker.go:179: Полуход 23. Ход белых: 15.1 сек (оценка: -13)
[WORKER] 2026/03/06 14:41:19 worker.go:402: Получена строка от движка: info string Available processors: 0-11
[WORKER] 2026/03/06 14:41:19 worker.go:402: Получена строка от движка: info string Using 1 thread
[WORKER] 2026/03/06 14:41:19 worker.go:402: Получена строка от движка: info string NNUE evaluation using nn-c288c895ea92.nnue (125MiB, (102384, 1024, 15, 32, 1))
[WORKER] 2026/03/06 14:41:19 worker.go:402: Получена строка от движка: info string NNUE evaluation using nn-37f18f62d772.nnue (6MiB, (22528, 128, 15, 32, 1))
[WORKER] 2026/03/06 14:41:19 worker.go:402: Получена строка от движка: info string Network replica 1: Shared memory.
[WORKER] 2026/03/06 14:41:19 worker.go:402: Получена строка от движка: info depth 1 seldepth 8 multipv 1 score cp 14 nodes 145 nps 145000 hashfull 0 tbhits 0 time 1 pv c6e7
[WORKER] 2026/03/06 14:41:19 worker.go:402: Получена строка от движка: info depth 1 seldepth 2 multipv 2 score cp 13 nodes 145 nps 145000 hashfull 0 tbhits 0 time 1 pv f8e8
[WORKER] 2026/03/06 14:41:19 worker.go:402: Получена строка от движка: info depth 1 seldepth 2 multipv 3 score cp 12 nodes 145 nps 145000 hashfull 0 tbhits 0 time 1 pv b4d6
[WORKER] 2026/03/06 14:41:19 worker.go:402: Получена строка от движка: info depth 2 seldepth 4 multipv 1 score cp 13 nodes 687 nps 687000 hashfull 0 tbhits 0 time 1 pv b4d6 c2c3
[WORKER] 2026/03/06 14:41:19 worker.go:402: Получена строка от движка: info depth 2 seldepth 3 multipv 2 score cp 13 nodes 687 nps 687000 hashfull 0 tbhits 0 time 1 pv f8e8
[WORKER] 2026/03/06 14:41:19 worker.go:402: Получена строка от движка: info depth 2 seldepth 3 multipv 3 score cp 11 nodes 687 nps 687000 hashfull 0 tbhits 0 time 1 pv a8e8
[WORKER] 2026/03/06 14:41:19 worker.go:402: Получена строка от движка: info depth 3 seldepth 4 multipv 1 score cp 13 nodes 1138 nps 1138000 hashfull 0 tbhits 0 time 1 pv f8e8
[WORKER] 2026/03/06 14:41:19 worker.go:402: Получена строка от движка: info depth 3 seldepth 6 multipv 2 score cp 12 nodes 1138 nps 1138000 hashfull 0 tbhits 0 time 1 pv a8e8 g2g3 b4d6 e3f4
[WORKER] 2026/03/06 14:41:19 worker.go:402: Получена строка от движка: info depth 3 seldepth 6 multipv 3 score cp 7 nodes 1138 nps 1138000 hashfull 0 tbhits 0 time 1 pv b4d6 e3f4 f8e8 f4d6
[WORKER] 2026/03/06 14:41:19 worker.go:402: Получена строка от движка: info depth 4 seldepth 11 multipv 1 score cp 13 nodes 1525 nps 762500 hashfull 0 tbhits 0 time 2 pv f8e8 c2c3 b4d6 a1e1 c6e7
[WORKER] 2026/03/06 14:41:19 worker.go:402: Получена строка от движка: info depth 4 seldepth 6 multipv 2 score cp 12 nodes 1525 nps 762500 hashfull 0 tbhits 0 time 2 pv a8e8 g2g3 b4d6 e3f4
[WORKER] 2026/03/06 14:41:19 worker.go:402: Получена строка от движка: info depth 4 seldepth 6 multipv 3 score cp 7 nodes 1525 nps 762500 hashfull 0 tbhits 0 time 2 pv b4d6 e3f4 f8e8 f4d6
[WORKER] 2026/03/06 14:41:19 worker.go:402: Получена строка от движка: info depth 5 seldepth 6 multipv 1 score cp 13 nodes 2505 nps 1252500 hashfull 0 tbhits 0 time 2 pv f8e8 c2c3 b4d6 a1e1 c6e7
[WORKER] 2026/03/06 14:41:19 worker.go:402: Получена строка от движка: info depth 5 seldepth 9 multipv 2 score cp 13 nodes 2505 nps 1252500 hashfull 0 tbhits 0 time 2 pv a8e8 c2c3 b4d6 a1e1 c6e7 e3f4 e7c8
[WORKER] 2026/03/06 14:41:19 worker.go:402: Получена строка от движка: info depth 5 seldepth 9 multipv 3 score cp 8 nodes 2505 nps 1252500 hashfull 0 tbhits 0 time 2 pv a8d8 c2c3 b4d6
[WORKER] 2026/03/06 14:41:19 worker.go:402: Получена строка от движка: info depth 6 seldepth 9 multipv 1 score cp 12 nodes 5653 nps 1130600 hashfull 0 tbhits 0 time 5 pv a8e8 g2g3
[WORKER] 2026/03/06 14:41:19 worker.go:402: Получена строка от движка: info depth 6 seldepth 8 multipv 2 score cp 11 nodes 5653 nps 1130600 hashfull 0 tbhits 0 time 5 pv f8e8 c2c3 b4d6 a1e1 a7a6
[WORKER] 2026/03/06 14:41:19 worker.go:402: Получена строка от движка: info depth 6 seldepth 11 multipv 3 score cp -2 nodes 5653 nps 1130600 hashfull 0 tbhits 0 time 5 pv c6e7 c2c3 b4d6 e3f4 c7c6
[WORKER] 2026/03/06 14:41:19 worker.go:402: Получена строка от движка: info depth 7 seldepth 12 multipv 1 score cp 15 nodes 8897 nps 1112125 hashfull 0 tbhits 0 time 8 pv f8e8 c2c3 b4d6 g2g3
[WORKER] 2026/03/06 14:41:19 worker.go:402: Получена строка от движка: info depth 7 seldepth 11 multipv 2 score cp 11 nodes 8897 nps 1112125 hashfull 0 tbhits 0 time 8 pv a8e8 c2c3 b4d6 a1e1 e8e4 d3b5 f8e8 e2g3 d6g3 h2g3
[WORKER] 2026/03/06 14:41:19 worker.go:402: Получена строка от движка: info depth 7 seldepth 9 multipv 3 score cp 1 nodes 8897 nps 1112125 hashfull 0 tbhits 0 time 8 pv c6e7 c2c3 b4a5 e2c1 c7c6
[WORKER] 2026/03/06 14:41:19 worker.go:402: Получена строка от движка: info depth 8 seldepth 9 multipv 1 score cp 14 nodes 13178 nps 1098166 hashfull 1 tbhits 0 time 12 pv f8e8 c2c3 b4d6 a1e1 a7a6 e3d2 c6e7 d3f3
[WORKER] 2026/03/06 14:41:19 worker.go:402: Получена строка от движка: info depth 8 seldepth 22 multipv 2 score cp 12 nodes 13178 nps 1098166 hashfull 1 tbhits 0 time 12 pv a8e8 c2c3 b4d6 a1e1 e8e7 e3g5 e7e6 g5d2 f8e8
[WORKER] 2026/03/06 14:41:19 worker.go:402: Получена строка от движка: info depth 8 seldepth 11 multipv 3 score cp 1 nodes 13178 nps 1098166 hashfull 1 tbhits 0 time 12 pv c6e7 c2c3 b4d6 e3f4 e7f5 e2g3 f5g3 h2g3 d6f4 g3f4
[WORKER] 2026/03/06 14:41:19 worker.go:402: Получена строка от движка: info depth 9 seldepth 15 multipv 1 score cp 13 nodes 19759 nps 987950 hashfull 3 tbhits 0 time 20 pv f8e8 c2c3 b4d6 g2g3 c6d8 g1g2 a7a5 f1e1
[WORKER] 2026/03/06 14:41:19 worker.go:402: Получена строка от движка: info depth 9 seldepth 19 multipv 2 score cp 13 nodes 19759 nps 987950 hashfull 3 tbhits 0 time 20 pv a8e8 c2c3 b4d6 a1e1 e8e7 e2c1 f8e8 e3d2 h7h5 e1e7
[WORKER] 2026/03/06 14:41:19 worker.go:402: Получена строка от движка: info depth 9 seldepth 11 multipv 3 score cp 1 nodes 19759 nps 987950 hashfull 3 tbhits 0 time 20 pv c6e7 c2c3 b4d6 e3f4 a8e8
[WORKER] 2026/03/06 14:41:19 worker.go:402: Получена строка от движка: info depth 10 seldepth 14 multipv 1 score cp 13 nodes 29944 nps 935750 hashfull 4 tbhits 0 time 32 pv f8e8 c2c3 b4d6 a1e1 e8e7 e3d2 a8e8 e2c1 h7h5 e1e7 c6e7
[WORKER] 2026/03/06 14:41:19 worker.go:402: Получена строка от движка: info depth 10 seldepth 17 multipv 2 score cp 10 nodes 29944 nps 935750 hashfull 4 tbhits 0 time 32 pv a8e8 g2g3 b4d6 e3f4 e8e4 f4d6 d7d6 c2c3 f8e8 e2f4 c6d8 a1d1
[WORKER] 2026/03/06 14:41:19 worker.go:402: Получена строка от движка: info depth 10 seldepth 21 multipv 3 score cp 1 nodes 29944 nps 935750 hashfull 4 tbhits 0 time 32 pv c6e7 c2c3 b4a5 e3f4 c7c6 a1e1 e7g6 f4g3 a8e8
[WORKER] 2026/03/06 14:41:19 worker.go:402: Получена строка от движка: info depth 11 seldepth 21 multipv 1 score cp 15 nodes 63034 nps 808128 hashfull 16 tbhits 0 time 78 pv f8e8 c2c3 b4d6 g2g3 e8e4 d3b5 c6e5 b5d7 e5d7 e2f4
[WORKER] 2026/03/06 14:41:19 worker.go:402: Получена строка от движка: info depth 11 seldepth 23 multipv 2 score cp 5 nodes 63034 nps 808128 hashfull 16 tbhits 0 time 78 pv a8e8 g2g3 c6e7 e2f4 b4d6 f4g2 e7f5 c2c3 f5e3
[WORKER] 2026/03/06 14:41:19 worker.go:402: Получена строка от движка: info depth 11 seldepth 18 multipv 3 score cp 4 nodes 63034 nps 808128 hashfull 16 tbhits 0 time 78 pv c6e7 c2c3 b4a5 e3d2 c7c6 a1e1 a8e8 d3f3 e7f5
[WORKER] 2026/03/06 14:41:19 worker.go:402: Получена строка от движка: info depth 12 seldepth 20 multipv 1 score cp 16 nodes 139548 nps 677417 hashfull 36 tbhits 0 time 206 pv a8e8 c2c3 b4d6 a1e1 c6d8 e3d2 e8e6 e2f4 d6f4 d2f4
[WORKER] 2026/03/06 14:41:19 worker.go:402: Получена строка от движка: info depth 12 seldepth 19 multipv 2 score cp 12 nodes 139548 nps 677417 hashfull 36 tbhits 0 time 206 pv f8e8 c2c3 b4d6 g2g3 e8e4 d3b5 c6e5 b5d7 e5d7 e2c1 h7h5 c1d3 h5h4 g1g2 f7f6 a1e1 h4g3 h2g3
[WORKER] 2026/03/06 14:41:19 worker.go:402: Получена строка от движка: info depth 12 seldepth 23 multipv 3 score cp -1 nodes 139548 nps 677417 hashfull 36 tbhits 0 time 206 pv c6e7 c2c3 b4a5 e3d2 c7c6 a1e1 f8e8 d3f3 a5c7 e2g3 c7g3 h2g3
[WORKER] 2026/03/06 14:41:19 worker.go:402: Получена строка от движка: info depth 13 seldepth 21 multipv 1 score cp 15 nodes 174355 nps 670596 hashfull 47 tbhits 0 time 260 pv f8e8 g2g3 b4f8 e2f4 c6b4 d3d1
[WORKER] 2026/03/06 14:41:19 worker.go:402: Получена строка от движка: info depth 13 seldepth 21 multipv 2 score cp 14 nodes 174355 nps 670596 hashfull 47 tbhits 0 time 260 pv a8e8 c2c3 b4d6 a1e1 e8e4 b2b3 f8e8 e2g3 d6g3 h2g3 a7a6 e3d2 e4e1 d2e1
[WORKER] 2026/03/06 14:41:19 worker.go:402: Получена строка от движка: info depth 13 seldepth 19 multipv 3 score cp 1 nodes 174355 nps 670596 hashfull 47 tbhits 0 time 260 pv c6e7 c2c3 b4d6 e3f4 d6f4 e2f4 e7g6 d3h3 d7h3 f4h3 f7f6 f1e1
[WORKER] 2026/03/06 14:41:19 worker.go:402: Получена строка от движка: info depth 14 seldepth 26 multipv 1 score cp 9 nodes 327705 nps 706260 hashfull 104 tbhits 0 time 464 pv a8e8 c2c3 b4d6 a1e1 e8e4 e2g3 d6g3 h2g3 a7a6 f2f3 e4e6 g1f2 c6e7 e3f4 f8e8 e1e6
[WORKER] 2026/03/06 14:41:19 worker.go:402: Получена строка от движка: info depth 14 seldepth 30 multipv 2 score cp 6 nodes 327705 nps 706260 hashfull 104 tbhits 0 time 464 pv f8e8 c2c3 b4f8 f1e1 a7a5 e2g3 a5a4 e1e2 c6e7 a1e1 e7g6 g3f1
[WORKER] 2026/03/06 14:41:19 worker.go:402: Получена строка от движка: info depth 14 seldepth 24 multipv 3 score cp 2 nodes 327705 nps 706260 hashfull 104 tbhits 0 time 464 pv c6e7 c2c3 b4d6 e3f4 d6f4 e2f4 e7g6 f4g6 h7g6 h2h4 a7a5 f1e1 a8e8 g2g3 e8e1 a1e1 f8e8 e1e2 e8e2 d3e2
[WORKER] 2026/03/06 14:41:19 worker.go:402: Получена строка от движка: info depth 15 seldepth 22 multipv 1 score cp 9 nodes 400033 nps 726012 hashfull 125 tbhits 0 time 551 pv a8e8 c2c3 b4d6 a1e1 e8e7 e3d2 f8e8 e2c1 e7e1 f1e1 e8e1 d2e1 c6d8 g2g3
[WORKER] 2026/03/06 14:41:19 worker.go:402: Получена строка от движка: info depth 15 seldepth 22 multipv 2 score cp 9 nodes 400033 nps 726012 hashfull 125 tbhits 0 time 551 pv f8e8 c2c3 b4f8 e3d2 f8d6 d3f3 c6e7 d2f4 e7f5 f4d6
[WORKER] 2026/03/06 14:41:19 worker.go:402: Получена строка от движка: info depth 15 seldepth 25 multipv 3 score cp 0 nodes 400033 nps 726012 hashfull 125 tbhits 0 time 551 pv c6e7 c2c3 b4a5 e2c1 c7c6 c1b3 a5b6 a1e1 a8e8 e1e2 e7g6 f1e1 f7f5
[WORKER] 2026/03/06 14:41:20 worker.go:402: Получена строка от движка: info depth 16 seldepth 21 multipv 1 score cp 11 nodes 658518 nps 762173 hashfull 212 tbhits 0 time 864 pv f8e8 c2c3 b4f8 a1e1 a7a5 d3b5 a5a4 e2f4 a8a5 b5e2 f8d6 e2f3 e8e4 e3d2 d6f4
[WORKER] 2026/03/06 14:41:20 worker.go:402: Получена строка от движка: info depth 16 seldepth 26 multipv 2 score cp 10 nodes 658518 nps 762173 hashfull 212 tbhits 0 time 864 pv a8e8 c2c3 b4d6 a1e1 e8e4 e2g3 d6g3 h2g3 c6e7
[WORKER] 2026/03/06 14:41:20 worker.go:402: Получена строка от движка: info depth 16 seldepth 25 multipv 3 score cp 6 nodes 658518 nps 762173 hashfull 212 tbhits 0 time 864 pv c6e7 e3f4 e7g6 c2c3 b4a5 a1e1 c7c6 d3d1 a8e8
[WORKER] 2026/03/06 14:41:20 worker.go:402: Получена строка от движка: bestmove f8e8 ponder c2c3
[WORKER] 2026/03/06 14:41:20 worker.go:518: Анализ позиции: 1 тактических ходов из 42 возможных
[WORKER] 2026/03/06 14:41:20 worker.go:179: Полуход 24. Ход черных: 20.2 сек (оценка: -11)
[WORKER] 2026/03/06 14:41:20 worker.go:402: Получена строка от движка: info string Available processors: 0-11
[WORKER] 2026/03/06 14:41:20 worker.go:402: Получена строка от движка: info string Using 1 thread
[WORKER] 2026/03/06 14:41:20 worker.go:402: Получена строка от движка: info string NNUE evaluation using nn-c288c895ea92.nnue (125MiB, (102384, 1024, 15, 32, 1))
[WORKER] 2026/03/06 14:41:20 worker.go:402: Получена строка от движка: info string NNUE evaluation using nn-37f18f62d772.nnue (6MiB, (22528, 128, 15, 32, 1))
[WORKER] 2026/03/06 14:41:20 worker.go:402: Получена строка от движка: info string Network replica 1: Shared memory.
[WORKER] 2026/03/06 14:41:20 worker.go:402: Получена строка от движка: info depth 1 seldepth 6 multipv 1 score cp -11 nodes 132 nps 132000 hashfull 0 tbhits 0 time 1 pv c2c3
[WORKER] 2026/03/06 14:41:20 worker.go:402: Получена строка от движка: info depth 1 seldepth 2 multipv 2 score cp -17 nodes 132 nps 132000 hashfull 0 tbhits 0 time 1 pv e2f4
[WORKER] 2026/03/06 14:41:20 worker.go:402: Получена строка от движка: info depth 1 seldepth 2 multipv 3 score cp -21 nodes 132 nps 132000 hashfull 0 tbhits 0 time 1 pv a1c1
[WORKER] 2026/03/06 14:41:20 worker.go:402: Получена строка от движка: info depth 2 seldepth 3 multipv 1 score cp -11 nodes 719 nps 719000 hashfull 0 tbhits 0 time 1 pv c2c3 b4f8
[WORKER] 2026/03/06 14:41:20 worker.go:402: Получена строка от движка: info depth 2 seldepth 8 multipv 2 score cp -16 nodes 719 nps 719000 hashfull 0 tbhits 0 time 1 pv e2f4 c6e7
[WORKER] 2026/03/06 14:41:20 worker.go:402: Получена строка от движка: info depth 2 seldepth 4 multipv 3 score cp -22 nodes 719 nps 719000 hashfull 0 tbhits 0 time 1 pv e3f4
[WORKER] 2026/03/06 14:41:20 worker.go:402: Получена строка от движка: info depth 3 seldepth 4 multipv 1 score cp -11 nodes 1459 nps 1459000 hashfull 0 tbhits 0 time 1 pv c2c3 b4f8 a1e1
[WORKER] 2026/03/06 14:41:20 worker.go:402: Получена строка от движка: info depth 3 seldepth 4 multipv 2 score cp -18 nodes 1459 nps 1459000 hashfull 0 tbhits 0 time 1 pv e2f4 b4d6 f4d5
[WORKER] 2026/03/06 14:41:20 worker.go:402: Получена строка от движка: info depth 3 seldepth 9 multipv 3 score cp -21 nodes 1459 nps 1459000 hashfull 0 tbhits 0 time 1 pv e3f4 b4f8 c2c3 a7a5
[WORKER] 2026/03/06 14:41:20 worker.go:402: Получена строка от движка: info depth 4 seldepth 5 multipv 1 score cp -11 nodes 2328 nps 2328000 hashfull 0 tbhits 0 time 1 pv c2c3 b4f8 a1e1 a7a5
[WORKER] 2026/03/06 14:41:20 worker.go:402: Получена строка от движка: info depth 4 seldepth 6 multipv 2 score cp -18 nodes 2328 nps 2328000 hashfull 0 tbhits 0 time 1 pv e3f4 b4f8 c2c3
[WORKER] 2026/03/06 14:41:20 worker.go:402: Получена строка от движка: info depth 4 seldepth 7 multipv 3 score cp -21 nodes 2328 nps 2328000 hashfull 0 tbhits 0 time 1 pv d3b3 b4d6 a1e1 d6f8 e2f4
[WORKER] 2026/03/06 14:41:20 worker.go:402: Получена строка от движка: info depth 5 seldepth 6 multipv 1 score cp -11 nodes 3409 nps 1704500 hashfull 1 tbhits 0 time 2 pv c2c3 b4f8 a1e1 a7a5 d3b5
[WORKER] 2026/03/06 14:41:20 worker.go:402: Получена строка от движка: info depth 5 seldepth 8 multipv 2 score cp -18 nodes 3409 nps 1704500 hashfull 1 tbhits 0 time 2 pv e2f4 b4d6 c2c3 c6e7 a1e1
[WORKER] 2026/03/06 14:41:20 worker.go:402: Получена строка от движка: info depth 5 seldepth 6 multipv 3 score cp -21 nodes 3409 nps 1704500 hashfull 1 tbhits 0 time 2 pv g2g3 b4d6 a1e1 c6b4
[WORKER] 2026/03/06 14:41:20 worker.go:402: Получена строка от движка: info depth 6 seldepth 7 multipv 1 score cp -11 nodes 5169 nps 1723000 hashfull 1 tbhits 0 time 3 pv c2c3 b4f8 a1e1 a7a5 d3b5 a5a4
[WORKER] 2026/03/06 14:41:20 worker.go:402: Получена строка от движка: info depth 6 seldepth 12 multipv 2 score cp -19 nodes 5169 nps 1723000 hashfull 1 tbhits 0 time 3 pv e3d2 d7g4
[WORKER] 2026/03/06 14:41:20 worker.go:402: Получена строка от движка: info depth 6 seldepth 8 multipv 3 score cp -24 nodes 5169 nps 1723000 hashfull 1 tbhits 0 time 3 pv e2f4 b4d6 f4d5 d6h2 g1h2 d7d5
[WORKER] 2026/03/06 14:41:20 worker.go:402: Получена строка от движка: info depth 7 seldepth 8 multipv 1 score cp -11 nodes 8296 nps 1382666 hashfull 1 tbhits 0 time 6 pv c2c3 b4f8 a1e1 a7a5 d3b5 a5a4 e2f4
[WORKER] 2026/03/06 14:41:20 worker.go:402: Получена строка от движка: info depth 7 seldepth 11 multipv 2 score cp -23 nodes 8296 nps 1382666 hashfull 1 tbhits 0 time 6 pv g2g3 b4d6 c2c3 e8e4 d3b5 c6e5
[WORKER] 2026/03/06 14:41:20 worker.go:402: Получена строка от движка: info depth 7 seldepth 10 multipv 3 score cp -23 nodes 8296 nps 1382666 hashfull 1 tbhits 0 time 6 pv e3d2 b4d6 c2c3 a7a5 a1e1 a5a4 d3c2 b7b5
[WORKER] 2026/03/06 14:41:20 worker.go:402: Получена строка от движка: info depth 8 seldepth 13 multipv 1 score cp -7 nodes 11272 nps 1252444 hashfull 2 tbhits 0 time 9 pv c2c3 b4f8 f1e1 a7a6 e2g3 c6e7 e3d2 e7g6 g3f1
[WORKER] 2026/03/06 14:41:20 worker.go:402: Получена строка от движка: info depth 8 seldepth 9 multipv 2 score cp -16 nodes 11272 nps 1252444 hashfull 2 tbhits 0 time 9 pv g2g3 b4d6 c2c3 e8e4 d3b5 c6e5 b5d7 e5d7
[WORKER] 2026/03/06 14:41:20 worker.go:402: Получена строка от движка: info depth 8 seldepth 14 multipv 3 score cp -18 nodes 11272 nps 1252444 hashfull 2 tbhits 0 time 9 pv e3d2 b4d6 c2c3 a7a5 a1e1 a5a4 d3c2
[WORKER] 2026/03/06 14:41:20 worker.go:402: Получена строка от движка: info depth 9 seldepth 12 multipv 1 score cp -7 nodes 16588 nps 1184857 hashfull 3 tbhits 0 time 14 pv c2c3 b4f8 f1e1 a7a5 d3b5 a5a4 e2f4 a8a5 b5e2
[WORKER] 2026/03/06 14:41:20 worker.go:402: Получена строка от движка: info depth 9 seldepth 15 multipv 2 score cp -16 nodes 16588 nps 1184857 hashfull 3 tbhits 0 time 14 pv g2g3 b4f8 c2c3 a7a5 e2f4 c6e7 e3d2
[WORKER] 2026/03/06 14:41:20 worker.go:402: Получена строка от движка: info depth 9 seldepth 14 multipv 3 score cp -18 nodes 16588 nps 1184857 hashfull 3 tbhits 0 time 14 pv e3d2 b4d6 c2c3 a7a5 a1e1 a5a4 d3c2 b7b5 d2f4
[WORKER] 2026/03/06 14:41:20 worker.go:402: Получена строка от движка: info depth 10 seldepth 11 multipv 1 score cp -7 nodes 31411 nps 1013258 hashfull 8 tbhits 0 time 31 pv c2c3 b4d6 a1e1 e8e4 e2g3 d6g3 h2g3 c6e7 e3f4
[WORKER] 2026/03/06 14:41:20 worker.go:402: Получена строка от движка: info depth 10 seldepth 18 multipv 2 score cp -15 nodes 31411 nps 1013258 hashfull 8 tbhits 0 time 31 pv g2g3 a7a5 c2c3 b4f8 e2f4 c6a7 a2a4 a7c8 f4g2 c7c6
[WORKER] 2026/03/06 14:41:20 worker.go:402: Получена строка от движка: info depth 10 seldepth 18 multipv 3 score cp -18 nodes 31411 nps 1013258 hashfull 8 tbhits 0 time 31 pv e3d2 b4d6 c2c3 c6e7 a1e1 e7f5 e2f4 c7c6 g2g3 d6f4 d2f4 a8d8 d3d1 e8e4 e1e4 d5e4
[WORKER] 2026/03/06 14:41:20 worker.go:402: Получена строка от движка: info depth 11 seldepth 19 multipv 1 score cp -8 nodes 42108 nps 1002571 hashfull 10 tbhits 0 time 42 pv c2c3 b4f8 e3d2 a7a5 e2f4 c6e7 f1e1
[WORKER] 2026/03/06 14:41:20 worker.go:402: Получена строка от движка: info depth 11 seldepth 20 multipv 2 score cp -14 nodes 42108 nps 1002571 hashfull 10 tbhits 0 time 42 pv g2g3 b4d6 c2c3 e8e4 d3b5 c6e5 b5d7 e5d7 a1e1 c7c6 e2c1 a8e8 g1g2
[WORKER] 2026/03/06 14:41:20 worker.go:402: Получена строка от движка: info depth 11 seldepth 16 multipv 3 score cp -18 nodes 42108 nps 1002571 hashfull 10 tbhits 0 time 42 pv e3d2 b4d6 c2c3 c6e7 d2f4 e7f5 f4d6 d7d6 g2g3 c7c6
[WORKER] 2026/03/06 14:41:20 worker.go:402: Получена строка от движка: info depth 12 seldepth 24 multipv 1 score cp -8 nodes 78578 nps 970098 hashfull 22 tbhits 0 time 81 pv c2c3 b4d6 a1e1 c6e7 e3f4 d6f4 e2f4 e7g6 f4h5 e8e1 f1e1
[WORKER] 2026/03/06 14:41:20 worker.go:402: Получена строка от движка: info depth 12 seldepth 20 multipv 2 score cp -13 nodes 78578 nps 970098 hashfull 22 tbhits 0 time 81 pv g2g3 b4f8 e2f4 c6e7 f4g2 a7a5 a2a4 e7f5 c2c3 c7c6 f1e1 g7g6 e3f4 f5g7 f4h6 e8e1 a1e1
[WORKER] 2026/03/06 14:41:20 worker.go:402: Получена строка от движка: info depth 12 seldepth 26 multipv 3 score cp -17 nodes 78578 nps 970098 hashfull 22 tbhits 0 time 81 pv e3d2 b4d6 e2g3 d7g4 c2c3 c6e7 f1e1 c7c6 g3f1
[WORKER] 2026/03/06 14:41:20 worker.go:402: Получена строка от движка: info depth 13 seldepth 22 multipv 1 score cp -10 nodes 104765 nps 970046 hashfull 29 tbhits 0 time 108 pv c2c3 b4f8 a1e1 a7a5 e2f4 a5a4 d3b5 a8a5 b5e2 f8d6 e2f3 e8e4
[WORKER] 2026/03/06 14:41:20 worker.go:402: Получена строка от движка: info depth 13 seldepth 23 multipv 2 score cp -16 nodes 104765 nps 970046 hashfull 29 tbhits 0 time 108 pv g2g3 b4f8 e2f4 c6e7 f4g2 g7g6 c2c3 a7a5 a2a4 e7f5 e3f4 c7c6 f1e1 h7h5
[WORKER] 2026/03/06 14:41:20 worker.go:402: Получена строка от движка: info depth 13 seldepth 14 multipv 3 score cp -17 nodes 104765 nps 970046 hashfull 29 tbhits 0 time 108 pv e3d2 b4d6 e2g3 d6g3 h2g3 c6e7 f1e1 c7c6 c2c3 e7f5 b2b3 e8e1 a1e1
[WORKER] 2026/03/06 14:41:20 worker.go:402: Получена строка от движка: info depth 14 seldepth 18 multipv 1 score cp -10 nodes 152061 nps 944478 hashfull 49 tbhits 0 time 161 pv c2c3 b4f8 a1e1 a7a5 e2f4 a5a4 d3b5 a8a5 b5e2 f8d6 e2f3 e8e4 f4d3
[WORKER] 2026/03/06 14:41:20 worker.go:402: Получена строка от движка: info depth 14 seldepth 20 multipv 2 score cp -16 nodes 152061 nps 944478 hashfull 49 tbhits 0 time 161 pv e3d2 b4d6 e2g3 c6b4 d3f5 d7e6 d2b4 d6b4 f5e6 e8e6
[WORKER] 2026/03/06 14:41:20 worker.go:402: Получена строка от движка: info depth 14 seldepth 21 multipv 3 score cp -16 nodes 152061 nps 944478 hashfull 49 tbhits 0 time 161 pv g2g3 b4f8 e2f4 c6e7 f4g2 g7g6 e3f4 e7f5 f1e1 c7c6 c2c3 h7h5 e1e8
[WORKER] 2026/03/06 14:41:20 worker.go:402: Получена строка от движка: info depth 15 seldepth 26 multipv 1 score cp -11 nodes 228462 nps 921217 hashfull 80 tbhits 0 time 248 pv c2c3 b4f8 f1e1 a7a5 d3b5 a5a4 e2f4 a8a5 b5d3 c6a7 b2b3 a4b3 a2b3 a5a1 e1a1 a7c8 c3c4
[WORKER] 2026/03/06 14:41:20 worker.go:402: Получена строка от движка: info depth 15 seldepth 24 multipv 2 score cp -13 nodes 228462 nps 921217 hashfull 80 tbhits 0 time 248 pv e3d2 b4d6 c2c3 c6e7 d2f4 e7f5 f4d6 f5d6 e2f4 c7c6 a1e1 a7a5 h2h4
[WORKER] 2026/03/06 14:41:20 worker.go:402: Получена строка от движка: info depth 15 seldepth 24 multipv 3 score cp -14 nodes 228462 nps 921217 hashfull 80 tbhits 0 time 248 pv g2g3 b4f8 e2f4 c6e7 f4g2 g7g6 e3f4 e7f5 c2c3 a7a5 a2a4 c7c6 f1e1 h7h5 d3f3 f5d6 f4d6 f8d6 e1e8 a8e8 a1e1
[WORKER] 2026/03/06 14:41:20 worker.go:402: Получена строка от движка: info depth 16 seldepth 31 multipv 1 score cp -9 nodes 314519 nps 916965 hashfull 107 tbhits 0 time 343 pv c2c3 b4f8 f1e1 a7a5 d3b5 a5a4 e2f4 a8a5 b5d3 c6e7 e3d2 c7c6 d3c2 b7b5 f4d3
[WORKER] 2026/03/06 14:41:20 worker.go:402: Получена строка от движка: info depth 16 seldepth 22 multipv 2 score cp -11 nodes 314519 nps 916965 hashfull 107 tbhits 0 time 343 pv e3d2 b4d6 c2c3 e8e7 a1e1 a8e8 e2c1 e7e1 d2e1 c6e7 e1d2 a7a6 f1e1 e7g6 g2g3 e8e1 d2e1 d7g4
[WORKER] 2026/03/06 14:41:20 worker.go:402: Получена строка от движка: info depth 16 seldepth 21 multipv 3 score cp -14 nodes 314519 nps 916965 hashfull 107 tbhits 0 time 343 pv g2g3 b4f8 e2f4 c6e7 f4g2 g7g6 e3f4 e7f5 c2c3 a7a5 a2a4 c7c6 f1e1 h7h5 d3f3 f5d6 f4d6 f8d6
[WORKER] 2026/03/06 14:41:20 worker.go:402: Получена строка от движка: bestmove c2c3 ponder b4f8
[WORKER] 2026/03/06 14:41:20 worker.go:518: Анализ позиции: 1 тактических ходов из 41 возможных
[WORKER] 2026/03/06 14:41:20 worker.go:179: Полуход 25. Ход белых: 15.3 сек (оценка: -9)
[WORKER] 2026/03/06 14:41:20 worker.go:402: Получена строка от движка: info string Available processors: 0-11
[WORKER] 2026/03/06 14:41:20 worker.go:402: Получена строка от движка: info string Using 1 thread
[WORKER] 2026/03/06 14:41:20 worker.go:402: Получена строка от движка: info string NNUE evaluation using nn-c288c895ea92.nnue (125MiB, (102384, 1024, 15, 32, 1))
[WORKER] 2026/03/06 14:41:20 worker.go:402: Получена строка от движка: info string NNUE evaluation using nn-37f18f62d772.nnue (6MiB, (22528, 128, 15, 32, 1))
[WORKER] 2026/03/06 14:41:20 worker.go:402: Получена строка от движка: info string Network replica 1: Shared memory.
[WORKER] 2026/03/06 14:41:20 worker.go:402: Получена строка от движка: info depth 1 seldepth 5 multipv 1 score cp 14 nodes 144 nps 144000 hashfull 0 tbhits 0 time 1 pv b4d6
[WORKER] 2026/03/06 14:41:20 worker.go:402: Получена строка от движка: info depth 1 seldepth 2 multipv 2 score cp 8 nodes 144 nps 144000 hashfull 0 tbhits 0 time 1 pv c6e7
[WORKER] 2026/03/06 14:41:20 worker.go:402: Получена строка от движка: info depth 1 seldepth 2 multipv 3 score cp 6 nodes 144 nps 144000 hashfull 0 tbhits 0 time 1 pv b4f8
[WORKER] 2026/03/06 14:41:20 worker.go:402: Получена строка от движка: info depth 2 seldepth 3 multipv 1 score cp 16 nodes 1582 nps 1582000 hashfull 0 tbhits 0 time 1 pv c6e7 g2g3
[WORKER] 2026/03/06 14:41:20 worker.go:402: Получена строка от движка: info depth 2 seldepth 5 multipv 2 score cp -21 nodes 1582 nps 1582000 hashfull 0 tbhits 0 time 1 pv b4f8
[WORKER] 2026/03/06 14:41:20 worker.go:402: Получена строка от движка: info depth 2 seldepth 5 multipv 3 score cp -35 nodes 1582 nps 1582000 hashfull 0 tbhits 0 time 1 pv a8b8
[WORKER] 2026/03/06 14:41:20 worker.go:402: Получена строка от движка: info depth 3 seldepth 4 multipv 1 score cp 15 nodes 2570 nps 1285000 hashfull 0 tbhits 0 time 2 pv c6e7 g2g3 b4d6
[WORKER] 2026/03/06 14:41:20 worker.go:402: Получена строка от движка: info depth 3 seldepth 6 multipv 2 score cp 2 nodes 2570 nps 1285000 hashfull 0 tbhits 0 time 2 pv b4d6 f4d5
[WORKER] 2026/03/06 14:41:20 worker.go:402: Получена строка от движка: info depth 3 seldepth 5 multipv 3 score cp -32 nodes 2570 nps 1285000 hashfull 0 tbhits 0 time 2 pv b4f8 d3b5 d7f5
[WORKER] 2026/03/06 14:41:20 worker.go:402: Получена строка от движка: info depth 4 seldepth 5 multipv 1 score cp 18 nodes 3580 nps 1790000 hashfull 0 tbhits 0 time 2 pv c6e7 g2g3 b4d6
[WORKER] 2026/03/06 14:41:20 worker.go:402: Получена строка от движка: info depth 4 seldepth 6 multipv 2 score cp 14 nodes 3580 nps 1790000 hashfull 0 tbhits 0 time 2 pv b4d6 f4d5
[WORKER] 2026/03/06 14:41:20 worker.go:402: Получена строка от движка: info depth 4 seldepth 6 multipv 3 score cp -18 nodes 3580 nps 1790000 hashfull 0 tbhits 0 time 2 pv e8e4 d3b5 b4d6 f4d5 a7a6
[WORKER] 2026/03/06 14:41:20 worker.go:402: Получена строка от движка: info depth 5 seldepth 8 multipv 1 score cp 18 nodes 4756 nps 1585333 hashfull 0 tbhits 0 time 3 pv b4d6 c2c3 c6e7 a1e1 c7c6
[WORKER] 2026/03/06 14:41:20 worker.go:402: Получена строка от движка: info depth 5 seldepth 8 multipv 2 score cp 16 nodes 4756 nps 1585333 hashfull 0 tbhits 0 time 3 pv c6e7 g2g3 e7f5 f4g2
[WORKER] 2026/03/06 14:41:20 worker.go:402: Получена строка от движка: info depth 5 seldepth 7 multipv 3 score cp -2 nodes 4756 nps 1585333 hashfull 0 tbhits 0 time 3 pv a8d8 c2c3 b4d6 f4d5
[WORKER] 2026/03/06 14:41:20 worker.go:402: Получена строка от движка: info depth 6 seldepth 8 multipv 1 score cp 19 nodes 5262 nps 1754000 hashfull 0 tbhits 0 time 3 pv b4d6 c2c3 e8e4 f4d5
[WORKER] 2026/03/06 14:41:20 worker.go:402: Получена строка от движка: info depth 6 seldepth 8 multipv 2 score cp 16 nodes 5262 nps 1754000 hashfull 0 tbhits 0 time 3 pv c6e7 g2g3 e7f5 f4g2 b4f8
[WORKER] 2026/03/06 14:41:20 worker.go:402: Получена строка от движка: info depth 6 seldepth 8 multipv 3 score cp 1 nodes 5262 nps 1754000 hashfull 0 tbhits 0 time 3 pv a8d8 c2c3 b4d6 f4d5 d6h2 g1h2
[WORKER] 2026/03/06 14:41:20 worker.go:402: Получена строка от движка: info depth 7 seldepth 11 multipv 1 score cp 19 nodes 7298 nps 1459600 hashfull 0 tbhits 0 time 5 pv c6e7 g2g3 b4d6 f4g2 d7f5 d3d2
[WORKER] 2026/03/06 14:41:20 worker.go:402: Получена строка от движка: info depth 7 seldepth 11 multipv 2 score cp 16 nodes 7298 nps 1459600 hashfull 0 tbhits 0 time 5 pv b4d6 f4d5 d6h2 g1h2 d7d5 c2c4 d5h5 h2g1
[WORKER] 2026/03/06 14:41:20 worker.go:402: Получена строка от движка: info depth 7 seldepth 9 multipv 3 score cp 14 nodes 7298 nps 1459600 hashfull 0 tbhits 0 time 5 pv b4f8 d3b5 d7f5 g2g3
[WORKER] 2026/03/06 14:41:20 worker.go:402: Получена строка от движка: info depth 8 seldepth 15 multipv 1 score cp 20 nodes 9144 nps 1306285 hashfull 1 tbhits 0 time 7 pv c6e7 c2c3 b4d6 a1e1 c7c6 g2g3 d6f4 e3f4 e7g6 f4d2 h7h5
[WORKER] 2026/03/06 14:41:20 worker.go:402: Получена строка от движка: info depth 8 seldepth 10 multipv 2 score cp 14 nodes 9144 nps 1306285 hashfull 1 tbhits 0 time 7 pv b4f8 g2g3 c6e7 f4g2 g7g6 e3f4 e7f5 c2c3
[WORKER] 2026/03/06 14:41:20 worker.go:402: Получена строка от движка: info depth 8 seldepth 11 multipv 3 score cp 12 nodes 9144 nps 1306285 hashfull 1 tbhits 0 time 7 pv b4d6 f4d5 d6h2 g1h2 d7d5 c2c4 d5d6 g2g3 a8b8
[WORKER] 2026/03/06 14:41:20 worker.go:402: Получена строка от движка: info depth 9 seldepth 13 multipv 1 score cp 21 nodes 17500 nps 1166666 hashfull 3 tbhits 0 time 15 pv c6e7 g2g3 b4d6 a1e1 a7a5 c2c3 a5a4 f4g2 d7f5
[WORKER] 2026/03/06 14:41:20 worker.go:402: Получена строка от движка: info depth 9 seldepth 20 multipv 2 score cp 17 nodes 17500 nps 1166666 hashfull 3 tbhits 0 time 15 pv b4d6 f4d5 d6h2 g1h2 d7d5 c2c4 d5d6 h2g1
[WORKER] 2026/03/06 14:41:20 worker.go:402: Получена строка от движка: info depth 9 seldepth 14 multipv 3 score cp 17 nodes 17500 nps 1166666 hashfull 3 tbhits 0 time 15 pv b4f8 c2c3 c6e7 e3d2 c7c6 a1e1 g7g6
[WORKER] 2026/03/06 14:41:20 worker.go:402: Получена строка от движка: info depth 10 seldepth 19 multipv 1 score cp 31 nodes 23679 nps 1183950 hashfull 4 tbhits 0 time 20 pv b4d6 f4d5 d6h2 g1h2 d7d5 c2c4
[WORKER] 2026/03/06 14:41:20 worker.go:402: Получена строка от движка: info depth 10 seldepth 13 multipv 2 score cp 19 nodes 23679 nps 1183950 hashfull 4 tbhits 0 time 20 pv c6e7 g2g3 b4d6 f4g2 d7f5 d3f5 e7f5 c2c3 a7a5 e3f4 a5a4
[WORKER] 2026/03/06 14:41:20 worker.go:402: Получена строка от движка: info depth 10 seldepth 16 multipv 3 score cp 9 nodes 23679 nps 1183950 hashfull 4 tbhits 0 time 20 pv b4f8 c2c3 c6e7 e3d2 c7c6 f1e1 e7f5 d3f3 a7a5 a2a4 e8e1 a1e1
[WORKER] 2026/03/06 14:41:20 worker.go:402: Получена строка от движка: info depth 11 seldepth 20 multipv 1 score cp 26 nodes 38907 nps 1051540 hashfull 10 tbhits 0 time 37 pv b4d6 c2c3 e8e4 g2g3 d6f4 e3f4 a8e8 f4d2 c6e7 f1e1 e7g6 e1e4 d5e4 d3e2 h7h6
[WORKER] 2026/03/06 14:41:20 worker.go:402: Получена строка от движка: info depth 11 seldepth 15 multipv 2 score cp 14 nodes 38907 nps 1051540 hashfull 10 tbhits 0 time 37 pv c6e7 g2g3 b4d6 f1e1 d6f4 e3f4 h7h5
[WORKER] 2026/03/06 14:41:20 worker.go:402: Получена строка от движка: info depth 11 seldepth 14 multipv 3 score cp 11 nodes 38907 nps 1051540 hashfull 10 tbhits 0 time 37 pv b4f8 c2c3 c6e7 e3d2 e7f5 f1e1 c7c6 d3f3 a7a5 a2a4 e8e1 a1e1
[WORKER] 2026/03/06 14:41:20 worker.go:402: Получена строка от движка: info depth 12 seldepth 26 multipv 1 score cp 19 nodes 108230 nps 933017 hashfull 35 tbhits 0 time 116 pv c6e7 g2g3 b4d6 f4g2 e7f5 e3f4 e8e4 c2c3 a8e8 f4d6 f5d6 f1e1 g7g6 e1e4 d5e4
[WORKER] 2026/03/06 14:41:20 worker.go:402: Получена строка от движка: info depth 12 seldepth 23 multipv 2 score cp 18 nodes 108230 nps 933017 hashfull 35 tbhits 0 time 116 pv b4d6 f4d5 d6h2 g1h2 d7d5 c2c4 d5h5 h2g1 a8d8 a1e1 h5h4 g2g3 h4g4
[WORKER] 2026/03/06 14:41:20 worker.go:402: Получена строка от движка: info depth 12 seldepth 27 multipv 3 score cp 0 nodes 108230 nps 933017 hashfull 35 tbhits 0 time 116 pv a7a6 c2c3 b4f8 e3d2 c6e7 a1e1 c7c6 d3f3 e7g6 f4d3 e8e1
[WORKER] 2026/03/06 14:41:20 worker.go:402: Получена строка от движка: info depth 13 seldepth 19 multipv 1 score cp 19 nodes 152057 nps 910520 hashfull 50 tbhits 0 time 167 pv c6e7 g2g3 b4d6 f4g2 e7f5 e3f4 e8e4 c2c3 a8e8 f4d6 f5d6 f1e1 g7g6 e1e4 e8e4 a1e1 e4e1 g2e1
[WORKER] 2026/03/06 14:41:20 worker.go:402: Получена строка от движка: info depth 13 seldepth 25 multipv 2 score cp 12 nodes 152057 nps 910520 hashfull 50 tbhits 0 time 167 pv b4d6 f4d5 d6h2 g1h2 d7d5 h2g1 h7h6
[WORKER] 2026/03/06 14:41:20 worker.go:402: Получена строка от движка: info depth 13 seldepth 26 multipv 3 score cp 6 nodes 152057 nps 910520 hashfull 50 tbhits 0 time 167 pv a7a6 c2c3 b4f8 e3d2 c6e7 a1e1 c7c6 d3f3 d7f5 g2g3 e7g6 g1g2 f5c2 f4g6 h7g6
[WORKER] 2026/03/06 14:41:20 worker.go:402: Получена строка от движка: info depth 14 seldepth 23 multipv 1 score cp 19 nodes 245299 nps 901834 hashfull 78 tbhits 0 time 272 pv c6e7 g2g3 b4d6 f4g2 e7f5 c2c3 e8e4 a1e1 a8e8 e3c1 g7g6 e1e4 e8e4 f2f3
[WORKER] 2026/03/06 14:41:20 worker.go:402: Получена строка от движка: info depth 14 seldepth 30 multipv 2 score cp 5 nodes 245299 nps 901834 hashfull 78 tbhits 0 time 272 pv a7a6 c2c3 b4f8 a1e1 c6e7 e3c1 c7c6
[WORKER] 2026/03/06 14:41:20 worker.go:402: Получена строка от движка: info depth 14 seldepth 28 multipv 3 score cp 0 nodes 245299 nps 901834 hashfull 78 tbhits 0 time 272 pv b4f8 d3b5 a8d8 c2c3 a7a6 b5b7 c6a5 b7a6 a5c4 a6b7 c4b6 b7a6
[WORKER] 2026/03/06 14:41:20 worker.go:402: Получена строка от движка: info depth 15 seldepth 23 multipv 1 score cp 26 nodes 337721 nps 893441 hashfull 109 tbhits 0 time 378 pv c6e7 g2g3 b4d6 f4g2 e7f5 c2c3 g7g6 a1e1 e8e4 e3c1 a8e8 e1e4 e8e4 c1f4 c7c6 f4d6 f5d6 f1e1 d7g4
[WORKER] 2026/03/06 14:41:20 worker.go:402: Получена строка от движка: info depth 15 seldepth 27 multipv 2 score cp 6 nodes 337721 nps 893441 hashfull 109 tbhits 0 time 378 pv b4f8 d3b5 a8d8 c2c3 d7c8 a1e1 c6e7 f4d3 c7c6 b5a4 a7a6 e3f4 e7f5 h2h3 e8e4 e1e4 d5e4 d3c5 f8c5 d4c5
[WORKER] 2026/03/06 14:41:20 worker.go:402: Получена строка от движка: info depth 15 seldepth 22 multipv 3 score cp 5 nodes 337721 nps 893441 hashfull 109 tbhits 0 time 378 pv a7a6 c2c3 b4f8 a1e1 c6e7 e3c1 e7g6 f4g6 h7g6 c1f4 d7a4 e1e8 a8e8 f1a1 c7c6
[WORKER] 2026/03/06 14:41:21 worker.go:402: Получена строка от движка: info depth 16 seldepth 22 multipv 1 score cp 24 nodes 465101 nps 890998 hashfull 154 tbhits 0 time 522 pv c6e7 g2g3 b4d6 a1e1 d6f4 e3f4 c7c6 f4d2 e7f5 e1e5 g7g6 f1e1 f7f6 e5e8 a8e8 b2b3 e8e1 d2e1
[WORKER] 2026/03/06 14:41:21 worker.go:402: Получена строка от движка: info depth 16 seldepth 26 multipv 2 score cp 9 nodes 465101 nps 890998 hashfull 154 tbhits 0 time 522 pv a8d8 c2c3 b4f8 f1e1 c6e7 g2g3 a7a6 f4g2 c7c6 e3g5
[WORKER] 2026/03/06 14:41:21 worker.go:402: Получена строка от движка: info depth 16 seldepth 27 multipv 3 score cp 9 nodes 465101 nps 890998 hashfull 154 tbhits 0 time 522 pv b4f8 d3b5 a8d8 c2c3 d7c8 a1e1 c6e7 b5a4 a7a6 f4d3 e7g6 e3f4 g6f4 d3f4 e8e4 e1e4 d5e4 g2g3
[WORKER] 2026/03/06 14:41:21 worker.go:402: Получена строка от движка: bestmove c6e7 ponder g2g3
[WORKER] 2026/03/06 14:41:21 worker.go:518: Анализ позиции: 2 тактических ходов из 47 возможных
[WORKER] 2026/03/06 14:41:21 worker.go:179: Полуход 26. Ход черных: 31.2 сек (оценка: -24)
[WORKER] 2026/03/06 14:41:21 worker.go:402: Получена строка от движка: info string Available processors: 0-11
[WORKER] 2026/03/06 14:41:21 worker.go:402: Получена строка от движка: info string Using 1 thread
[WORKER] 2026/03/06 14:41:21 worker.go:402: Получена строка от движка: info string NNUE evaluation using nn-c288c895ea92.nnue (125MiB, (102384, 1024, 15, 32, 1))
[WORKER] 2026/03/06 14:41:21 worker.go:402: Получена строка от движка: info string NNUE evaluation using nn-37f18f62d772.nnue (6MiB, (22528, 128, 15, 32, 1))
[WORKER] 2026/03/06 14:41:21 worker.go:402: Получена строка от движка: info string Network replica 1: Shared memory.
[WORKER] 2026/03/06 14:41:21 worker.go:402: Получена строка от движка: info depth 1 seldepth 4 multipv 1 score cp 33 nodes 158 nps 158000 hashfull 0 tbhits 0 time 1 pv f4d5
[WORKER] 2026/03/06 14:41:21 worker.go:402: Получена строка от движка: info depth 1 seldepth 4 multipv 2 score cp -26 nodes 158 nps 158000 hashfull 0 tbhits 0 time 1 pv c2c3
[WORKER] 2026/03/06 14:41:21 worker.go:402: Получена строка от движка: info depth 1 seldepth 4 multipv 3 score cp -42 nodes 158 nps 158000 hashfull 0 tbhits 0 time 1 pv g2g3
[WORKER] 2026/03/06 14:41:21 worker.go:402: Получена строка от движка: info depth 2 seldepth 5 multipv 1 score cp 5 nodes 1407 nps 1407000 hashfull 0 tbhits 0 time 1 pv f4d5 d6h2 g1h2 d7d5
[WORKER] 2026/03/06 14:41:21 worker.go:402: Получена строка от движка: info depth 2 seldepth 10 multipv 2 score cp -30 nodes 1407 nps 1407000 hashfull 0 tbhits 0 time 1 pv g2g3
[WORKER] 2026/03/06 14:41:21 worker.go:402: Получена строка от движка: info depth 2 seldepth 3 multipv 3 score cp -30 nodes 1407 nps 1407000 hashfull 0 tbhits 0 time 1 pv c2c3 e8e4
[WORKER] 2026/03/06 14:41:21 worker.go:402: Получена строка от движка: info depth 3 seldepth 5 multipv 1 score cp 5 nodes 2509 nps 2509000 hashfull 0 tbhits 0 time 1 pv f4d5 d6h2 g1h2 d7d5
[WORKER] 2026/03/06 14:41:21 worker.go:402: Получена строка от движка: info depth 3 seldepth 7 multipv 2 score cp -23 nodes 2509 nps 2509000 hashfull 0 tbhits 0 time 1 pv c2c3 c6e7 f1e1
[WORKER] 2026/03/06 14:41:21 worker.go:402: Получена строка от движка: info depth 3 seldepth 4 multipv 3 score cp -36 nodes 2509 nps 2509000 hashfull 0 tbhits 0 time 1 pv g2g3 d6f4 e3f4
[WORKER] 2026/03/06 14:41:21 worker.go:402: Получена строка от движка: info depth 4 seldepth 5 multipv 1 score cp 4 nodes 3434 nps 1717000 hashfull 0 tbhits 0 time 2 pv f4d5 d6h2 g1h2 d7d5
[WORKER] 2026/03/06 14:41:21 worker.go:402: Получена строка от движка: info depth 4 seldepth 7 multipv 2 score cp -24 nodes 3434 nps 1717000 hashfull 0 tbhits 0 time 2 pv g2g3 c6e7 a1e1 d6f4 e3f4
[WORKER] 2026/03/06 14:41:21 worker.go:402: Получена строка от движка: info depth 4 seldepth 6 multipv 3 score cp -24 nodes 3434 nps 1717000 hashfull 0 tbhits 0 time 2 pv c2c3 c6e7 g2g3
[WORKER] 2026/03/06 14:41:21 worker.go:402: Получена строка от движка: info depth 5 seldepth 6 multipv 1 score cp -2 nodes 4651 nps 2325500 hashfull 0 tbhits 0 time 2 pv f4d5 d6h2 g1h2 d7d5 c2c4
[WORKER] 2026/03/06 14:41:21 worker.go:402: Получена строка от движка: info depth 5 seldepth 6 multipv 2 score cp -21 nodes 4651 nps 2325500 hashfull 0 tbhits 0 time 2 pv g2g3 c6e7 a1e1 d6f4 e3f4
[WORKER] 2026/03/06 14:41:21 worker.go:402: Получена строка от движка: info depth 5 seldepth 11 multipv 3 score cp -21 nodes 4651 nps 2325500 hashfull 0 tbhits 0 time 2 pv c2c3 c6e7 g2g3 e7g6
[WORKER] 2026/03/06 14:41:21 worker.go:402: Получена строка от движка: info depth 6 seldepth 8 multipv 1 score cp -1 nodes 6823 nps 2274333 hashfull 0 tbhits 0 time 3 pv f4d5 d6h2 g1h2 d7d5 c2c4 d5h5 h2g1
[WORKER] 2026/03/06 14:41:21 worker.go:402: Получена строка от движка: info depth 6 seldepth 11 multipv 2 score cp -28 nodes 6823 nps 2274333 hashfull 0 tbhits 0 time 3 pv c2c3 e8e4 f4d5 d6h2 g1h2 d7d5 f2f3
[WORKER] 2026/03/06 14:41:21 worker.go:402: Получена строка от движка: info depth 6 seldepth 12 multipv 3 score cp -35 nodes 6823 nps 2274333 hashfull 0 tbhits 0 time 3 pv g2g3 d6f4 e3f4 e8e4 c2c3 a8e8 d3b5 e4f4 g3f4
[WORKER] 2026/03/06 14:41:21 worker.go:402: Получена строка от движка: info depth 7 seldepth 8 multipv 1 score cp -2 nodes 8144 nps 2036000 hashfull 0 tbhits 0 time 4 pv f4d5 d6h2 g1h2 d7d5 c2c4 d5d6 h2g1
[WORKER] 2026/03/06 14:41:21 worker.go:402: Получена строка от движка: info depth 7 seldepth 8 multipv 2 score cp -28 nodes 8144 nps 2036000 hashfull 0 tbhits 0 time 4 pv c2c3 e8e4 f4d5 d6h2 g1h2 d7d5 f2f3
[WORKER] 2026/03/06 14:41:21 worker.go:402: Получена строка от движка: info depth 7 seldepth 8 multipv 3 score cp -28 nodes 8144 nps 2036000 hashfull 0 tbhits 0 time 4 pv g2g3 d6f4 e3f4 e8e4 c2c3 a8e8 d3b5
[WORKER] 2026/03/06 14:41:21 worker.go:402: Получена строка от движка: info depth 8 seldepth 11 multipv 1 score cp -3 nodes 13019 nps 1627375 hashfull 0 tbhits 0 time 8 pv f4d5 d6h2 g1h2 d7d5 c2c4 d5d6 h2g1 c6e5 d3e2
[WORKER] 2026/03/06 14:41:21 worker.go:402: Получена строка от движка: info depth 8 seldepth 10 multipv 2 score cp -27 nodes 13019 nps 1627375 hashfull 0 tbhits 0 time 8 pv c2c3 e8e4 g2g3 a8e8
[WORKER] 2026/03/06 14:41:21 worker.go:402: Получена строка от движка: info depth 8 seldepth 18 multipv 3 score cp -28 nodes 13019 nps 1627375 hashfull 0 tbhits 0 time 8 pv g2g3 d6f4 e3f4 e8e4 c2c3 a8e8 f4d2 c6e7 a1e1
[WORKER] 2026/03/06 14:41:21 worker.go:402: Получена строка от движка: info depth 9 seldepth 10 multipv 1 score cp -3 nodes 23922 nps 1259052 hashfull 3 tbhits 0 time 19 pv f4d5 d6h2 g1h2 d7d5 c2c4 d5d6 h2g1 c6e5 d3e2
[WORKER] 2026/03/06 14:41:21 worker.go:402: Получена строка от движка: info depth 9 seldepth 18 multipv 2 score cp -27 nodes 23922 nps 1259052 hashfull 3 tbhits 0 time 19 pv c2c3 c6e7 e3d2 c7c6 a1e1 e7f5 g2g3 d6f8 e1e5
[WORKER] 2026/03/06 14:41:21 worker.go:402: Получена строка от движка: info depth 9 seldepth 18 multipv 3 score cp -35 nodes 23922 nps 1259052 hashfull 3 tbhits 0 time 19 pv g2g3 c6b4 d3d2 d7f5 f1c1 e8e7 f4g2 a8e8 c2c3
[WORKER] 2026/03/06 14:41:21 worker.go:402: Получена строка от движка: info depth 10 seldepth 12 multipv 1 score cp 0 nodes 35312 nps 1177066 hashfull 4 tbhits 0 time 30 pv f4d5 d6h2 g1h2 d7d5 c2c4 d5d6 h2g1 c6e5 d3e2 e5d7
[WORKER] 2026/03/06 14:41:21 worker.go:402: Получена строка от движка: info depth 10 seldepth 15 multipv 2 score cp -26 nodes 35312 nps 1177066 hashfull 4 tbhits 0 time 30 pv c2c3 c6e7 f1e1 c7c6 g2g3 d6f4 e3f4 e7g6 f4d2
[WORKER] 2026/03/06 14:41:21 worker.go:402: Получена строка от движка: info depth 10 seldepth 19 multipv 3 score cp -31 nodes 35312 nps 1177066 hashfull 4 tbhits 0 time 30 pv g2g3 d6f4 e3f4 e8e4 c2c3 a8e8 f4d2 c6e7 f2f3
[WORKER] 2026/03/06 14:41:21 worker.go:402: Получена строка от движка: info depth 11 seldepth 19 multipv 1 score cp 4 nodes 57389 nps 1147780 hashfull 9 tbhits 0 time 50 pv f4d5 d6h2 g1h2 d7d5 c2c4 d5h5 h2g1 f7f5 d3d1 h5g6
[WORKER] 2026/03/06 14:41:21 worker.go:402: Получена строка от движка: info depth 11 seldepth 15 multipv 2 score cp -26 nodes 57389 nps 1147780 hashfull 9 tbhits 0 time 50 pv c2c3 c6e7 e3d2 c7c6 f1e1 e7f5 g2g3 d6f4 d2f4 f7f6
[WORKER] 2026/03/06 14:41:21 worker.go:402: Получена строка от движка: info depth 11 seldepth 20 multipv 3 score cp -34 nodes 57389 nps 1147780 hashfull 9 tbhits 0 time 50 pv g2g3 d6f4 e3f4 e8e4 c2c3 a8e8 f4d2 c6e7 a1e1 e7f5 e1e4 d5e4 d3e2 h7h6 f1e1 f5d6
[WORKER] 2026/03/06 14:41:21 worker.go:402: Получена строка от движка: info depth 12 seldepth 26 multipv 1 score cp 1 nodes 96556 nps 1072844 hashfull 20 tbhits 0 time 90 pv f4d5 d6h2 g1h2 d7d5 c2c4 d5h5 h2g1 e8e6 d3d1 h5h4 d4d5 e6d6 f2f4 d6h6 d5c6 h4h1 g1f2 h1h4 g2g3
[WORKER] 2026/03/06 14:41:21 worker.go:402: Получена строка от движка: info depth 12 seldepth 18 multipv 2 score cp -27 nodes 96556 nps 1072844 hashfull 20 tbhits 0 time 90 pv c2c3 c6e7 a1e1 a7a5 g2g3 d6f4 e3f4 c7c6 h2h4 e7g6 f4d2
[WORKER] 2026/03/06 14:41:21 worker.go:402: Получена строка от движка: info depth 12 seldepth 21 multipv 3 score cp -40 nodes 96556 nps 1072844 hashfull 20 tbhits 0 time 90 pv a1d1 d6f4 e3f4 e8e4 f4e3 a8e8 f1e1 h7h5
[WORKER] 2026/03/06 14:41:21 worker.go:402: Получена строка от движка: info depth 13 seldepth 19 multipv 1 score cp 2 nodes 143625 nps 1025892 hashfull 31 tbhits 0 time 140 pv f4d5 d6h2 g1h2 d7d5 c2c4 d5d6 h2g1 c6e5 d3e2 e5d7 e2f3 d7f6 e3g5 f6e4 g5e3
[WORKER] 2026/03/06 14:41:21 worker.go:402: Получена строка от движка: info depth 13 seldepth 22 multipv 2 score cp -23 nodes 143625 nps 1025892 hashfull 31 tbhits 0 time 140 pv c2c3 c6e7 f1e1 c7c6 e3d2 d6c7 h2h3 c7f4 d2f4 e7g6 f4d2
[WORKER] 2026/03/06 14:41:21 worker.go:402: Получена строка от движка: info depth 13 seldepth 22 multipv 3 score cp -33 nodes 143625 nps 1025892 hashfull 31 tbhits 0 time 140 pv g2g3 d6f4 e3f4 e8e4 c2c3 a8e8 f4d2 c6e7 a1e1 e7g6 e1e4 d5e4 d3e2 h7h6 f1e1 c7c6
[WORKER] 2026/03/06 14:41:21 worker.go:402: Получена строка от движка: info depth 14 seldepth 24 multipv 1 score cp 0 nodes 210148 nps 986610 hashfull 53 tbhits 0 time 213 pv f4d5 d6h2 g1h2 d7d5 c2c4 d5d6 h2g1 c6e5 d3e2 e5d7 e2f3 d7f6 e3g5 d6d4 f3b7
[WORKER] 2026/03/06 14:41:21 worker.go:402: Получена строка от движка: info depth 14 seldepth 23 multipv 2 score cp -20 nodes 210148 nps 986610 hashfull 53 tbhits 0 time 213 pv c2c3 c6e7 a1e1 c7c6 g2g3 d6f4 e3f4 e7g6 f4d2 h7h5 d3f3 h5h4 f3h5 h4g3 h2g3 e8e1 f1e1 a8e8 h5d1 e8e1 d1e1
[WORKER] 2026/03/06 14:41:21 worker.go:402: Получена строка от движка: info depth 14 seldepth 25 multipv 3 score cp -32 nodes 210148 nps 982000 hashfull 53 tbhits 0 time 214 pv g2g3 d6f4 e3f4 e8e4 c2c3 a8e8 f4d2 c6e7 a1e1 e7f5 f2f3 e4e1 f1e1 e8e1 d2e1 h7h5 d3e2 f5e7 b2b3 e7f5
[WORKER] 2026/03/06 14:41:21 worker.go:402: Получена строка от движка: info depth 15 seldepth 31 multipv 1 score cp 0 nodes 340267 nps 947818 hashfull 105 tbhits 0 time 359 pv f4d5 d6h2 g1h2 d7d5 c2c4 d5h5 h2g1 f7f5 d4d5 c6e5 d3b3 e5f3 g2f3 h5g6 g1h2 g6h5
[WORKER] 2026/03/06 14:41:21 worker.go:402: Получена строка от движка: info depth 15 seldepth 22 multipv 2 score cp -17 nodes 340267 nps 947818 hashfull 105 tbhits 0 time 359 pv c2c3 c6e7 f1e1 c7c6 e3d2 e7f5 f4h5 f5h4 h5g3 d6g3 h2g3 h4f5 b2b3
[WORKER] 2026/03/06 14:41:21 worker.go:402: Получена строка от движка: info depth 15 seldepth 25 multipv 3 score cp -26 nodes 340267 nps 947818 hashfull 105 tbhits 0 time 359 pv g2g3 d6f4 e3f4 e8e4 c2c3 a8e8 f4d2 c6e7 a1e1 e7f5 f2f3 e4e7 e1e7 e8e7 f1e1 e7e1 d2e1 d7e6 g1f2 f5d6 d3e2 e6e2 f2e2 c7c6
[WORKER] 2026/03/06 14:41:21 worker.go:402: Получена строка от движка: info depth 16 seldepth 28 multipv 1 score cp 5 nodes 462501 nps 930585 hashfull 141 tbhits 0 time 497 pv f4d5 d6h2 g1h2 d7d5 c2c4 d5h5 h2g1 a7a5 f1e1 c6b4 d3d2 h5g6 e3f4
[WORKER] 2026/03/06 14:41:21 worker.go:402: Получена строка от движка: info depth 16 seldepth 24 multipv 2 score cp -17 nodes 462501 nps 930585 hashfull 141 tbhits 0 time 497 pv c2c3 c6e7 f1e1 c7c6 e3d2 e7f5 f4h5 f5h4 h2h3 e8e1 a1e1 a8e8 e1e2 h4g6 b2b3 e8e2 d3e2
[WORKER] 2026/03/06 14:41:21 worker.go:402: Получена строка от движка: info depth 16 seldepth 33 multipv 3 score cp -24 nodes 462501 nps 928716 hashfull 141 tbhits 0 time 498 pv g2g3 d6f4 e3f4 c6e7 a1e1 e7g6 f4d2 h7h5 e1e8 a8e8 f1e1 e8e1 d2e1 d7a4
[WORKER] 2026/03/06 14:41:21 worker.go:402: Получена строка от движка: bestmove f4d5 ponder d6h2
[WORKER] 2026/03/06 14:41:21 worker.go:518: Анализ позиции: 2 тактических ходов из 41 возможных
[WORKER] 2026/03/06 14:41:21 worker.go:179: Полуход 27. Ход белых: 32.6 сек (оценка: 5)
[WORKER] 2026/03/06 14:41:21 worker.go:402: Получена строка от движка: info string Available processors: 0-11
[WORKER] 2026/03/06 14:41:21 worker.go:402: Получена строка от движка: info string Using 1 thread
[WORKER] 2026/03/06 14:41:21 worker.go:402: Получена строка от движка: info string NNUE evaluation using nn-c288c895ea92.nnue (125MiB, (102384, 1024, 15, 32, 1))
[WORKER] 2026/03/06 14:41:21 worker.go:402: Получена строка от движка: info string NNUE evaluation using nn-37f18f62d772.nnue (6MiB, (22528, 128, 15, 32, 1))
[WORKER] 2026/03/06 14:41:21 worker.go:402: Получена строка от движка: info string Network replica 1: Shared memory.
[WORKER] 2026/03/06 14:41:21 worker.go:402: Получена строка от движка: info depth 1 seldepth 5 multipv 1 score cp 30 nodes 199 nps 199000 hashfull 0 tbhits 0 time 1 pv c6b4
[WORKER] 2026/03/06 14:41:21 worker.go:402: Получена строка от движка: info depth 1 seldepth 5 multipv 2 score cp 17 nodes 199 nps 199000 hashfull 0 tbhits 0 time 1 pv c6e7
[WORKER] 2026/03/06 14:41:21 worker.go:402: Получена строка от движка: info depth 1 seldepth 5 multipv 3 score cp 11 nodes 199 nps 199000 hashfull 0 tbhits 0 time 1 pv d6f4 e3f4
[WORKER] 2026/03/06 14:41:21 worker.go:402: Получена строка от движка: info depth 2 seldepth 3 multipv 1 score cp 22 nodes 1119 nps 1119000 hashfull 0 tbhits 0 time 1 pv c6b4 d3d2
[WORKER] 2026/03/06 14:41:21 worker.go:402: Получена строка от движка: info depth 2 seldepth 17 multipv 2 score cp 17 nodes 1119 nps 1119000 hashfull 0 tbhits 0 time 1 pv c6e7 c2c3 c7c6 e3d2 e7f5 f4h5 f5h4 h2h3 e8e1 a1e1 a8e8 e1e2 h4g6 b2b3
[WORKER] 2026/03/06 14:41:21 worker.go:402: Получена строка от движка: info depth 2 seldepth 6 multipv 3 score cp 11 nodes 1119 nps 1119000 hashfull 0 tbhits 0 time 1 pv h7h6
[WORKER] 2026/03/06 14:41:21 worker.go:402: Получена строка от движка: info depth 3 seldepth 4 multipv 1 score cp 26 nodes 1281 nps 1281000 hashfull 0 tbhits 0 time 1 pv c6b4 d3d2
[WORKER] 2026/03/06 14:41:21 worker.go:402: Получена строка от движка: info depth 3 seldepth 4 multipv 2 score cp 17 nodes 1281 nps 1281000 hashfull 0 tbhits 0 time 1 pv c6e7 c2c3 c7c6
[WORKER] 2026/03/06 14:41:21 worker.go:402: Получена строка от движка: info depth 3 seldepth 5 multipv 3 score cp 15 nodes 1281 nps 1281000 hashfull 0 tbhits 0 time 1 pv d6f4 e3f4 c6e7 e1e2
[WORKER] 2026/03/06 14:41:21 worker.go:402: Получена строка от движка: info depth 4 seldepth 5 multipv 1 score cp 34 nodes 1468 nps 1468000 hashfull 0 tbhits 0 time 1 pv c6b4 d3d2
[WORKER] 2026/03/06 14:41:21 worker.go:402: Получена строка от движка: info depth 4 seldepth 6 multipv 2 score cp 17 nodes 1468 nps 1468000 hashfull 0 tbhits 0 time 1 pv c6e7 c2c3 c7c6 e3d2
[WORKER] 2026/03/06 14:41:21 worker.go:402: Получена строка от движка: info depth 4 seldepth 5 multipv 3 score cp 15 nodes 1468 nps 1468000 hashfull 0 tbhits 0 time 1 pv d6f4 e3f4 c6e7 e1e2
[WORKER] 2026/03/06 14:41:21 worker.go:402: Получена строка от движка: info depth 5 seldepth 7 multipv 1 score cp 43 nodes 1785 nps 1785000 hashfull 0 tbhits 0 time 1 pv c6b4 d3d2
[WORKER] 2026/03/06 14:41:21 worker.go:402: Получена строка от движка: info depth 5 seldepth 8 multipv 2 score cp 17 nodes 1785 nps 1785000 hashfull 0 tbhits 0 time 1 pv c6e7 c2c3 c7c6 e3d2 e7f5
[WORKER] 2026/03/06 14:41:21 worker.go:402: Получена строка от движка: info depth 5 seldepth 7 multipv 3 score cp 15 nodes 1785 nps 1785000 hashfull 0 tbhits 0 time 1 pv h7h6 c2c3 c6e7 e3d2
[WORKER] 2026/03/06 14:41:21 worker.go:402: Получена строка от движка: info depth 6 seldepth 7 multipv 1 score cp 59 nodes 2268 nps 1134000 hashfull 0 tbhits 0 time 2 pv c6b4 d3d2
[WORKER] 2026/03/06 14:41:21 worker.go:402: Получена строка от движка: info depth 6 seldepth 9 multipv 2 score cp 17 nodes 2268 nps 1134000 hashfull 0 tbhits 0 time 2 pv c6e7 c2c3 c7c6 e3d2 e7f5 f4h5
[WORKER] 2026/03/06 14:41:21 worker.go:402: Получена строка от движка: info depth 6 seldepth 10 multipv 3 score cp 15 nodes 2268 nps 1134000 hashfull 0 tbhits 0 time 2 pv d6f4 e3f4 c6e7 c2c3
[WORKER] 2026/03/06 14:41:21 worker.go:402: Получена строка от движка: info depth 7 seldepth 9 multipv 1 score cp 66 nodes 4997 nps 1249250 hashfull 0 tbhits 0 time 4 pv c6b4 d3d2 d7f5 e1e2 e8e4
[WORKER] 2026/03/06 14:41:21 worker.go:402: Получена строка от движка: info depth 7 seldepth 9 multipv 2 score cp 45 nodes 4997 nps 1249250 hashfull 0 tbhits 0 time 4 pv e8e4 f4d5 d6h2 g1h2 d7d5 c2c4
[WORKER] 2026/03/06 14:41:21 worker.go:402: Получена строка от движка: info depth 7 seldepth 10 multipv 3 score cp 16 nodes 4997 nps 1249250 hashfull 0 tbhits 0 time 4 pv c6e7 c2c3 c7c6 e3d2 e7f5 f4h5
[WORKER] 2026/03/06 14:41:21 worker.go:402: Получена строка от движка: info depth 8 seldepth 15 multipv 1 score cp 45 nodes 14880 nps 1144615 hashfull 5 tbhits 0 time 13 pv c6b4 d3d2 d7f5 e1c1 b4c6 c2c3 e8e4 g2g3 c6e7 c1e1 e7g6 f4g6 h7g6
[WORKER] 2026/03/06 14:41:21 worker.go:402: Получена строка от движка: info depth 8 seldepth 13 multipv 2 score cp 23 nodes 14880 nps 1144615 hashfull 5 tbhits 0 time 13 pv e8e4 f4d5 d6h2 g1h2 d7d5 f2f3 e4h4 h2g1
[WORKER] 2026/03/06 14:41:21 worker.go:402: Получена строка от движка: info depth 8 seldepth 17 multipv 3 score cp 21 nodes 14880 nps 1144615 hashfull 5 tbhits 0 time 13 pv c6e7 c2c3 c7c6 e3d2 e7f5 f4h5 f5h4
[WORKER] 2026/03/06 14:41:21 worker.go:402: Получена строка от движка: info depth 9 seldepth 18 multipv 1 score cp 54 nodes 22579 nps 1075190 hashfull 7 tbhits 0 time 21 pv c6b4 d3d2 d7f5 e1c1 e8e4 g2g3 a8e8 f4g2 h7h5 c2c3
[WORKER] 2026/03/06 14:41:21 worker.go:402: Получена строка от движка: info depth 9 seldepth 14 multipv 2 score cp 27 nodes 22579 nps 1075190 hashfull 7 tbhits 0 time 21 pv e8e4 f4d5 d6h2 g1h2 d7d5 f2f3 e4h4 h2g1 d5h5 g1f2 c6b4
[WORKER] 2026/03/06 14:41:21 worker.go:402: Получена строка от движка: info depth 9 seldepth 14 multipv 3 score cp 17 nodes 22579 nps 1075190 hashfull 7 tbhits 0 time 21 pv c6e7 c2c3 c7c6 e3d2 e7f5 f4h5 f5h4 h2h3 e8e1 a1e1 a8e8 e1e2
[WORKER] 2026/03/06 14:41:21 worker.go:402: Получена строка от движка: info depth 10 seldepth 25 multipv 1 score cp 44 nodes 38533 nps 988025 hashfull 17 tbhits 0 time 39 pv c6b4 d3d2 d7f5 e1c1 e8e4 g2g3 a8e8 c2c3 b4c6 c1e1 g7g5 f4g2 h7h6 d2d1 c6e7
[WORKER] 2026/03/06 14:41:21 worker.go:402: Получена строка от движка: info depth 10 seldepth 18 multipv 2 score cp 37 nodes 38533 nps 988025 hashfull 17 tbhits 0 time 39 pv e8e4 f4d5 d6h2 g1h2 e4h4 h2g1 d7d5 f2f3 d5h5 g1f2 a8d8 a1d1 c6e7
[WORKER] 2026/03/06 14:41:21 worker.go:402: Получена строка от движка: info depth 10 seldepth 16 multipv 3 score cp 20 nodes 38533 nps 988025 hashfull 17 tbhits 0 time 39 pv c6e7 c2c3 c7c6 e3d2 d6f4 d2f4 d7g4 d3g3 g4g3 h2g3 h7h5 a2a4
[WORKER] 2026/03/06 14:41:21 worker.go:402: Получена строка от движка: info depth 11 seldepth 23 multipv 1 score cp 53 nodes 73363 nps 928645 hashfull 27 tbhits 0 time 79 pv c6b4 d3d2 d7f5 e1c1 e8e4 g2g3 h7h5 f4g2 h5h4 c2c3 b4c6 g2h4 e4h4 g3h4 f5g4 g1f1 d6h2
[WORKER] 2026/03/06 14:41:21 worker.go:402: Получена строка от движка: info depth 11 seldepth 25 multipv 2 score cp 25 nodes 73363 nps 928645 hashfull 27 tbhits 0 time 79 pv e8e4 f4d5 d6h2 g1h2 d7d5 f2f3 d5h5 h2g1
[WORKER] 2026/03/06 14:41:21 worker.go:402: Получена строка от движка: info depth 11 seldepth 19 multipv 3 score cp 19 nodes 73363 nps 928645 hashfull 27 tbhits 0 time 79 pv c6e7 c2c3 c7c6 e3d2 d6f4 d2f4 d7g4 d3g3 g4g3 h2g3 h7h5 a2a4 e7g6
[WORKER] 2026/03/06 14:41:21 worker.go:402: Получена строка от движка: info depth 12 seldepth 21 multipv 1 score cp 63 nodes 93991 nps 930603 hashfull 34 tbhits 0 time 101 pv c6b4 d3d2 d7f5 e1c1 e8e4 g2g3 h7h5 f4g2 h5h4 c2c3
[WORKER] 2026/03/06 14:41:21 worker.go:402: Получена строка от движка: info depth 12 seldepth 28 multipv 2 score cp 38 nodes 93991 nps 930603 hashfull 34 tbhits 0 time 101 pv e8e4 f4d5 d6h2 g1h2 d7d5 f2f3 d5h5 h2g1 e4h4 g1f2 a8d8 c2c3
[WORKER] 2026/03/06 14:41:21 worker.go:402: Получена строка от движка: info depth 12 seldepth 18 multipv 3 score cp 15 nodes 93991 nps 930603 hashfull 34 tbhits 0 time 101 pv c6e7 c2c3 c7c6 e3d2 d6c7 b2b3 e7f5 f4h5 f7f6 h2h3
[WORKER] 2026/03/06 14:41:21 worker.go:402: Получена строка от движка: info depth 13 seldepth 32 multipv 1 score cp 64 nodes 166168 nps 888598 hashfull 60 tbhits 0 time 187 pv c6b4 d3d2 d7f5 e1c1 e8e4 g2g3 h7h5 f4g2 a8e8 c2c3 b4c6 d2d3
[WORKER] 2026/03/06 14:41:21 worker.go:402: Получена строка от движка: info depth 13 seldepth 27 multipv 2 score cp 52 nodes 166168 nps 888598 hashfull 60 tbhits 0 time 187 pv e8e4 f4d5 d6h2 g1h2 d7d5 f2f3 d5h5 h2g1 e4h4 g1f2 a8d8 a1d1
[WORKER] 2026/03/06 14:41:21 worker.go:402: Получена строка от движка: info depth 13 seldepth 17 multipv 3 score cp 17 nodes 166168 nps 888598 hashfull 60 tbhits 0 time 187 pv c6e7 c2c3 c7c6 e3d2 e7f5 f4h5 d6f8 h5g3 f5d6 d2f4 e8e1 a1e1 d6c4
[WORKER] 2026/03/06 14:41:22 worker.go:402: Получена строка от движка: info depth 14 seldepth 35 multipv 1 score cp 33 nodes 405740 nps 852394 hashfull 146 tbhits 0 time 476 pv e8e4 f4e2 a8e8 c2c3 d7f5 e2g3 d6g3 h2g3 c6e7 f2f3 e4e6 d3d2 e7g6
[WORKER] 2026/03/06 14:41:22 worker.go:402: Получена строка от движка: info depth 14 seldepth 27 multipv 2 score cp 30 nodes 405740 nps 852394 hashfull 146 tbhits 0 time 476 pv c6b4 d3d2 d7f5 e1c1 e8e4 f4e2 a8e8 e2g3 d6g3 h2g3 b4c6 c1e1 e4e6 e1e2 f5g6 e2e1
[WORKER] 2026/03/06 14:41:22 worker.go:402: Получена строка от движка: info depth 14 seldepth 23 multipv 3 score cp 17 nodes 405740 nps 852394 hashfull 146 tbhits 0 time 476 pv c6e7 c2c3 c7c6 e3d2 a7a6 h2h3 e7f5 f4h5 f5h4 a2a4 h7h6
[WORKER] 2026/03/06 14:41:22 worker.go:402: Получена строка от движка: info depth 15 seldepth 21 multipv 1 score cp 38 nodes 589509 nps 868201 hashfull 214 tbhits 0 time 679 pv c6b4 d3d2 d7f5 e1c1 h7h5 f4h3 b4c6 c1e1 f7f6 e3f4 d6f8 f4c7 g7g5 f2f3 e8e1 a1e1
[WORKER] 2026/03/06 14:41:22 worker.go:402: Получена строка от движка: info depth 15 seldepth 25 multipv 2 score cp 23 nodes 589509 nps 868201 hashfull 214 tbhits 0 time 679 pv e8e4 f4e2 a8e8 e2g3 e4e6 d3b5 d6f8 e3d2 e6e1 d2e1 h7h5 c2c3 h5h4 g3f1 h4h3
[WORKER] 2026/03/06 14:41:22 worker.go:402: Получена строка от движка: info depth 15 seldepth 20 multipv 3 score cp 14 nodes 589509 nps 868201 hashfull 214 tbhits 0 time 679 pv c6e7 e3d2 c7c6 h2h3 e7f5 c2c3 e8e1 a1e1 g7g6 g2g4 f5g7 d3f3 a8e8 e1e8 d7e8
[WORKER] 2026/03/06 14:41:22 worker.go:402: Получена строка от движка: info depth 16 seldepth 19 multipv 1 score cp 35 nodes 771146 nps 866456 hashfull 281 tbhits 0 time 890 pv c6b4 d3d2 d7f5 e1c1 h7h5 f4h3 b4c6 c1e1 f7f6 e3f4 d6f8 f4c7 g7g5 f2f3 e8e1 a1e1 a8c8 c7g3
[WORKER] 2026/03/06 14:41:22 worker.go:402: Получена строка от движка: info depth 16 seldepth 29 multipv 2 score cp 23 nodes 771146 nps 866456 hashfull 281 tbhits 0 time 890 pv e8e4 f4e2 c6b4 d3d2 a8e8 e2g3 e4e7 c2c3 b4c6 e3g5 e7e1 a1e1 e8e1 d2e1 f7f6 g5d2 a7a6 e1e3 d6g3 e3g3
[WORKER] 2026/03/06 14:41:22 worker.go:402: Получена строка от движка: info depth 16 seldepth 30 multipv 3 score cp 17 nodes 771146 nps 866456 hashfull 281 tbhits 0 time 890 pv c6e7 e3d2 c7c6 h2h3 e7f5 c2c3 f5h4 f4h5 h4g6 h5g3 e8e1 a1e1 a8e8 g3f5 e8e1 d2e1
[WORKER] 2026/03/06 14:41:22 worker.go:402: Получена строка от движка: bestmove c6b4 ponder d3d2
[WORKER] 2026/03/06 14:41:22 worker.go:518: Анализ позиции: 3 тактических ходов из 45 возможных
[WORKER] 2026/03/06 14:41:22 worker.go:179: Полуход 28. Ход черных: 12.9 сек (оценка: -35)
[WORKER] 2026/03/06 14:41:22 worker.go:402: Получена строка от движка: info string Available processors: 0-11
[WORKER] 2026/03/06 14:41:22 worker.go:402: Получена строка от движка: info string Using 1 thread
[WORKER] 2026/03/06 14:41:22 worker.go:402: Получена строка от движка: info string NNUE evaluation using nn-c288c895ea92.nnue (125MiB, (102384, 1024, 15, 32, 1))
[WORKER] 2026/03/06 14:41:22 worker.go:402: Получена строка от движка: info string NNUE evaluation using nn-37f18f62d772.nnue (6MiB, (22528, 128, 15, 32, 1))
[WORKER] 2026/03/06 14:41:22 worker.go:402: Получена строка от движка: info string Network replica 1: Shared memory.
[WORKER] 2026/03/06 14:41:22 worker.go:402: Получена строка от движка: info depth 1 seldepth 5 multipv 1 score cp -35 nodes 141 nps 141000 hashfull 0 tbhits 0 time 1 pv d3d2
[WORKER] 2026/03/06 14:41:22 worker.go:402: Получена строка от движка: info depth 1 seldepth 3 multipv 2 score cp -36 nodes 141 nps 141000 hashfull 0 tbhits 0 time 1 pv d3b3
[WORKER] 2026/03/06 14:41:22 worker.go:402: Получена строка от движка: info depth 1 seldepth 7 multipv 3 score cp -63 nodes 141 nps 141000 hashfull 0 tbhits 0 time 1 pv d3c3
[WORKER] 2026/03/06 14:41:22 worker.go:402: Получена строка от движка: info depth 2 seldepth 3 multipv 1 score cp -35 nodes 687 nps 687000 hashfull 0 tbhits 0 time 1 pv d3d2 d7f5
[WORKER] 2026/03/06 14:41:22 worker.go:402: Получена строка от движка: info depth 2 seldepth 8 multipv 2 score cp -65 nodes 687 nps 687000 hashfull 0 tbhits 0 time 1 pv d3c3
[WORKER] 2026/03/06 14:41:22 worker.go:402: Получена строка от движка: info depth 2 seldepth 3 multipv 3 score cp -70 nodes 687 nps 687000 hashfull 0 tbhits 0 time 1 pv d3b3 d7f5
[WORKER] 2026/03/06 14:41:22 worker.go:402: Получена строка от движка: info depth 3 seldepth 4 multipv 1 score cp -35 nodes 1143 nps 1143000 hashfull 0 tbhits 0 time 1 pv d3d2 d7f5 e1c1
[WORKER] 2026/03/06 14:41:22 worker.go:402: Получена строка от движка: info depth 3 seldepth 8 multipv 2 score cp -77 nodes 1143 nps 1143000 hashfull 0 tbhits 0 time 1 pv d3b3 d7f5
[WORKER] 2026/03/06 14:41:22 worker.go:402: Получена строка от движка: info depth 3 seldepth 5 multipv 3 score cp -82 nodes 1143 nps 1143000 hashfull 0 tbhits 0 time 1 pv d3c3 d7a4 f4d3
[WORKER] 2026/03/06 14:41:22 worker.go:402: Получена строка от движка: info depth 4 seldepth 5 multipv 1 score cp -35 nodes 1930 nps 965000 hashfull 0 tbhits 0 time 2 pv d3d2 d7f5 e1c1 h7h5
[WORKER] 2026/03/06 14:41:22 worker.go:402: Получена строка от движка: info depth 4 seldepth 6 multipv 2 score cp -75 nodes 1930 nps 965000 hashfull 0 tbhits 0 time 2 pv d3b3 d7f5 e1e2 a7a5
[WORKER] 2026/03/06 14:41:22 worker.go:402: Получена строка от движка: info depth 4 seldepth 7 multipv 3 score cp -192 nodes 1930 nps 965000 hashfull 0 tbhits 0 time 2 pv d3e2
[WORKER] 2026/03/06 14:41:22 worker.go:402: Получена строка от движка: info depth 5 seldepth 6 multipv 1 score cp -35 nodes 3352 nps 1117333 hashfull 0 tbhits 0 time 3 pv d3d2 d7f5 e1c1 h7h5 f4d3
[WORKER] 2026/03/06 14:41:22 worker.go:402: Получена строка от движка: info depth 5 seldepth 12 multipv 2 score cp -111 nodes 3352 nps 1117333 hashfull 0 tbhits 0 time 3 pv d3b3 d7f5 e1e2 a7a5
[WORKER] 2026/03/06 14:41:22 worker.go:402: Получена строка от движка: info depth 5 seldepth 7 multipv 3 score cp -155 nodes 3352 nps 1117333 hashfull 0 tbhits 0 time 3 pv d3c3
[WORKER] 2026/03/06 14:41:22 worker.go:402: Получена строка от движка: info depth 6 seldepth 10 multipv 1 score cp -41 nodes 5298 nps 1324500 hashfull 1 tbhits 0 time 4 pv d3d2 d7f5 e1c1 h7h5 f4h3
[WORKER] 2026/03/06 14:41:22 worker.go:402: Получена строка от движка: info depth 6 seldepth 10 multipv 2 score cp -64 nodes 5298 nps 1324500 hashfull 1 tbhits 0 time 4 pv d3b3 d7f5 f4d3 b4d3 b3d3 f5d3 c2d3
[WORKER] 2026/03/06 14:41:22 worker.go:402: Получена строка от движка: info depth 6 seldepth 10 multipv 3 score cp -83 nodes 5298 nps 1324500 hashfull 1 tbhits 0 time 4 pv d3c3 d7f5 f4d3 b4d3 c3d3 f5d3 c2d3 c7c6 e1e2
[WORKER] 2026/03/06 14:41:22 worker.go:402: Получена строка от движка: info depth 7 seldepth 8 multipv 1 score cp -45 nodes 6417 nps 1283400 hashfull 1 tbhits 0 time 5 pv d3d2 d7f5 e1c1 h7h5 f4h3 b4c6 c1e1
[WORKER] 2026/03/06 14:41:22 worker.go:402: Получена строка от движка: info depth 7 seldepth 11 multipv 2 score cp -82 nodes 6417 nps 1283400 hashfull 1 tbhits 0 time 5 pv d3c3 d7f5 e1c1 h7h5 f4h3 b4c6 c3d2
[WORKER] 2026/03/06 14:41:22 worker.go:402: Получена строка от движка: info depth 7 seldepth 10 multipv 3 score cp -83 nodes 6417 nps 1283400 hashfull 1 tbhits 0 time 5 pv d3b3 d7f5 f4d3 b4d3 b3d3 f5d3 c2d3
[WORKER] 2026/03/06 14:41:22 worker.go:402: Получена строка от движка: info depth 8 seldepth 16 multipv 1 score cp -39 nodes 10356 nps 1294500 hashfull 2 tbhits 0 time 8 pv d3d2 d7f5 e1c1 h7h5 f4h3 b4c6 c1e1
[WORKER] 2026/03/06 14:41:22 worker.go:402: Получена строка от движка: info depth 8 seldepth 13 multipv 2 score cp -87 nodes 10356 nps 1294500 hashfull 2 tbhits 0 time 8 pv d3b3 d7f5 f4d3 b4d3 c2d3 b7b6 b3b5 h7h5
[WORKER] 2026/03/06 14:41:22 worker.go:402: Получена строка от движка: info depth 8 seldepth 14 multipv 3 score cp -99 nodes 10356 nps 1294500 hashfull 2 tbhits 0 time 8 pv d3c3 d7f5 f4d3 b4d3 c3d3 f5d3 c2d3 a7a5 e3d2 a5a4
[WORKER] 2026/03/06 14:41:22 worker.go:402: Получена строка от движка: info depth 9 seldepth 12 multipv 1 score cp -37 nodes 15471 nps 1190076 hashfull 3 tbhits 0 time 13 pv d3d2 d7f5 e1c1 h7h5 f4h3 b4c6 c2c3
[WORKER] 2026/03/06 14:41:22 worker.go:402: Получена строка от движка: info depth 9 seldepth 19 multipv 2 score cp -85 nodes 15471 nps 1190076 hashfull 3 tbhits 0 time 13 pv d3b3 d7f5 f4d3 b4d3 c2d3 a8b8 e3d2 c7c6 a2a4 h7h5 h2h3 g8h7 e1e8
[WORKER] 2026/03/06 14:41:22 worker.go:402: Получена строка от движка: info depth 9 seldepth 18 multipv 3 score cp -109 nodes 15471 nps 1190076 hashfull 3 tbhits 0 time 13 pv d3c3 d7f5 f4d3 b4d3 c3d3 f5d3 c2d3 f7f6 a2a4 h7h5
[WORKER] 2026/03/06 14:41:22 worker.go:402: Получена строка от движка: info depth 10 seldepth 24 multipv 1 score cp -44 nodes 39792 nps 1020307 hashfull 8 tbhits 0 time 39 pv d3d2 d7f5 e1c1 h7h5 f4h3 b4c6 c1e1 d6b4
[WORKER] 2026/03/06 14:41:22 worker.go:402: Получена строка от движка: info depth 10 seldepth 18 multipv 2 score cp -92 nodes 39792 nps 1020307 hashfull 8 tbhits 0 time 39 pv d3b3 d7f5 e1c1 h7h5 a2a3 d6f4 a3b4 f4d6
[WORKER] 2026/03/06 14:41:22 worker.go:402: Получена строка от движка: info depth 10 seldepth 16 multipv 3 score cp -95 nodes 39792 nps 1020307 hashfull 8 tbhits 0 time 39 pv d3c3 d7f5 f4d3 b4d3 c3d3 f5d3 c2d3 f7f6 g2g3 g8f7 e3d2 c7c6 g1g2
[WORKER] 2026/03/06 14:41:22 worker.go:402: Получена строка от движка: info depth 11 seldepth 33 multipv 1 score cp -61 nodes 92526 nps 973957 hashfull 23 tbhits 0 time 95 pv d3d2 d7f5 e1c1 h7h5 f4h3 b4c6 f2f3 e8e6 e3f4 a8e8 f4d6 e6e2
[WORKER] 2026/03/06 14:41:22 worker.go:402: Получена строка от движка: info depth 11 seldepth 21 multipv 2 score cp -86 nodes 92526 nps 973957 hashfull 23 tbhits 0 time 95 pv d3b3 d7f5 f4d3 b4d3 b3d3 f5d3 c2d3 f7f6 g2g3 h7h5 e3d2
[WORKER] 2026/03/06 14:41:22 worker.go:402: Получена строка от движка: info depth 11 seldepth 23 multipv 3 score cp -94 nodes 92526 nps 973957 hashfull 23 tbhits 0 time 95 pv d3c3 d7f5 f4d3 a7a5 e3d2 b4d3 c3d3 f5d3 c2d3 e8e1 a1e1 a5a4 g1f1 f7f6
[WORKER] 2026/03/06 14:41:22 worker.go:402: Получена строка от движка: info depth 12 seldepth 24 multipv 1 score cp -63 nodes 144763 nps 952388 hashfull 40 tbhits 0 time 152 pv d3d2 d7f5 e1c1 h7h5 f4h3 b4c6 f2f3 e8e6 e3f4 a8e8 f4d6 e6e2 d2f4 f5g6 f4g3 g6d6
[WORKER] 2026/03/06 14:41:22 worker.go:402: Получена строка от движка: info depth 12 seldepth 19 multipv 2 score cp -71 nodes 144763 nps 952388 hashfull 40 tbhits 0 time 152 pv d3b3 d7f5 f4d3 b4d3 c2d3 a8b8 e3d2 e8e1 a1e1 h7h5 h2h3 g8h7 a2a3 c7c6 d2b4 d6f4
[WORKER] 2026/03/06 14:41:22 worker.go:402: Получена строка от движка: info depth 12 seldepth 26 multipv 3 score cp -109 nodes 144763 nps 952388 hashfull 40 tbhits 0 time 152 pv d3c3 d7f5 f4d3 b4d3 c3d3 f5d3 c2d3 a7a5 g1f1 a5a4 g2g3 f7f6 a1b1
[WORKER] 2026/03/06 14:41:22 worker.go:402: Получена строка от движка: info depth 13 seldepth 15 multipv 1 score cp -63 nodes 177807 nps 950839 hashfull 50 tbhits 0 time 187 pv d3d2 d7f5 e1c1 h7h5 f4h3 b4c6 f2f3 e8e6 e3f4 a8e8 f4d6 e6e2 d2f4 f5g6
[WORKER] 2026/03/06 14:41:22 worker.go:402: Получена строка от движка: info depth 13 seldepth 27 multipv 2 score cp -78 nodes 177807 nps 950839 hashfull 50 tbhits 0 time 187 pv d3b3 d7f5 f4d3 b4d3 c2d3 e8e6 b3b7 a8f8 b7a7 e6g6 a7a4 f5f3
[WORKER] 2026/03/06 14:41:22 worker.go:402: Получена строка от движка: info depth 13 seldepth 20 multipv 3 score cp -112 nodes 177807 nps 950839 hashfull 50 tbhits 0 time 187 pv d3c3 d7f5 f4d3 b4d3 c3d3 f5d3 c2d3 a7a5 g1f1 g8f8 a1b1 a5a4 g2g3 f7f6 b2b3 a4b3 b1b3
[WORKER] 2026/03/06 14:41:22 worker.go:402: Получена строка от движка: info depth 14 seldepth 18 multipv 1 score cp -63 nodes 206883 nps 944671 hashfull 61 tbhits 0 time 219 pv d3d2 d7f5 e1c1 h7h5 f4h3 b4c6 f2f3 e8e6 e3f4 a8e8 f4d6 e6e2 d2f4 f5g6 f4g3 g6d6
[WORKER] 2026/03/06 14:41:22 worker.go:402: Получена строка от движка: info depth 14 seldepth 24 multipv 2 score cp -76 nodes 206883 nps 944671 hashfull 61 tbhits 0 time 219 pv d3b3 d7f5 f4d3 b4d3 c2d3 b7b6 e3d2 h7h5 a2a3 e8e6 e1e6 f7e6 a1e1 h5h4
[WORKER] 2026/03/06 14:41:22 worker.go:402: Получена строка от движка: info depth 14 seldepth 26 multipv 3 score cp -106 nodes 206883 nps 944671 hashfull 61 tbhits 0 time 219 pv d3c3 d7f5 f4d3 b4d3 c3d3 f5d3 c2d3 a7a5 g1f1 a5a4 g2g3 g8f8 a1b1 a8a6 f1e2 h7h5 e2d1 a6c6
[WORKER] 2026/03/06 14:41:22 worker.go:402: Получена строка от движка: info depth 15 seldepth 33 multipv 1 score cp -53 nodes 392863 nps 886823 hashfull 130 tbhits 0 time 443 pv d3d2 d7f5 e1c1 h7h5 a2a3 b4c6 c1e1 f7f6 f4d3 g7g5 f2f3 h5h4 e3f2 h4h3
[WORKER] 2026/03/06 14:41:22 worker.go:402: Получена строка от движка: info depth 15 seldepth 28 multipv 2 score cp -76 nodes 392863 nps 886823 hashfull 130 tbhits 0 time 443 pv d3b3 d7f5 f4d3 b4d3 c2d3 e8b8 e3d2 a7a5 b3c2 f5f6
[WORKER] 2026/03/06 14:41:22 worker.go:402: Получена строка от движка: info depth 15 seldepth 21 multipv 3 score cp -112 nodes 392863 nps 886823 hashfull 130 tbhits 0 time 443 pv d3c3 d7f5 f4d3 b4d3 c3d3 f5d3 c2d3 a7a5 g1f1 a5a4 g2g3 g8f8 e3d2 a8a6 d2c3 a6c6
[WORKER] 2026/03/06 14:41:22 worker.go:402: Получена строка от движка: info depth 16 seldepth 27 multipv 1 score cp -57 nodes 451639 nps 889053 hashfull 150 tbhits 0 time 508 pv d3d2 d7f5 e1c1 h7h5 a2a3 b4c6 c1e1 e8e4 f4e2 a8e8 d2d3 f5g6 h2h3 e8e6 g1h1 h5h4 e2c3 c6d4 c3e4
[WORKER] 2026/03/06 14:41:22 worker.go:402: Получена строка от движка: info depth 16 seldepth 26 multipv 2 score cp -80 nodes 451639 nps 889053 hashfull 150 tbhits 0 time 508 pv d3b3 d7f5 f4d3 b4d3 c2d3 e8b8 e3d2 a7a5 a2a4 a8a6 h2h3 h7h5 b3c2 b8a8 e1e3
[WORKER] 2026/03/06 14:41:22 worker.go:402: Получена строка от движка: info depth 16 seldepth 25 multipv 3 score cp -100 nodes 451639 nps 889053 hashfull 150 tbhits 0 time 508 pv d3c3 d7f5 f4d3 b4d3 c3d3 f5d3 c2d3 a7a5 g1f1 a5a4 h2h3 g8f8
[WORKER] 2026/03/06 14:41:22 worker.go:402: Получена строка от движка: bestmove d3d2 ponder d7f5
[WORKER] 2026/03/06 14:41:22 worker.go:518: Анализ позиции: 2 тактических ходов из 42 возможных
[WORKER] 2026/03/06 14:41:22 worker.go:179: Полуход 29. Ход белых: 9.3 сек (оценка: -57)
[WORKER] 2026/03/06 14:41:22 worker.go:402: Получена строка от движка: info string Available processors: 0-11
[WORKER] 2026/03/06 14:41:22 worker.go:402: Получена строка от движка: info string Using 1 thread
[WORKER] 2026/03/06 14:41:22 worker.go:402: Получена строка от движка: info string NNUE evaluation using nn-c288c895ea92.nnue (125MiB, (102384, 1024, 15, 32, 1))
[WORKER] 2026/03/06 14:41:22 worker.go:402: Получена строка от движка: info string NNUE evaluation using nn-37f18f62d772.nnue (6MiB, (22528, 128, 15, 32, 1))
[WORKER] 2026/03/06 14:41:22 worker.go:402: Получена строка от движка: info string Network replica 1: Shared memory.
[WORKER] 2026/03/06 14:41:22 worker.go:402: Получена строка от движка: info depth 1 seldepth 5 multipv 1 score cp 80 nodes 200 nps 200000 hashfull 0 tbhits 0 time 1 pv d7f5
[WORKER] 2026/03/06 14:41:22 worker.go:402: Получена строка от движка: info depth 1 seldepth 5 multipv 2 score cp 54 nodes 200 nps 200000 hashfull 0 tbhits 0 time 1 pv d7c6
[WORKER] 2026/03/06 14:41:22 worker.go:402: Получена строка от движка: info depth 1 seldepth 2 multipv 3 score cp 48 nodes 200 nps 200000 hashfull 0 tbhits 0 time 1 pv a7a5
[WORKER] 2026/03/06 14:41:22 worker.go:402: Получена строка от движка: info depth 2 seldepth 4 multipv 1 score cp 80 nodes 1601 nps 1601000 hashfull 0 tbhits 0 time 1 pv d7f5 f4d3
[WORKER] 2026/03/06 14:41:22 worker.go:402: Получена строка от движка: info depth 2 seldepth 9 multipv 2 score cp 20 nodes 1601 nps 1601000 hashfull 0 tbhits 0 time 1 pv a7a5 a2a3
[WORKER] 2026/03/06 14:41:22 worker.go:402: Получена строка от движка: info depth 2 seldepth 9 multipv 3 score cp 15 nodes 1601 nps 1601000 hashfull 0 tbhits 0 time 1 pv d7c6 e1c1
[WORKER] 2026/03/06 14:41:22 worker.go:402: Получена строка от движка: info depth 3 seldepth 5 multipv 1 score cp 80 nodes 1859 nps 929500 hashfull 0 tbhits 0 time 2 pv d7f5 f4d3 b4d3
[WORKER] 2026/03/06 14:41:22 worker.go:402: Получена строка от движка: info depth 3 seldepth 5 multipv 2 score cp 20 nodes 1859 nps 929500 hashfull 0 tbhits 0 time 2 pv a7a5 a2a3 a5a4
[WORKER] 2026/03/06 14:41:22 worker.go:402: Получена строка от движка: info depth 3 seldepth 4 multipv 3 score cp 14 nodes 1859 nps 929500 hashfull 0 tbhits 0 time 2 pv d7c6 e1c1 a7a5
[WORKER] 2026/03/06 14:41:22 worker.go:402: Получена строка от движка: info depth 4 seldepth 5 multipv 1 score cp 80 nodes 3162 nps 1581000 hashfull 0 tbhits 0 time 2 pv d7f5 f4d3 b4d3 c2d3
[WORKER] 2026/03/06 14:41:22 worker.go:402: Получена строка от движка: info depth 4 seldepth 6 multipv 2 score cp 27 nodes 3162 nps 1581000 hashfull 0 tbhits 0 time 2 pv a7a5 a2a3 a5a4 b3c3
[WORKER] 2026/03/06 14:41:22 worker.go:402: Получена строка от движка: info depth 4 seldepth 7 multipv 3 score cp 5 nodes 3162 nps 1581000 hashfull 0 tbhits 0 time 2 pv d7c6 e1c1 a7a5 c2c3 d6f4 e3f4
[WORKER] 2026/03/06 14:41:22 worker.go:402: Получена строка от движка: info depth 5 seldepth 6 multipv 1 score cp 80 nodes 5373 nps 1791000 hashfull 0 tbhits 0 time 3 pv d7f5 f4d3 b4d3 c2d3 e8e6
[WORKER] 2026/03/06 14:41:22 worker.go:402: Получена строка от движка: info depth 5 seldepth 8 multipv 2 score cp 24 nodes 5373 nps 1791000 hashfull 0 tbhits 0 time 3 pv d7c6 e1c1 a7a5 c2c3
[WORKER] 2026/03/06 14:41:22 worker.go:402: Получена строка от движка: info depth 5 seldepth 9 multipv 3 score cp 0 nodes 5373 nps 1791000 hashfull 0 tbhits 0 time 3 pv a7a5 a2a3 a5a4 b3c3 d6f4 e3f4
[WORKER] 2026/03/06 14:41:22 worker.go:402: Получена строка от движка: info depth 6 seldepth 16 multipv 1 score cp 55 nodes 8380 nps 1676000 hashfull 0 tbhits 0 time 5 pv d7f5 f4d3 b4d3 c2d3 e8e6 b3b7
[WORKER] 2026/03/06 14:41:22 worker.go:402: Получена строка от движка: info depth 6 seldepth 8 multipv 2 score cp 33 nodes 8380 nps 1676000 hashfull 0 tbhits 0 time 5 pv d7c6 e1c1 a7a5 a2a3
[WORKER] 2026/03/06 14:41:22 worker.go:402: Получена строка от движка: info depth 6 seldepth 11 multipv 3 score cp 8 nodes 8380 nps 1676000 hashfull 0 tbhits 0 time 5 pv c7c6 a2a3 d7f5 a3b4 d6f4 e3f4 f5f4
[WORKER] 2026/03/06 14:41:22 worker.go:402: Получена строка от движка: info depth 7 seldepth 8 multipv 1 score cp 66 nodes 13321 nps 1480111 hashfull 0 tbhits 0 time 9 pv d7f5 f4d3 b4d3 c2d3 e8e6 b3b7
[WORKER] 2026/03/06 14:41:22 worker.go:402: Получена строка от движка: info depth 7 seldepth 11 multipv 2 score cp 28 nodes 13321 nps 1480111 hashfull 0 tbhits 0 time 9 pv a7a5 a2a3 a5a4 b3c3 b4c6 c3d3
[WORKER] 2026/03/06 14:41:22 worker.go:402: Получена строка от движка: info depth 7 seldepth 11 multipv 3 score cp 10 nodes 13321 nps 1480111 hashfull 0 tbhits 0 time 9 pv c7c6 c2c3 d6f4 e3f4 b4d3 e1e8 a8e8 f4e3
[WORKER] 2026/03/06 14:41:22 worker.go:402: Получена строка от движка: info depth 8 seldepth 9 multipv 1 score cp 62 nodes 20649 nps 1214647 hashfull 2 tbhits 0 time 17 pv d7f5 f4d3 b4d3 c2d3 e8e6 b3b7 a8f8 h2h3
[WORKER] 2026/03/06 14:41:22 worker.go:402: Получена строка от движка: info depth 8 seldepth 19 multipv 2 score cp 33 nodes 20649 nps 1214647 hashfull 2 tbhits 0 time 17 pv a7a5 a2a3 a5a4 b3c3 b4c6 c3d3 c6e7 g2g3 c7c6 e3d2 d6f4 d2f4
[WORKER] 2026/03/06 14:41:22 worker.go:402: Получена строка от движка: info depth 8 seldepth 14 multipv 3 score cp 19 nodes 20649 nps 1214647 hashfull 2 tbhits 0 time 17 pv d7c6 a1c1 a7a5 c2c3 a5a4 b3d1 d6f4 c3b4
[WORKER] 2026/03/06 14:41:23 worker.go:402: Получена строка от движка: info depth 9 seldepth 15 multipv 1 score cp 66 nodes 42793 nps 1097256 hashfull 5 tbhits 0 time 39 pv d7f5 f4d3 b4d3 c2d3 e8e6 b3b7 a8f8 h2h3 h7h6
[WORKER] 2026/03/06 14:41:23 worker.go:402: Получена строка от движка: info depth 9 seldepth 19 multipv 2 score cp 19 nodes 42793 nps 1097256 hashfull 5 tbhits 0 time 39 pv d7c6 a1c1 a7a5 c2c3 a5a4 b3d1 d6f4 c3b4
[WORKER] 2026/03/06 14:41:23 worker.go:402: Получена строка от движка: info depth 9 seldepth 17 multipv 3 score cp 11 nodes 42793 nps 1097256 hashfull 5 tbhits 0 time 39 pv g7g6 f4d3 b4d3 b3d3 a8d8 g2g3 g8g7 c2c3 a7a5
[WORKER] 2026/03/06 14:41:23 worker.go:402: Получена строка от движка: info depth 10 seldepth 11 multipv 1 score cp 77 nodes 73517 nps 1035450 hashfull 15 tbhits 0 time 71 pv d7f5 f4d3 b4d3 c2d3 e8e6 b3b7 a8f8 h2h3
[WORKER] 2026/03/06 14:41:23 worker.go:402: Получена строка от движка: info depth 10 seldepth 20 multipv 2 score cp 22 nodes 73517 nps 1035450 hashfull 15 tbhits 0 time 71 pv h7h6 a2a3 d7f5 a3b4 d6f4 e3f4 f5f4 b3d5
[WORKER] 2026/03/06 14:41:23 worker.go:402: Получена строка от движка: info depth 10 seldepth 22 multipv 3 score cp 17 nodes 73517 nps 1035450 hashfull 15 tbhits 0 time 71 pv d7c6 a1c1 a7a5 c2c3 a5a4 b3d1 d6f4 c3b4 c6h6 e3f4 e8e1 d1e1 h6f4 g2g3 f4d6 c1c5 g7g6 a2a3 c7c6 c5c3
[WORKER] 2026/03/06 14:41:23 worker.go:402: Получена строка от движка: info depth 11 seldepth 15 multipv 1 score cp 80 nodes 99056 nps 1010775 hashfull 23 tbhits 0 time 98 pv d7f5 f4d3 b4d3 c2d3 e8b8 e3d2 a7a5 a2a4 a8a6 h2h3 h7h6
[WORKER] 2026/03/06 14:41:23 worker.go:402: Получена строка от движка: info depth 11 seldepth 20 multipv 2 score cp 36 nodes 99056 nps 1010775 hashfull 23 tbhits 0 time 98 pv d7c6 e1c1 c6c4 b3c4 d5c4 c2c3 d6f4 c3b4 e8e3 f2e3 f4e3 g1f1 e3c1 a1c1 b7b5 b2b3 c4b3 a2b3
[WORKER] 2026/03/06 14:41:23 worker.go:402: Получена строка от движка: info depth 11 seldepth 19 multipv 3 score cp 16 nodes 99056 nps 1010775 hashfull 23 tbhits 0 time 98 pv e8e4 g2g3 d7f5 c2c3 d6f4 e3f4 b4c2 e1e4 f5e4 b3b7
[WORKER] 2026/03/06 14:41:23 worker.go:402: Получена строка от движка: info depth 12 seldepth 23 multipv 1 score cp 78 nodes 147535 nps 970625 hashfull 38 tbhits 0 time 152 pv d7f5 f4d3 b4d3 c2d3 e8b8 e3d2 a7a5 a2a3 a5a4
[WORKER] 2026/03/06 14:41:23 worker.go:402: Получена строка от движка: info depth 12 seldepth 19 multipv 2 score cp 36 nodes 147535 nps 970625 hashfull 38 tbhits 0 time 152 pv d7c6 e1c1 c6c4 b3c4 d5c4 c2c3 d6f4 c3b4 e8e3 f2e3 f4e3 g1f1 e3c1 a1c1 b7b5 b2b3 c4b3 a2b3
[WORKER] 2026/03/06 14:41:23 worker.go:402: Получена строка от движка: info depth 12 seldepth 29 multipv 3 score cp 25 nodes 147535 nps 970625 hashfull 38 tbhits 0 time 152 pv e8e4 f4e2 a7a5 a2a3 a5a4 b3c3 b4c6 c3d3 e4e8 e3d2 c6e7 d2f4 e7f5 e2g3 f5g3 h2g3 d6f4 g3f4
[WORKER] 2026/03/06 14:41:23 worker.go:402: Получена строка от движка: info depth 13 seldepth 17 multipv 1 score cp 79 nodes 229202 nps 947115 hashfull 61 tbhits 0 time 242 pv d7f5 f4d3 b4d3 c2d3 e8b8 e3d2 a7a5 a2a3 c7c6 b3b6 h7h5 d2a5
[WORKER] 2026/03/06 14:41:23 worker.go:402: Получена строка от движка: info depth 13 seldepth 30 multipv 2 score cp 22 nodes 229202 nps 947115 hashfull 61 tbhits 0 time 242 pv e8e4 f4e2 a7a5 a2a3 a5a4 b3c3 b4c6 c3d3 e4e8 e3d2 c6e7 e2g3 d6g3 h2g3 e7f5 d2b4 e8e1
[WORKER] 2026/03/06 14:41:23 worker.go:402: Получена строка от движка: info depth 13 seldepth 25 multipv 3 score cp 14 nodes 229202 nps 947115 hashfull 61 tbhits 0 time 242 pv d7c6 a1c1 d6f4 e3f4 e8e1 c1e1 a7a5 e1d1 a8e8 f4d2 c6c2 b3c2 b4c2 d2a5 c7c6
[WORKER] 2026/03/06 14:41:23 worker.go:402: Получена строка от движка: info depth 14 seldepth 19 multipv 1 score cp 76 nodes 419689 nps 906455 hashfull 131 tbhits 0 time 463 pv d7f5 f4d3 b4d3 c2d3 e8b8 e3d2 a7a5 a2a3 c7c6 h2h3 h7h5 b3c2
[WORKER] 2026/03/06 14:41:23 worker.go:402: Получена строка от движка: info depth 14 seldepth 27 multipv 2 score cp 18 nodes 419689 nps 906455 hashfull 131 tbhits 0 time 463 pv d7c6 e1c1 c6c4 b3c4 d5c4 c2c3 d6f4 c3b4 e8e3 f2e3 f4e3 g1f1 e3c1 a1c1 b7b5 b2b3 c4b3 a2b3 h7h6
[WORKER] 2026/03/06 14:41:23 worker.go:402: Получена строка от движка: info depth 14 seldepth 30 multipv 3 score cp 11 nodes 419689 nps 906455 hashfull 131 tbhits 0 time 463 pv e8e4 g2g3 a7a5 a2a3 a5a4 b3c3 b4c6 f4d5 d6g3 f2g3 d7d5 e3f2 e4g4
[WORKER] 2026/03/06 14:41:23 worker.go:402: Получена строка от движка: info depth 15 seldepth 30 multipv 1 score cp 75 nodes 641006 nps 896511 hashfull 205 tbhits 0 time 715 pv d7f5 f4d3 b4d3 c2d3 e8b8 e3d2 a7a5 a2a3 c7c6 h2h3 h7h5 b3c2 f5f6 e1e2 b8e8
[WORKER] 2026/03/06 14:41:23 worker.go:402: Получена строка от движка: info depth 15 seldepth 33 multipv 2 score cp 17 nodes 641006 nps 896511 hashfull 205 tbhits 0 time 715 pv d7c6 a1c1 d6f4 e3f4 e8e1 c1e1 b4c2 e1c1 a8e8 f4e5 c2d4 c1c6 d4b3 c6c7 f7f6 a2b3 f6e5 c7b7
[WORKER] 2026/03/06 14:41:23 worker.go:402: Получена строка от движка: info depth 15 seldepth 36 multipv 3 score cp 17 nodes 641006 nps 896511 hashfull 205 tbhits 0 time 715 pv e8e4 g2g3 a7a5 a2a3 a5a4 b3c3 b4c6 f4d5 a8e8 d5f4 d6f4 e3f4 e4e1 a1e1 e8e1 c3e1 c6d4
[WORKER] 2026/03/06 14:41:23 worker.go:402: Получена строка от движка: info depth 16 seldepth 29 multipv 1 score cp 77 nodes 870375 nps 878279 hashfull 285 tbhits 0 time 991 pv d7f5 f4d3 b4d3 c2d3 e8b8 a2a3 a7a5 h2h3 c7c6 e1e2 h7h5 a1e1 a5a4
[WORKER] 2026/03/06 14:41:23 worker.go:402: Получена строка от движка: info depth 16 seldepth 35 multipv 2 score cp 21 nodes 870375 nps 878279 hashfull 285 tbhits 0 time 991 pv d7c6 a1c1 d6f4 e3f4 c6c4 e1e8 a8e8 b3a4 c7c6 f4e3 b4a2 a4c4 d5c4 c1a1 a2b4 a1a7 b7b5 c2c3 b4d3 a7c7 d3b2 c7c6
[WORKER] 2026/03/06 14:41:23 worker.go:402: Получена строка от движка: info depth 16 seldepth 33 multipv 3 score cp 10 nodes 870375 nps 878279 hashfull 285 tbhits 0 time 991 pv h7h6 e3d2 e8e1 a1e1 a7a5 a2a3 a5a4 b3c3 b4c6 c3d3 c6e7 g2g3 d6f4 d2f4 c7c6 f4d2
[WORKER] 2026/03/06 14:41:23 worker.go:402: Получена строка от движка: bestmove d7f5 ponder f4d3
[WORKER] 2026/03/06 14:41:23 worker.go:518: Анализ позиции: 4 тактических ходов из 46 возможных
[WORKER] 2026/03/06 14:41:23 worker.go:179: Полуход 30. Ход черных: 14.2 сек (оценка: -77)
[WORKER] 2026/03/06 14:41:23 worker.go:402: Получена строка от движка: info string Available processors: 0-11
[WORKER] 2026/03/06 14:41:23 worker.go:402: Получена строка от движка: info string Using 1 thread
[WORKER] 2026/03/06 14:41:23 worker.go:402: Получена строка от движка: info string NNUE evaluation using nn-c288c895ea92.nnue (125MiB, (102384, 1024, 15, 32, 1))
[WORKER] 2026/03/06 14:41:23 worker.go:402: Получена строка от движка: info string NNUE evaluation using nn-37f18f62d772.nnue (6MiB, (22528, 128, 15, 32, 1))
[WORKER] 2026/03/06 14:41:23 worker.go:402: Получена строка от движка: info string Network replica 1: Shared memory.
[WORKER] 2026/03/06 14:41:23 worker.go:402: Получена строка от движка: info depth 1 seldepth 6 multipv 1 score cp -51 nodes 154 nps 154000 hashfull 0 tbhits 0 time 1 pv a1c1
[WORKER] 2026/03/06 14:41:23 worker.go:402: Получена строка от движка: info depth 1 seldepth 6 multipv 2 score cp -56 nodes 154 nps 154000 hashfull 0 tbhits 0 time 1 pv e1e2
[WORKER] 2026/03/06 14:41:23 worker.go:402: Получена строка от движка: info depth 1 seldepth 4 multipv 3 score cp -77 nodes 154 nps 154000 hashfull 0 tbhits 0 time 1 pv f4d3 b4d3
[WORKER] 2026/03/06 14:41:23 worker.go:402: Получена строка от движка: info depth 2 seldepth 9 multipv 1 score cp -26 nodes 808 nps 808000 hashfull 0 tbhits 0 time 1 pv a1c1 d6f4 b3b4
[WORKER] 2026/03/06 14:41:23 worker.go:402: Получена строка от движка: info depth 2 seldepth 6 multipv 2 score cp -78 nodes 808 nps 808000 hashfull 0 tbhits 0 time 1 pv f4d3 b4d3
[WORKER] 2026/03/06 14:41:23 worker.go:402: Получена строка от движка: info depth 2 seldepth 6 multipv 3 score cp -82 nodes 808 nps 808000 hashfull 0 tbhits 0 time 1 pv e1c1 a7a5
[WORKER] 2026/03/06 14:41:23 worker.go:402: Получена строка от движка: info depth 3 seldepth 5 multipv 1 score cp -60 nodes 1463 nps 1463000 hashfull 0 tbhits 0 time 1 pv a1c1 a7a5
[WORKER] 2026/03/06 14:41:23 worker.go:402: Получена строка от движка: info depth 3 seldepth 7 multipv 2 score cp -77 nodes 1463 nps 1463000 hashfull 0 tbhits 0 time 1 pv f4d3 b4d3 c2d3
[WORKER] 2026/03/06 14:41:23 worker.go:402: Получена строка от движка: info depth 3 seldepth 6 multipv 3 score cp -97 nodes 1463 nps 1463000 hashfull 0 tbhits 0 time 1 pv e1c1 d6f4 e3f4
[WORKER] 2026/03/06 14:41:23 worker.go:402: Получена строка от движка: info depth 4 seldepth 8 multipv 1 score cp -77 nodes 1979 nps 989500 hashfull 0 tbhits 0 time 2 pv f4d3 b4d3 c2d3 e8b8 a2a3 a7a5 h2h3
[WORKER] 2026/03/06 14:41:23 worker.go:402: Получена строка от движка: info depth 4 seldepth 6 multipv 2 score cp -89 nodes 1979 nps 989500 hashfull 0 tbhits 0 time 2 pv a1c1 a7a5 a2a3 a5a4
[WORKER] 2026/03/06 14:41:23 worker.go:402: Получена строка от движка: info depth 4 seldepth 6 multipv 3 score cp -99 nodes 1979 nps 989500 hashfull 0 tbhits 0 time 2 pv e1c1 d6f4 e3f4 e8e2
[WORKER] 2026/03/06 14:41:23 worker.go:402: Получена строка от движка: info depth 5 seldepth 6 multipv 1 score cp -77 nodes 2270 nps 1135000 hashfull 0 tbhits 0 time 2 pv f4d3 b4d3 c2d3 e8b8 a2a3
[WORKER] 2026/03/06 14:41:23 worker.go:402: Получена строка от движка: info depth 5 seldepth 7 multipv 2 score cp -92 nodes 2270 nps 1135000 hashfull 0 tbhits 0 time 2 pv a1c1 a7a5 a2a3 a5a4 b3c3
[WORKER] 2026/03/06 14:41:23 worker.go:402: Получена строка от движка: info depth 5 seldepth 10 multipv 3 score cp -100 nodes 2270 nps 1135000 hashfull 0 tbhits 0 time 2 pv e1c1 d6f4 e3f4 e8e2 b3b4 f5f4
[WORKER] 2026/03/06 14:41:23 worker.go:402: Получена строка от движка: info depth 6 seldepth 7 multipv 1 score cp -77 nodes 3789 nps 1263000 hashfull 0 tbhits 0 time 3 pv f4d3 b4d3 c2d3 e8b8 a2a3 a7a5
[WORKER] 2026/03/06 14:41:23 worker.go:402: Получена строка от движка: info depth 6 seldepth 8 multipv 2 score cp -93 nodes 3789 nps 1263000 hashfull 0 tbhits 0 time 3 pv e1c1 d6f4 e3f4 e8e2 b3b4 f5f4
[WORKER] 2026/03/06 14:41:23 worker.go:402: Получена строка от движка: info depth 6 seldepth 11 multipv 3 score cp -193 nodes 3789 nps 1263000 hashfull 0 tbhits 0 time 3 pv a1c1 a7a5 c2c3 a5a4 b3d1 b4a2 g2g4 f5f6 f4h5 f6h4
[WORKER] 2026/03/06 14:41:23 worker.go:402: Получена строка от движка: info depth 7 seldepth 8 multipv 1 score cp -77 nodes 7602 nps 1267000 hashfull 1 tbhits 0 time 6 pv f4d3 b4d3 c2d3 e8b8 a2a3 a7a5 h2h3
[WORKER] 2026/03/06 14:41:23 worker.go:402: Получена строка от движка: info depth 7 seldepth 12 multipv 2 score cp -98 nodes 7602 nps 1267000 hashfull 1 tbhits 0 time 6 pv e1c1 a7a5 a2a3 a5a4 b3c3 b4c6 c3d3 f5d3 f4d3
[WORKER] 2026/03/06 14:41:23 worker.go:402: Получена строка от движка: info depth 7 seldepth 11 multipv 3 score cp -184 nodes 7602 nps 1267000 hashfull 1 tbhits 0 time 6 pv a1c1 a7a5 b3a4 b4c2 a4c2 f5c2 c1c2 d6f4 c2e2
[WORKER] 2026/03/06 14:41:23 worker.go:402: Получена строка от движка: info depth 8 seldepth 12 multipv 1 score cp -77 nodes 14804 nps 1138769 hashfull 3 tbhits 0 time 13 pv e1c1 a7a5 a2a3 a5a4 b3c3 d6f4 e3f4 f5f4 c3b4
[WORKER] 2026/03/06 14:41:23 worker.go:402: Получена строка от движка: info depth 8 seldepth 12 multipv 2 score cp -83 nodes 14804 nps 1138769 hashfull 3 tbhits 0 time 13 pv f4d3 b4d3 c2d3 e8b8 h2h3 a7a5 b3c2
[WORKER] 2026/03/06 14:41:23 worker.go:402: Получена строка от движка: info depth 8 seldepth 19 multipv 3 score cp -175 nodes 14804 nps 1138769 hashfull 3 tbhits 0 time 13 pv a1c1 a7a5 b3a4 b4c2 c1c2 d6f4 c2c5 b7b6 c5c1 f4d6 e3d2 e8e1 c1e1
[WORKER] 2026/03/06 14:41:23 worker.go:402: Получена строка от движка: info depth 9 seldepth 16 multipv 1 score cp -80 nodes 25058 nps 963769 hashfull 5 tbhits 0 time 26 pv f4d3 b4d3 c2d3 e8b8 h2h3 c7c6
[WORKER] 2026/03/06 14:41:23 worker.go:402: Получена строка от движка: info depth 9 seldepth 17 multipv 2 score cp -83 nodes 25058 nps 963769 hashfull 5 tbhits 0 time 26 pv e1c1 a7a5 a2a3 a5a4 b3c3 b4c6 f4e2 h7h5
[WORKER] 2026/03/06 14:41:23 worker.go:402: Получена строка от движка: info depth 9 seldepth 16 multipv 3 score cp -180 nodes 25058 nps 963769 hashfull 5 tbhits 0 time 26 pv a1c1 a7a5 c2c3 a5a4 b3d1 b4a2 c1a1 d6f4 e3f4 e8e1 d1e1 f5f4 a1a2 g7g6 g2g3
[WORKER] 2026/03/06 14:41:24 worker.go:402: Получена строка от движка: info depth 10 seldepth 12 multipv 1 score cp -82 nodes 41483 nps 768203 hashfull 11 tbhits 0 time 54 pv f4d3 b4d3 c2d3 e8b8 h2h3 c7c6 e3d2 a7a5 e1e3
[WORKER] 2026/03/06 14:41:24 worker.go:402: Получена строка от движка: info depth 10 seldepth 20 multipv 2 score cp -89 nodes 41483 nps 768203 hashfull 11 tbhits 0 time 54 pv e1c1 a7a5 a2a3 a5a4 b3c3 b4c6 f4d3 c6a5 g2g3 h7h5
[WORKER] 2026/03/06 14:41:24 worker.go:402: Получена строка от движка: info depth 10 seldepth 22 multipv 3 score cp -201 nodes 41483 nps 768203 hashfull 11 tbhits 0 time 54 pv a1c1 a7a5 b3a4 b7b5 a4b5 c7c6 b5e2 d6f4 a2a3 f4e3 a3b4
[WORKER] 2026/03/06 14:41:24 worker.go:402: Получена строка от движка: info depth 11 seldepth 15 multipv 1 score cp -84 nodes 48046 nps 750718 hashfull 13 tbhits 0 time 64 pv f4d3 b4d3 c2d3 e8b8 a2a3 a7a5 h2h3 c7c6 e1e2 a5a4 b3c2 b8e8 a1e1 h7h5
[WORKER] 2026/03/06 14:41:24 worker.go:402: Получена строка от движка: info depth 11 seldepth 17 multipv 2 score cp -90 nodes 48046 nps 750718 hashfull 13 tbhits 0 time 64 pv e1c1 a7a5 a2a3 a5a4 b3c3 b4c6 f4d3 e8e6 c1e1 h7h5 h2h3 e6g6 g1h1 a8e8 c3d2
[WORKER] 2026/03/06 14:41:24 worker.go:402: Получена строка от движка: info depth 11 seldepth 17 multipv 3 score cp -165 nodes 48046 nps 750718 hashfull 13 tbhits 0 time 64 pv a1c1 a7a5 c2c3 a5a4 b3d1 b4a2 c1a1 d6f4 e3f4 f5f4
[WORKER] 2026/03/06 14:41:24 worker.go:402: Получена строка от движка: info depth 12 seldepth 18 multipv 1 score cp -77 nodes 88146 nps 740722 hashfull 24 tbhits 0 time 119 pv f4d3 b4d3 c2d3 e8b8 a2a3 c7c6 e3d2 a7a5 e1e3 a5a4 b3c2 b8e8 a1e1 e8e3 e1e3
[WORKER] 2026/03/06 14:41:24 worker.go:402: Получена строка от движка: info depth 12 seldepth 28 multipv 2 score cp -97 nodes 88146 nps 734550 hashfull 24 tbhits 0 time 120 pv e1c1 a7a5 a2a3 a5a4 b3c3 b4c6 f4d3 e8e4 c1e1 a8e8 h2h3 e8e6 d3c5 d6c5 c3c5 e6g6
[WORKER] 2026/03/06 14:41:24 worker.go:402: Получена строка от движка: info depth 12 seldepth 26 multipv 3 score cp -160 nodes 88146 nps 734550 hashfull 24 tbhits 0 time 120 pv a1c1 a7a5 c2c3 a5a4 b3d1 b4a2 c1a1 d6f4 e3f4 e8e1 d1e1 f5f4 a1a2 g7g6 g2g3 f4e4 e1e4 d5e4 b2b3
[WORKER] 2026/03/06 14:41:24 worker.go:402: Получена строка от движка: info depth 13 seldepth 17 multipv 1 score cp -80 nodes 115116 nps 747506 hashfull 29 tbhits 0 time 154 pv f4d3 b4d3 c2d3 e8b8 a2a3 a7a5 h2h3 c7c6 b3c2 h7h6 e1e2 a5a4 a1e1
[WORKER] 2026/03/06 14:41:24 worker.go:402: Получена строка от движка: info depth 13 seldepth 25 multipv 2 score cp -104 nodes 115116 nps 747506 hashfull 29 tbhits 0 time 154 pv e1c1 h7h5 a2a3 d6f4 e3f4 f5f4 a3b4 e8e2 c1f1 f4d4 a1d1 d4c4 b3c4 d5c4
[WORKER] 2026/03/06 14:41:24 worker.go:402: Получена строка от движка: info depth 13 seldepth 29 multipv 3 score cp -159 nodes 115116 nps 747506 hashfull 29 tbhits 0 time 154 pv a1c1 a7a5 c2c3 a5a4 b3d1 b4a2 c1a1 d6f4 e3f4 e8e1 d1e1 f5f4 a1a2 h7h5 a2a1 f4e4 e1e4 d5e4 a1a3 a8a6
[WORKER] 2026/03/06 14:41:24 worker.go:402: Получена строка от движка: info depth 14 seldepth 28 multipv 1 score cp -75 nodes 199784 nps 786551 hashfull 63 tbhits 0 time 254 pv f4d3 b4d3 c2d3 e8b8 e3d2 a7a5 a2a3 h7h6 e1e3 a5a4 b3c2 b8e8 a1e1 e8e3 f2e3 a8a6 d2c3 f5h5 g2g3
[WORKER] 2026/03/06 14:41:24 worker.go:402: Получена строка от движка: info depth 14 seldepth 29 multipv 2 score cp -104 nodes 199784 nps 786551 hashfull 63 tbhits 0 time 254 pv e1c1 h7h5 f4h3 b4c6 c2c3 f7f6 c1e1 c6a5 b3d1 a5c4 b2b3 c4e3 e1e3 e8e3 f2e3
[WORKER] 2026/03/06 14:41:24 worker.go:402: Получена строка от движка: info depth 14 seldepth 31 multipv 3 score cp -174 nodes 199784 nps 786551 hashfull 63 tbhits 0 time 254 pv a1c1 a7a5 c2c3 a5a4 b3d1 b4a2 c1a1 d6f4 e3f4 e8e1 d1e1 f5f4 a1a2 g7g6 g2g3 f4e4 e1e4 d5e4 c3c4 f7f5 g1f1
[WORKER] 2026/03/06 14:41:24 worker.go:402: Получена строка от движка: info depth 15 seldepth 22 multipv 1 score cp -79 nodes 272570 nps 783247 hashfull 86 tbhits 0 time 348 pv f4d3 b4d3 c2d3 e8b8 e3d2 a7a5 a2a3 b7b5 e1e3 h7h6 h2h3 b5b4 a3b4 a5b4 a1a8
[WORKER] 2026/03/06 14:41:24 worker.go:402: Получена строка от движка: info depth 15 seldepth 36 multipv 2 score cp -99 nodes 272570 nps 783247 hashfull 86 tbhits 0 time 348 pv e1c1 a7a5 a2a3 a5a4 b3c3 b4c6 f4d3 e8e4 c1f1 a8e8 d3c5 d6c5 c3c5 e8e6 a1e1 h7h5 c5c3 e6g6
[WORKER] 2026/03/06 14:41:24 worker.go:402: Получена строка от движка: info depth 15 seldepth 30 multipv 3 score cp -170 nodes 272570 nps 783247 hashfull 86 tbhits 0 time 348 pv a1c1 a7a5 c2c3 a5a4 b3d1 b4a2 c1a1 d6f4 e3f4 e8e1 d1e1 f5f4 a1a2 b7b5 a2a1 c7c6 e1e2 h7h6 g2g3
[WORKER] 2026/03/06 14:41:24 worker.go:402: Получена строка от движка: info depth 16 seldepth 30 multipv 1 score cp -75 nodes 475704 nps 796824 hashfull 165 tbhits 0 time 597 pv f4d3 b4d3 c2d3 e8b8 e3d2 a7a5 a2a3 h7h6 h2h3 c7c6 e1e3 f5f6 b3c3 b8e8 c3b3 e8e3 d2e3 f6e7 e3d2
[WORKER] 2026/03/06 14:41:24 worker.go:402: Получена строка от движка: info depth 16 seldepth 39 multipv 2 score cp -102 nodes 475704 nps 796824 hashfull 165 tbhits 0 time 597 pv e1c1 h7h5 h2h3 a7a5 a2a3 a5a4 b3c3 b4c6 c3d3 f5d3 f4d3 e8e4 d3c5 d6c5 d4c5 f7f6
[WORKER] 2026/03/06 14:41:24 worker.go:402: Получена строка от движка: info depth 16 seldepth 29 multipv 3 score cp -166 nodes 475704 nps 795491 hashfull 165 tbhits 0 time 598 pv a1c1 a7a5 c2c3 a5a4 b3d1 b4a2 c1a1 d6f4 e3f4 e8e1 d1e1 f5f4 a1a2 f4e4 e1e4 d5e4 c3c4 f7f5 a2a3 a8a6 g1f1 g8f7 f1e2 f7e6
[WORKER] 2026/03/06 14:41:24 worker.go:402: Получена строка от движка: bestmove f4d3 ponder b4d3
[WORKER] 2026/03/06 14:41:24 worker.go:518: Анализ позиции: 3 тактических ходов из 35 возможных
[WORKER] 2026/03/06 14:41:24 worker.go:179: Полуход 31. Ход белых: 15.7 сек (оценка: -75)
[WORKER] 2026/03/06 14:41:24 worker.go:402: Получена строка от движка: info string Available processors: 0-11
[WORKER] 2026/03/06 14:41:24 worker.go:402: Получена строка от движка: info string Using 1 thread
[WORKER] 2026/03/06 14:41:24 worker.go:402: Получена строка от движка: info string NNUE evaluation using nn-c288c895ea92.nnue (125MiB, (102384, 1024, 15, 32, 1))
[WORKER] 2026/03/06 14:41:24 worker.go:402: Получена строка от движка: info string NNUE evaluation using nn-37f18f62d772.nnue (6MiB, (22528, 128, 15, 32, 1))
[WORKER] 2026/03/06 14:41:24 worker.go:402: Получена строка от движка: info string Network replica 1: Shared memory.
[WORKER] 2026/03/06 14:41:24 worker.go:402: Получена строка от движка: info depth 1 seldepth 7 multipv 1 score cp 166 nodes 169 nps 169000 hashfull 0 tbhits 0 time 1 pv a7a5
[WORKER] 2026/03/06 14:41:24 worker.go:402: Получена строка от движка: info depth 1 seldepth 2 multipv 2 score cp 96 nodes 169 nps 169000 hashfull 0 tbhits 0 time 1 pv h7h5
[WORKER] 2026/03/06 14:41:24 worker.go:402: Получена строка от движка: info depth 1 seldepth 4 multipv 3 score cp 86 nodes 169 nps 169000 hashfull 0 tbhits 0 time 1 pv d6f4 b3b4
[WORKER] 2026/03/06 14:41:24 worker.go:402: Получена строка от движка: info depth 2 seldepth 3 multipv 1 score cp 166 nodes 805 nps 402500 hashfull 0 tbhits 0 time 2 pv a7a5 c2c3
[WORKER] 2026/03/06 14:41:24 worker.go:402: Получена строка от движка: info depth 2 seldepth 8 multipv 2 score cp 93 nodes 805 nps 402500 hashfull 0 tbhits 0 time 2 pv h7h5 a2a3
[WORKER] 2026/03/06 14:41:24 worker.go:402: Получена строка от движка: info depth 2 seldepth 7 multipv 3 score cp 84 nodes 805 nps 402500 hashfull 0 tbhits 0 time 2 pv d6f4 b3b4
[WORKER] 2026/03/06 14:41:24 worker.go:402: Получена строка от движка: info depth 3 seldepth 5 multipv 1 score cp 166 nodes 1602 nps 801000 hashfull 0 tbhits 0 time 2 pv a7a5 c2c3 a5a4
[WORKER] 2026/03/06 14:41:24 worker.go:402: Получена строка от движка: info depth 3 seldepth 8 multipv 2 score cp 69 nodes 1602 nps 801000 hashfull 0 tbhits 0 time 2 pv d6f4 b3b4
[WORKER] 2026/03/06 14:41:24 worker.go:402: Получена строка от движка: info depth 3 seldepth 6 multipv 3 score cp 66 nodes 1602 nps 801000 hashfull 0 tbhits 0 time 2 pv h7h5 a2a3 d6f4 b3b4
[WORKER] 2026/03/06 14:41:24 worker.go:402: Получена строка от движка: info depth 4 seldepth 6 multipv 1 score cp 166 nodes 2826 nps 942000 hashfull 0 tbhits 0 time 3 pv a7a5 c2c3 a5a4 b3d1
[WORKER] 2026/03/06 14:41:24 worker.go:402: Получена строка от движка: info depth 4 seldepth 7 multipv 2 score cp 52 nodes 2826 nps 942000 hashfull 0 tbhits 0 time 3 pv h7h5 a2a3 d6f4 b3b4
[WORKER] 2026/03/06 14:41:24 worker.go:402: Получена строка от движка: info depth 4 seldepth 8 multipv 3 score cp 47 nodes 2826 nps 942000 hashfull 0 tbhits 0 time 3 pv c7c6
[WORKER] 2026/03/06 14:41:24 worker.go:402: Получена строка от движка: info depth 5 seldepth 6 multipv 1 score cp 166 nodes 4429 nps 1107250 hashfull 0 tbhits 0 time 4 pv a7a5 c2c3 a5a4 b3d1 b4a2
[WORKER] 2026/03/06 14:41:24 worker.go:402: Получена строка от движка: info depth 5 seldepth 8 multipv 2 score cp 84 nodes 4429 nps 1107250 hashfull 0 tbhits 0 time 4 pv b4c2 c1c2 d6f4 c2c5 f4e3 f2e3
[WORKER] 2026/03/06 14:41:24 worker.go:402: Получена строка от движка: info depth 5 seldepth 9 multipv 3 score cp 53 nodes 4429 nps 1107250 hashfull 0 tbhits 0 time 4 pv b7b6 a2a3 d6f4 b3b4 f4e3 e1e3 e8e3 f2e3
[WORKER] 2026/03/06 14:41:24 worker.go:402: Получена строка от движка: info depth 6 seldepth 8 multipv 1 score cp 166 nodes 5982 nps 997000 hashfull 0 tbhits 0 time 6 pv a7a5 c2c3 a5a4 b3d1 b4a2 c1a1
[WORKER] 2026/03/06 14:41:24 worker.go:402: Получена строка от движка: info depth 6 seldepth 7 multipv 2 score cp 83 nodes 5982 nps 997000 hashfull 0 tbhits 0 time 6 pv b4c2 c1c2 d6f4 c2c5 f4e3 f2e3
[WORKER] 2026/03/06 14:41:24 worker.go:402: Получена строка от движка: info depth 6 seldepth 12 multipv 3 score cp 62 nodes 5982 nps 997000 hashfull 0 tbhits 0 time 6 pv b7b6 f4d3 b4d3 b3d3 e8e4 e3d2
[WORKER] 2026/03/06 14:41:24 worker.go:402: Получена строка от движка: info depth 7 seldepth 9 multipv 1 score cp 166 nodes 7587 nps 1083857 hashfull 0 tbhits 0 time 7 pv a7a5 c2c3 a5a4 b3d1 b4a2 c1a1 d6f4
[WORKER] 2026/03/06 14:41:24 worker.go:402: Получена строка от движка: info depth 7 seldepth 9 multipv 2 score cp 55 nodes 7587 nps 1083857 hashfull 0 tbhits 0 time 7 pv g7g6 g2g3 a7a5 a2a4 e8e4
[WORKER] 2026/03/06 14:41:24 worker.go:402: Получена строка от движка: info depth 7 seldepth 9 multipv 3 score cp 52 nodes 7587 nps 1083857 hashfull 0 tbhits 0 time 7 pv b4c2 c1c2 d6f4 c2c5 f4e3 f2e3
[WORKER] 2026/03/06 14:41:24 worker.go:402: Получена строка от движка: info depth 8 seldepth 19 multipv 1 score cp 166 nodes 12396 nps 1126909 hashfull 1 tbhits 0 time 11 pv a7a5 c2c3 a5a4 b3d1 b4a2 c1a1 d6f4 e3f4 e8e1 d1e1 a2b4
[WORKER] 2026/03/06 14:41:24 worker.go:402: Получена строка от движка: info depth 8 seldepth 11 multipv 2 score cp 147 nodes 12396 nps 1126909 hashfull 1 tbhits 0 time 11 pv b4c2 b3c2
[WORKER] 2026/03/06 14:41:24 worker.go:402: Получена строка от движка: info depth 8 seldepth 12 multipv 3 score cp 55 nodes 12396 nps 1126909 hashfull 1 tbhits 0 time 11 pv a8d8 g2g3 d6f4 b3b4 f4e3 e1e3 e8e3 f2e3 d8e8 b4b7
[WORKER] 2026/03/06 14:41:24 worker.go:402: Получена строка от движка: info depth 9 seldepth 19 multipv 1 score cp 166 nodes 15006 nps 1071857 hashfull 1 tbhits 0 time 14 pv a7a5 c2c3 a5a4 b3d1 b4a2 c1a1 d6f4 e3f4 e8e1 d1e1 f5f4 a1a2 f4e4 e1e4 d5e4 c3c4
[WORKER] 2026/03/06 14:41:24 worker.go:402: Получена строка от движка: info depth 9 seldepth 22 multipv 2 score cp 125 nodes 15006 nps 1071857 hashfull 1 tbhits 0 time 14 pv b4c2 c1c2 f5f4 g2g3 f4f5 c2e2 b7b6 b3b5 a8d8 a2a4 e8e4 e3d2 e4e2 b5e2
[WORKER] 2026/03/06 14:41:24 worker.go:402: Получена строка от движка: info depth 9 seldepth 12 multipv 3 score cp 63 nodes 15006 nps 1071857 hashfull 1 tbhits 0 time 14 pv b7b6 f4d3 b4d3 b3d3 e8e4
[WORKER] 2026/03/06 14:41:24 worker.go:402: Получена строка от движка: info depth 10 seldepth 17 multipv 1 score cp 166 nodes 20783 nps 1039150 hashfull 1 tbhits 0 time 20 pv a7a5 c2c3 a5a4 b3d1 b4a2 c1a1 d6f4 e3f4 e8e1 d1e1 f5f4 a1a2 f4e4 e1e4 d5e4 c3c4
[WORKER] 2026/03/06 14:41:24 worker.go:402: Получена строка от движка: info depth 10 seldepth 15 multipv 2 score cp 134 nodes 20783 nps 1039150 hashfull 1 tbhits 0 time 20 pv b4c2 c1c2 f5f4 g2g3 f4f5 c2e2 b7b6 e3d2 e8e2 e1e2 h7h5 b3b5
[WORKER] 2026/03/06 14:41:24 worker.go:402: Получена строка от движка: info depth 10 seldepth 18 multipv 3 score cp 68 nodes 20783 nps 1039150 hashfull 1 tbhits 0 time 20 pv g7g5 f4h5 f5g6 h5g3 a7a5 e3d2 e8e1 d2e1 a5a4 b3f3 g5g4 f3e2 b4a2 c1a1 a2b4 e1b4 d6b4
[WORKER] 2026/03/06 14:41:24 worker.go:402: Получена строка от движка: info depth 11 seldepth 19 multipv 1 score cp 166 nodes 33588 nps 987882 hashfull 7 tbhits 0 time 34 pv a7a5 c2c3 a5a4 b3d1 b4a2 c1a1 d6f4 e3f4 e8e1 d1e1 f5f4 a1a2 f4e4 e1e4 d5e4 c3c4 f7f5 a2a3
[WORKER] 2026/03/06 14:41:24 worker.go:402: Получена строка от движка: info depth 11 seldepth 18 multipv 2 score cp 133 nodes 33588 nps 987882 hashfull 7 tbhits 0 time 34 pv b4c2 c1c2 f5f4 g2g3 f4f5 c2e2 b7b6 e3d2 e8e2 e1e2 a8d8
[WORKER] 2026/03/06 14:41:24 worker.go:402: Получена строка от движка: info depth 11 seldepth 18 multipv 3 score cp 61 nodes 33588 nps 987882 hashfull 7 tbhits 0 time 34 pv b7b6 c2c3 d6f4 c3b4 f4d6 e3d2 e8e1 c1e1
[WORKER] 2026/03/06 14:41:24 worker.go:402: Получена строка от движка: info depth 12 seldepth 22 multipv 1 score cp 166 nodes 47819 nps 975897 hashfull 12 tbhits 0 time 49 pv a7a5 c2c3 a5a4 b3d1 b4a2 c1a1 d6f4 e3f4 e8e1 d1e1 a2b4
[WORKER] 2026/03/06 14:41:24 worker.go:402: Получена строка от движка: info depth 12 seldepth 21 multipv 2 score cp 140 nodes 47819 nps 975897 hashfull 12 tbhits 0 time 49 pv b4c2 c1c2 f5f4 g2g3 f4f5 c2e2 b7b6 e3d2 e8e2 e1e2 h7h5 h2h4 a8c8 g1g2
[WORKER] 2026/03/06 14:41:24 worker.go:402: Получена строка от движка: info depth 12 seldepth 16 multipv 3 score cp 61 nodes 47819 nps 975897 hashfull 12 tbhits 0 time 49 pv g7g5 f4e2 a7a5 e2g3 f5g6 a2a4 h7h5 g3f1 g5g4 e3d2 h5h4
[WORKER] 2026/03/06 14:41:24 worker.go:402: Получена строка от движка: info depth 13 seldepth 31 multipv 1 score cp 174 nodes 76090 nps 951125 hashfull 19 tbhits 0 time 80 pv a7a5 c2c3 a5a4 b3d1 b4a2 c1a1 d6f4 e3f4 e8e1 d1e1 f5f4 a1a2 f4e4 e1e4 d5e4 c3c4 f7f5 a2a3 a8a6
[WORKER] 2026/03/06 14:41:24 worker.go:402: Получена строка от движка: info depth 13 seldepth 31 multipv 2 score cp 143 nodes 76090 nps 951125 hashfull 19 tbhits 0 time 80 pv b4c2 c1c2 f5f4 g2g3 f4f5 c2e2 a8b8 e3d2 e8e2 e1e2 f5g4 b3e3 c7c6 g1g2 h7h5
[WORKER] 2026/03/06 14:41:24 worker.go:402: Получена строка от движка: info depth 13 seldepth 19 multipv 3 score cp 73 nodes 76090 nps 951125 hashfull 19 tbhits 0 time 80 pv g7g5 f4e2 a7a5 e2g3 f5g6 a2a4 h7h5 g3f1 g5g4 e3d2 e8e1 c1e1
[WORKER] 2026/03/06 14:41:24 worker.go:402: Получена строка от движка: info depth 14 seldepth 36 multipv 1 score cp 193 nodes 119481 nps 926209 hashfull 32 tbhits 0 time 129 pv a7a5 c2c3 a5a4 b3d1 b4a2 c1a1 d6f4 e3f4 e8e1 d1e1 f5f4 a1a2 g8f8 a2a1 g7g6 e1d1 f4e4 g2g3 b7b5 d1f1 c7c6
[WORKER] 2026/03/06 14:41:24 worker.go:402: Получена строка от движка: info depth 14 seldepth 23 multipv 2 score cp 123 nodes 119481 nps 926209 hashfull 32 tbhits 0 time 129 pv b4c2 c1c2 f5f4 g2g3 f4f3 c2c3 a8b8 e3d2 e8e1 d2e1 f3e4 b3d1 e4f5 c3e3 h7h5 g1g2 h5h4 h2h3
[WORKER] 2026/03/06 14:41:24 worker.go:402: Получена строка от движка: info depth 14 seldepth 29 multipv 3 score cp 72 nodes 119481 nps 926209 hashfull 32 tbhits 0 time 129 pv g7g5 f4h5 f5g6 h5g3 a7a5 a2a4 h7h5 h2h3 e8e6 e3d2 a8e8 e1e6 e8e6 b3f3
[WORKER] 2026/03/06 14:41:24 worker.go:402: Получена строка от движка: info depth 15 seldepth 33 multipv 1 score cp 175 nodes 217188 nps 904950 hashfull 70 tbhits 0 time 240 pv a7a5 c2c3 a5a4 b3d1 b4a2 c1a1 d6f4 e3f4 e8e1 d1e1 f5f4 a1a2 b7b5 a2a1 c7c6 g2g3
[WORKER] 2026/03/06 14:41:24 worker.go:402: Получена строка от движка: info depth 15 seldepth 27 multipv 2 score cp 150 nodes 217188 nps 904950 hashfull 70 tbhits 0 time 240 pv b4c2 c1c2 f5f4 g2g3 f4f3 b3b7 h7h5 b7a6 h5h4 a6e2 f3e4 e2d1 h4h3 f2f3 e4f5 e3f2 a7a5 e1e8 a8e8 g1f1 a5a4
[WORKER] 2026/03/06 14:41:24 worker.go:402: Получена строка от движка: info depth 15 seldepth 29 multipv 3 score cp 54 nodes 217188 nps 904950 hashfull 70 tbhits 0 time 240 pv h7h5 c2c3 d6f4 b3b4 f4d6 b4b5 e8e6
[WORKER] 2026/03/06 14:41:24 worker.go:402: Получена строка от движка: info depth 16 seldepth 33 multipv 1 score cp 167 nodes 301898 nps 885331 hashfull 99 tbhits 0 time 341 pv a7a5 c2c3 a5a4 b3d1 b4a2 c1a1 d6f4 e3f4 e8e1 d1e1 f5f4 a1a2 b7b5 a2a1 c7c6 e1e2
[WORKER] 2026/03/06 14:41:24 worker.go:402: Получена строка от движка: info depth 16 seldepth 30 multipv 2 score cp 148 nodes 301898 nps 885331 hashfull 99 tbhits 0 time 341 pv b4c2 c1c2 f5f4 g2g3 f4f3 b3b7 h7h5 b7b5 h5h4 b5e2 f3e4 e2d1 a7a5 a2a4 h4h3
[WORKER] 2026/03/06 14:41:24 worker.go:402: Получена строка от движка: info depth 16 seldepth 27 multipv 3 score cp 77 nodes 301898 nps 885331 hashfull 99 tbhits 0 time 341 pv h7h5 c2c3 b4a2 b3a2 d6f4 e3f4 f5f4 e1e8 a8e8 c1f1 f4d2 a2d5 e8e1 g2g3 e1f1 g1f1
[WORKER] 2026/03/06 14:41:24 worker.go:402: Получена строка от движка: bestmove a7a5 ponder c2c3
[WORKER] 2026/03/06 14:41:24 worker.go:518: Анализ позиции: 6 тактических ходов из 49 возможных
[WORKER] 2026/03/06 14:41:24 worker.go:179: Полуход 32. Ход черных: 19.4 сек (оценка: -167)
[WORKER] 2026/03/06 14:41:24 worker.go:402: Получена строка от движка: info string Available processors: 0-11
[WORKER] 2026/03/06 14:41:24 worker.go:402: Получена строка от движка: info string Using 1 thread
[WORKER] 2026/03/06 14:41:24 worker.go:402: Получена строка от движка: info string NNUE evaluation using nn-c288c895ea92.nnue (125MiB, (102384, 1024, 15, 32, 1))
[WORKER] 2026/03/06 14:41:24 worker.go:402: Получена строка от движка: info string NNUE evaluation using nn-37f18f62d772.nnue (6MiB, (22528, 128, 15, 32, 1))
[WORKER] 2026/03/06 14:41:24 worker.go:402: Получена строка от движка: info string Network replica 1: Shared memory.
[WORKER] 2026/03/06 14:41:24 worker.go:402: Получена строка от движка: info depth 1 seldepth 2 multipv 1 score cp 110 nodes 172 nps 172000 hashfull 0 tbhits 0 time 1 pv c1c2
[WORKER] 2026/03/06 14:41:24 worker.go:402: Получена строка от движка: info depth 1 seldepth 7 multipv 2 score cp -148 nodes 172 nps 172000 hashfull 0 tbhits 0 time 1 pv b3c2 f5c2 c1c2
[WORKER] 2026/03/06 14:41:24 worker.go:402: Получена строка от движка: info depth 1 seldepth 9 multipv 3 score cp -200 nodes 172 nps 172000 hashfull 0 tbhits 0 time 1 pv e1f1 c2e3 f2e3
[WORKER] 2026/03/06 14:41:24 worker.go:402: Получена строка от движка: info depth 2 seldepth 10 multipv 1 score cp -141 nodes 798 nps 798000 hashfull 0 tbhits 0 time 1 pv b3c2 f5c2 c1c2 d6f4 g2g3
[WORKER] 2026/03/06 14:41:24 worker.go:402: Получена строка от движка: info depth 2 seldepth 5 multipv 2 score cp -148 nodes 798 nps 798000 hashfull 0 tbhits 0 time 1 pv c1c2 f5f4
[WORKER] 2026/03/06 14:41:24 worker.go:402: Получена строка от движка: info depth 2 seldepth 5 multipv 3 score cp -200 nodes 798 nps 798000 hashfull 0 tbhits 0 time 1 pv e1f1 c2e3 f2e3
[WORKER] 2026/03/06 14:41:24 worker.go:402: Получена строка от движка: info depth 3 seldepth 4 multipv 1 score cp -141 nodes 915 nps 915000 hashfull 0 tbhits 0 time 1 pv b3c2 f5c2 c1c2
[WORKER] 2026/03/06 14:41:24 worker.go:402: Получена строка от движка: info depth 3 seldepth 4 multipv 2 score cp -148 nodes 915 nps 915000 hashfull 0 tbhits 0 time 1 pv c1c2 f5f4 g2g3
[WORKER] 2026/03/06 14:41:24 worker.go:402: Получена строка от движка: info depth 3 seldepth 5 multipv 3 score cp -200 nodes 915 nps 915000 hashfull 0 tbhits 0 time 1 pv e1f1 c2e3 f2e3
[WORKER] 2026/03/06 14:41:24 worker.go:402: Получена строка от движка: info depth 4 seldepth 7 multipv 1 score cp -141 nodes 1095 nps 1095000 hashfull 0 tbhits 0 time 1 pv b3c2 f5c2 c1c2 d6f4
[WORKER] 2026/03/06 14:41:24 worker.go:402: Получена строка от движка: info depth 4 seldepth 6 multipv 2 score cp -148 nodes 1095 nps 1095000 hashfull 0 tbhits 0 time 1 pv c1c2 f5f4 g2g3 f4f3
[WORKER] 2026/03/06 14:41:24 worker.go:402: Получена строка от движка: info depth 4 seldepth 5 multipv 3 score cp -199 nodes 1095 nps 1095000 hashfull 0 tbhits 0 time 1 pv e1f1 c2e3 f2e3 c7c6
[WORKER] 2026/03/06 14:41:24 worker.go:402: Получена строка от движка: info depth 5 seldepth 7 multipv 1 score cp -141 nodes 1414 nps 1414000 hashfull 0 tbhits 0 time 1 pv b3c2 f5c2 c1c2 d6f4 g2g3
[WORKER] 2026/03/06 14:41:24 worker.go:402: Получена строка от движка: info depth 5 seldepth 6 multipv 2 score cp -148 nodes 1414 nps 1414000 hashfull 0 tbhits 0 time 1 pv c1c2 f5f4 g2g3 f4f3 b3b7
[WORKER] 2026/03/06 14:41:24 worker.go:402: Получена строка от движка: info depth 5 seldepth 9 multipv 3 score cp -169 nodes 1414 nps 1414000 hashfull 0 tbhits 0 time 1 pv e1f1 d6f4 b3c2 f5c2 c1c2 f4d6
[WORKER] 2026/03/06 14:41:24 worker.go:402: Получена строка от движка: info depth 6 seldepth 8 multipv 1 score cp -148 nodes 2021 nps 2021000 hashfull 0 tbhits 0 time 1 pv c1c2 f5f4 g2g3 f4f3 b3b7 h7h5 b7b5
[WORKER] 2026/03/06 14:41:24 worker.go:402: Получена строка от движка: info depth 6 seldepth 7 multipv 2 score cp -163 nodes 2021 nps 2021000 hashfull 0 tbhits 0 time 1 pv b3c2 f5c2 c1c2 d6f4 e1d1
[WORKER] 2026/03/06 14:41:24 worker.go:402: Получена строка от движка: info depth 6 seldepth 8 multipv 3 score cp -229 nodes 2021 nps 2021000 hashfull 0 tbhits 0 time 1 pv e1f1 c2e3 f2e3 f5e4 c1e1
[WORKER] 2026/03/06 14:41:24 worker.go:402: Получена строка от движка: info depth 7 seldepth 23 multipv 1 score cp -136 nodes 3216 nps 1608000 hashfull 0 tbhits 0 time 2 pv c1c2 f5f4 g2g3 f4f5 c2e2 b7b6 e3d2 e8e2 e1e2 h7h5 h2h4 a8c8 e2e1
[WORKER] 2026/03/06 14:41:24 worker.go:402: Получена строка от движка: info depth 7 seldepth 10 multipv 2 score cp -177 nodes 3216 nps 1608000 hashfull 0 tbhits 0 time 2 pv b3c2 f5c2 c1c2 d6f4 g2g3 f4d6
[WORKER] 2026/03/06 14:41:24 worker.go:402: Получена строка от движка: info depth 7 seldepth 10 multipv 3 score cp -213 nodes 3216 nps 1608000 hashfull 0 tbhits 0 time 2 pv e1d1 c2e3 f2e3 d6f4 e3f4
[WORKER] 2026/03/06 14:41:24 worker.go:402: Получена строка от движка: info depth 8 seldepth 11 multipv 1 score cp -148 nodes 6172 nps 1234400 hashfull 2 tbhits 0 time 5 pv c1c2 f5f4 g2g3 f4f3 b3b7 h7h5 b7b5 h5h4 b5e2
[WORKER] 2026/03/06 14:41:24 worker.go:402: Получена строка от движка: info depth 8 seldepth 17 multipv 2 score cp -178 nodes 6172 nps 1234400 hashfull 2 tbhits 0 time 5 pv b3c2 f5c2 c1c2 d6f4 c2c3 f4d6 c3b3 b7b6
[WORKER] 2026/03/06 14:41:24 worker.go:402: Получена строка от движка: info depth 8 seldepth 14 multipv 3 score cp -211 nodes 6172 nps 1234400 hashfull 2 tbhits 0 time 5 pv e1d1 c2e3 f2e3 b7b6 d1e1 f5e4 b3b5 a7a5
[WORKER] 2026/03/06 14:41:24 worker.go:402: Получена строка от движка: info depth 9 seldepth 11 multipv 1 score cp -139 nodes 11550 nps 1050000 hashfull 5 tbhits 0 time 11 pv c1c2 f5f4 g2g3 f4f3 b3b7 h7h5 b7b5 h5h4 b5e2
[WORKER] 2026/03/06 14:41:24 worker.go:402: Получена строка от движка: info depth 9 seldepth 19 multipv 2 score cp -174 nodes 11550 nps 1050000 hashfull 5 tbhits 0 time 11 pv b3c2 f5c2 c1c2 d6f4 c2c3 f4d6 e1c1 c7c6 c3b3 e8e7 a2a4 a7a6 g2g3 f7f6 a4a5 a8e8
[WORKER] 2026/03/06 14:41:24 worker.go:402: Получена строка от движка: info depth 9 seldepth 19 multipv 3 score cp -222 nodes 11550 nps 1050000 hashfull 5 tbhits 0 time 11 pv e1d1 c2e3 f2e3 d6f4 e3f4 e8e2 c1c7 a8e8 c7b7 f5f4 d1f1 f4d4 g1h1 e2e1
[WORKER] 2026/03/06 14:41:24 worker.go:402: Получена строка от движка: info depth 10 seldepth 11 multipv 1 score cp -148 nodes 24655 nps 986200 hashfull 10 tbhits 0 time 25 pv c1c2 f5f4 g2g3 f4f3 b3b7 h7h5 b7b5 h5h4 b5e2 f3e4
[WORKER] 2026/03/06 14:41:24 worker.go:402: Получена строка от движка: info depth 10 seldepth 16 multipv 2 score cp -161 nodes 24655 nps 986200 hashfull 10 tbhits 0 time 25 pv e1d1 c2e3 f2e3 d6f4 e3f4 b7b6 c1c7 e8e2 d1f1
[WORKER] 2026/03/06 14:41:24 worker.go:402: Получена строка от движка: info depth 10 seldepth 23 multipv 3 score cp -180 nodes 24655 nps 986200 hashfull 10 tbhits 0 time 25 pv b3c2 f5c2 c1c2 d6f4 c2c3 f4d6 c3b3 a8b8 g2g3 f7f6 h2h4 c7c6
[WORKER] 2026/03/06 14:41:24 worker.go:402: Получена строка от движка: info depth 11 seldepth 13 multipv 1 score cp -148 nodes 33919 nps 997617 hashfull 14 tbhits 0 time 34 pv c1c2 f5f4 g2g3 f4f3 b3b7 h7h5 b7b5 h5h4 b5e2 f3e4 e2d1 a7a5
[WORKER] 2026/03/06 14:41:24 worker.go:402: Получена строка от движка: info depth 11 seldepth 21 multipv 2 score cp -163 nodes 33919 nps 997617 hashfull 14 tbhits 0 time 34 pv b3c2 f5c2 c1c2 d6f4 c2c3 f4d6 c3b3 a8b8 g2g3 f7f6 g1g2 g8f7 h2h4 h7h5 a2a4 e8e4
[WORKER] 2026/03/06 14:41:24 worker.go:402: Получена строка от движка: info depth 11 seldepth 23 multipv 3 score cp -170 nodes 33919 nps 997617 hashfull 14 tbhits 0 time 34 pv e1d1 c2e3 f2e3 d6f4 e3f4 e8e2 c1c7 h7h5 c7b7 f5e4 b3g3 h5h4 g3f3 a8e8 f3e4 d5e4 g2g4
[WORKER] 2026/03/06 14:41:24 worker.go:402: Получена строка от движка: info depth 12 seldepth 25 multipv 1 score cp -150 nodes 56498 nps 941633 hashfull 19 tbhits 0 time 60 pv c1c2 f5f4 g2g3 f4f3 b3b7 h7h5 b7b5 e8e4 e3d2 a8e8 c2c1 h5h4 b5e8 e4e8 e1e8 g8h7 e8e3
[WORKER] 2026/03/06 14:41:24 worker.go:402: Получена строка от движка: info depth 12 seldepth 32 multipv 2 score cp -173 nodes 56498 nps 941633 hashfull 19 tbhits 0 time 60 pv b3c2 f5c2 c1c2 d6f4 c2c3 f4d6 c3b3 a8b8 g2g3 f7f6 h2h4 h7h5 g1g2 g8f7
[WORKER] 2026/03/06 14:41:24 worker.go:402: Получена строка от движка: info depth 12 seldepth 24 multipv 3 score cp -205 nodes 56498 nps 941633 hashfull 19 tbhits 0 time 60 pv e1d1 c2e3 f2e3 f5e4 g1h1 h7h6 f4d5 c7c6 d5c3 e4e3 b3b7 e3f4 g2g3
[WORKER] 2026/03/06 14:41:25 worker.go:402: Получена строка от движка: info depth 13 seldepth 22 multipv 1 score cp -139 nodes 88564 nps 903714 hashfull 31 tbhits 0 time 98 pv c1c2 f5f4 g2g3 f4f3 b3b7 h7h5 b7b5 e8e4 e3d2 e4d4 b5c6 a8b8 d2a5 d4d1 e1d1 f3d1 g1g2
[WORKER] 2026/03/06 14:41:25 worker.go:402: Получена строка от движка: info depth 13 seldepth 26 multipv 2 score cp -173 nodes 88564 nps 903714 hashfull 31 tbhits 0 time 98 pv b3c2 f5c2 c1c2 d6f4 e1b1 f4d6 b2b4 g8f8 g2g3 f8e7 b4b5 b7b6 b1c1 e7d7
[WORKER] 2026/03/06 14:41:25 worker.go:402: Получена строка от движка: info depth 13 seldepth 25 multipv 3 score cp -258 nodes 88564 nps 903714 hashfull 31 tbhits 0 time 98 pv e1d1 c2e3 f2e3 f5e4 f4d5 c7c6 d5f4 e4e3 b3e3 e8e3 g2g3 d6f4 g3f4 e3e2 b2b4 e2b2 c1b1 b2b1 d1b1 a8d8 b4b5
[WORKER] 2026/03/06 14:41:25 worker.go:402: Получена строка от движка: info depth 14 seldepth 28 multipv 1 score cp -163 nodes 220879 nps 883516 hashfull 80 tbhits 0 time 250 pv c1c2 f5f4 g2g3 f4f3 c2c3 f3f5 b3b7 e8b8 b7c6 d6b4 e3f4 b4c3 b2c3 b8d8
[WORKER] 2026/03/06 14:41:25 worker.go:402: Получена строка от движка: info depth 14 seldepth 28 multipv 2 score cp -169 nodes 220879 nps 883516 hashfull 80 tbhits 0 time 250 pv b3c2 f5c2 c1c2 d6f4 g2g3 f4d6 b2b4 g8f8 a2a4 e8e6 e1b1
[WORKER] 2026/03/06 14:41:25 worker.go:402: Получена строка от движка: info depth 14 seldepth 31 multipv 3 score cp -238 nodes 220879 nps 883516 hashfull 80 tbhits 0 time 250 pv e1d1 c2e3 f2e3 f5e4 d1f1 c7c6 c1e1 e8e7 f1f3 h7h6 a2a4 a7a5 e1f1 a8e8 f4d3
[WORKER] 2026/03/06 14:41:25 worker.go:402: Получена строка от движка: info depth 15 seldepth 23 multipv 1 score cp -164 nodes 281577 nps 888255 hashfull 99 tbhits 0 time 317 pv c1c2 f5f4 g2g3 f4f3 b3b7 h7h5 b7b5 e8e4 e3d2 a8e8 b5e8 e4e8 e1e8 g8h7 d2e1
[WORKER] 2026/03/06 14:41:25 worker.go:402: Получена строка от движка: info depth 15 seldepth 29 multipv 2 score cp -184 nodes 281577 nps 888255 hashfull 99 tbhits 0 time 317 pv b3c2 f5c2 c1c2 d6f4 g2g3 f4d6 b2b4 g8f8 a2a4 a7a6 c2b2 f8e7 b4b5 a6b5 b2b5 b7b6 b5d5 a8a4
[WORKER] 2026/03/06 14:41:25 worker.go:402: Получена строка от движка: info depth 15 seldepth 20 multipv 3 score cp -234 nodes 281577 nps 888255 hashfull 99 tbhits 0 time 317 pv e1d1 c2e3 f2e3 f5e4 g2g3 a7a5 f4g2 a5a4 b3c2
[WORKER] 2026/03/06 14:41:25 worker.go:402: Получена строка от движка: info depth 16 seldepth 31 multipv 1 score cp -152 nodes 437934 nps 893742 hashfull 158 tbhits 0 time 490 pv c1c2 f5f4 g2g3 f4f3 c2c3 a8b8 e3d2 e8e1 d2e1 f3e4 b3d1 e4e8 c3e3 e8c6 d1e2 g8f8 e2d3 b8e8 d3h7
[WORKER] 2026/03/06 14:41:25 worker.go:402: Получена строка от движка: info depth 16 seldepth 33 multipv 2 score cp -180 nodes 437934 nps 893742 hashfull 158 tbhits 0 time 490 pv b3c2 f5c2 c1c2 d6f4 g2g3 f4d6 b2b4 g8f8 a2a4 a7a6 e1b1 f8e7 g1g2 e7d7 a4a5 c7c6 h2h4 h7h5 c2b2 e8e4 b2b3 a8e8
[WORKER] 2026/03/06 14:41:25 worker.go:402: Получена строка от движка: info depth 16 seldepth 21 multipv 3 score cp -248 nodes 437934 nps 893742 hashfull 158 tbhits 0 time 490 pv e1d1 c2e3 f2e3 f5e4 g2g3 a7a5 f4g2 a5a4 b3c2 e4g4 d1f1 c7c6 c2d1 g4d1 c1d1
[WORKER] 2026/03/06 14:41:25 worker.go:402: Получена строка от движка: bestmove c1c2 ponder f5f4
[WORKER] 2026/03/06 14:41:25 worker.go:518: Анализ позиции: 5 тактических ходов из 35 возможных
[WORKER] 2026/03/06 14:41:25 worker.go:179: Полуход 33. Ход белых: 68.2 сек (оценка: -152)
[WORKER] 2026/03/06 14:41:25 worker.go:402: Получена строка от движка: info string Available processors: 0-11
[WORKER] 2026/03/06 14:41:25 worker.go:402: Получена строка от движка: info string Using 1 thread
[WORKER] 2026/03/06 14:41:25 worker.go:402: Получена строка от движка: info string NNUE evaluation using nn-c288c895ea92.nnue (125MiB, (102384, 1024, 15, 32, 1))
[WORKER] 2026/03/06 14:41:25 worker.go:402: Получена строка от движка: info string NNUE evaluation using nn-37f18f62d772.nnue (6MiB, (22528, 128, 15, 32, 1))
[WORKER] 2026/03/06 14:41:25 worker.go:402: Получена строка от движка: info string Network replica 1: Shared memory.
[WORKER] 2026/03/06 14:41:25 worker.go:402: Получена строка от движка: info depth 1 seldepth 4 multipv 1 score cp 152 nodes 285 nps 285000 hashfull 0 tbhits 0 time 1 pv f5f4
[WORKER] 2026/03/06 14:41:25 worker.go:402: Получена строка от движка: info depth 1 seldepth 4 multipv 2 score cp 145 nodes 285 nps 285000 hashfull 0 tbhits 0 time 1 pv d6f4
[WORKER] 2026/03/06 14:41:25 worker.go:402: Получена строка от движка: info depth 1 seldepth 3 multipv 3 score cp -230 nodes 285 nps 285000 hashfull 0 tbhits 0 time 1 pv a7a6 f4d5
[WORKER] 2026/03/06 14:41:25 worker.go:402: Получена строка от движка: info depth 2 seldepth 3 multipv 1 score cp 152 nodes 854 nps 854000 hashfull 0 tbhits 0 time 1 pv f5f4 g2g3
[WORKER] 2026/03/06 14:41:25 worker.go:402: Получена строка от движка: info depth 2 seldepth 8 multipv 2 score cp 116 nodes 854 nps 854000 hashfull 0 tbhits 0 time 1 pv d6f4 c2c5
[WORKER] 2026/03/06 14:41:25 worker.go:402: Получена строка от движка: info depth 2 seldepth 3 multipv 3 score cp -230 nodes 854 nps 854000 hashfull 0 tbhits 0 time 1 pv c7c6
[WORKER] 2026/03/06 14:41:25 worker.go:402: Получена строка от движка: info depth 3 seldepth 5 multipv 1 score cp 152 nodes 1424 nps 1424000 hashfull 0 tbhits 0 time 1 pv f5f4 g2g3 f4f3
[WORKER] 2026/03/06 14:41:25 worker.go:402: Получена строка от движка: info depth 3 seldepth 5 multipv 2 score cp 96 nodes 1424 nps 1424000 hashfull 0 tbhits 0 time 1 pv d6f4 c2c5 f4e3 f2e3
[WORKER] 2026/03/06 14:41:25 worker.go:402: Получена строка от движка: info depth 3 seldepth 4 multipv 3 score cp -163 nodes 1424 nps 1424000 hashfull 0 tbhits 0 time 1 pv a7a5 f4d5
[WORKER] 2026/03/06 14:41:25 worker.go:402: Получена строка от движка: info depth 4 seldepth 5 multipv 1 score cp 152 nodes 1911 nps 1911000 hashfull 0 tbhits 0 time 1 pv f5f4 g2g3 f4f3 c2c3
[WORKER] 2026/03/06 14:41:25 worker.go:402: Получена строка от движка: info depth 4 seldepth 5 multipv 2 score cp 96 nodes 1911 nps 1911000 hashfull 0 tbhits 0 time 1 pv d6f4 c2c5 f4e3 f2e3
[WORKER] 2026/03/06 14:41:25 worker.go:402: Получена строка от движка: info depth 4 seldepth 7 multipv 3 score cp -19 nodes 1911 nps 1911000 hashfull 0 tbhits 0 time 1 pv a7a5 g2g3 a5a4
[WORKER] 2026/03/06 14:41:25 worker.go:402: Получена строка от движка: info depth 5 seldepth 6 multipv 1 score cp 152 nodes 2952 nps 2952000 hashfull 0 tbhits 0 time 1 pv f5f4 g2g3 f4f3 c2c3 a8b8
[WORKER] 2026/03/06 14:41:25 worker.go:402: Получена строка от движка: info depth 5 seldepth 7 multipv 2 score cp 67 nodes 2952 nps 2952000 hashfull 0 tbhits 0 time 1 pv d6f4 c2c5 c7c6 b3b7 f4d6
[WORKER] 2026/03/06 14:41:25 worker.go:402: Получена строка от движка: info depth 5 seldepth 9 multipv 3 score cp -150 nodes 2952 nps 2952000 hashfull 0 tbhits 0 time 1 pv a7a5 g2g3 d6f4 g3f4 f5g6
[WORKER] 2026/03/06 14:41:25 worker.go:402: Получена строка от движка: info depth 6 seldepth 9 multipv 1 score cp 152 nodes 3613 nps 1806500 hashfull 0 tbhits 0 time 2 pv f5f4 g2g3 f4f3 c2c3 a8b8 e3d2
[WORKER] 2026/03/06 14:41:25 worker.go:402: Получена строка от движка: info depth 6 seldepth 9 multipv 2 score cp 91 nodes 3613 nps 1806500 hashfull 0 tbhits 0 time 2 pv d6f4 c2c5 c7c6 b3b7 f4d6 c5a5
[WORKER] 2026/03/06 14:41:25 worker.go:402: Получена строка от движка: info depth 6 seldepth 8 multipv 3 score cp -77 nodes 3613 nps 1806500 hashfull 0 tbhits 0 time 2 pv a7a5 g2g3 a5a4
[WORKER] 2026/03/06 14:41:25 worker.go:402: Получена строка от движка: info depth 7 seldepth 9 multipv 1 score cp 152 nodes 6407 nps 1601750 hashfull 0 tbhits 0 time 4 pv f5f4 g2g3 f4f3 c2c3 a8b8 e3d2 e8e1 d2e1
[WORKER] 2026/03/06 14:41:25 worker.go:402: Получена строка от движка: info depth 7 seldepth 10 multipv 2 score cp 56 nodes 6407 nps 1601750 hashfull 0 tbhits 0 time 4 pv d6f4 c2c5 f4d6 c5d5 f5g6 d5g5
[WORKER] 2026/03/06 14:41:25 worker.go:402: Получена строка от движка: info depth 7 seldepth 10 multipv 3 score cp -198 nodes 6407 nps 1601750 hashfull 0 tbhits 0 time 4 pv a7a5 f4d3 d6h2 g1f1
[WORKER] 2026/03/06 14:41:25 worker.go:402: Получена строка от движка: info depth 8 seldepth 17 multipv 1 score cp 152 nodes 14476 nps 1316000 hashfull 2 tbhits 0 time 11 pv f5f4 g2g3 f4f3 c2c3 a8b8 e3d2 e8e1 d2e1 f3e4 b3d1 e4e8 c3e3 e8c6 d1e2 g8f8 e2d3
[WORKER] 2026/03/06 14:41:25 worker.go:402: Получена строка от движка: info depth 8 seldepth 12 multipv 2 score cp 48 nodes 14476 nps 1316000 hashfull 2 tbhits 0 time 11 pv d6f4 c2c5 a8b8 b3d5 f5g6 c5c1
[WORKER] 2026/03/06 14:41:25 worker.go:402: Получена строка от движка: info depth 8 seldepth 9 multipv 3 score cp -221 nodes 14476 nps 1316000 hashfull 2 tbhits 0 time 11 pv a7a5 f4d3 a5a4 b3c3 d6h2 g1f1
[WORKER] 2026/03/06 14:41:25 worker.go:402: Получена строка от движка: info depth 9 seldepth 13 multipv 1 score cp 152 nodes 29574 nps 1056214 hashfull 8 tbhits 0 time 28 pv f5f4 g2g3 f4f3 c2c3 a8b8 e3d2 e8e1 d2e1 f3e4 b3d1 e4e8 c3e3
[WORKER] 2026/03/06 14:41:25 worker.go:402: Получена строка от движка: info depth 9 seldepth 15 multipv 2 score cp 52 nodes 29574 nps 1056214 hashfull 8 tbhits 0 time 28 pv d6f4 c2c5 a8d8 b3b7 f4d6 c5c1 h7h6 b7b3
[WORKER] 2026/03/06 14:41:25 worker.go:402: Получена строка от движка: info depth 9 seldepth 16 multipv 3 score cp -258 nodes 29574 nps 1056214 hashfull 8 tbhits 0 time 28 pv c7c6 f4e2 d6h2 g1f1
[WORKER] 2026/03/06 14:41:25 worker.go:402: Получена строка от движка: info depth 10 seldepth 16 multipv 1 score cp 152 nodes 46568 nps 1012347 hashfull 14 tbhits 0 time 46 pv f5f4 g2g3 f4f3 c2c3 a8b8 e3d2 e8e1 d2e1 f3e4 b3d1 e4e8 e1d2
[WORKER] 2026/03/06 14:41:25 worker.go:402: Получена строка от движка: info depth 10 seldepth 23 multipv 2 score cp 44 nodes 46568 nps 1012347 hashfull 14 tbhits 0 time 46 pv d6f4 c2c5 f4d6 b3d5 f5d5 c5d5 a7a6 g2g3 a8d8 g1g2 g8f8 e1c1
[WORKER] 2026/03/06 14:41:25 worker.go:402: Получена строка от движка: info depth 10 seldepth 13 multipv 3 score cp -240 nodes 46568 nps 1012347 hashfull 14 tbhits 0 time 46 pv c7c5 f4e2 d6h2 g1h2 c5d4
[WORKER] 2026/03/06 14:41:25 worker.go:402: Получена строка от движка: info depth 11 seldepth 21 multipv 1 score cp 153 nodes 78098 nps 952414 hashfull 25 tbhits 0 time 82 pv f5f4 g2g3 f4f3 c2c3 a8b8 e3d2 e8e1 d2e1 f3e4 b3d1 e4e8 c3e3 e8c6 d1e2 g8f8 e2d3 b8e8 d3h7 e8e3
[WORKER] 2026/03/06 14:41:25 worker.go:402: Получена строка от движка: info depth 11 seldepth 21 multipv 2 score cp 42 nodes 78098 nps 952414 hashfull 25 tbhits 0 time 82 pv d6f4 c2c5 a8d8 b3b7 f5g5 b7b3 e8e6 g2g3 h7h5 g1g2 g5g6 c5c1 d8e8 b3d5 f4e3 e1e3 e6e3 f2e3
[WORKER] 2026/03/06 14:41:25 worker.go:402: Получена строка от движка: info depth 11 seldepth 18 multipv 3 score cp -222 nodes 78098 nps 952414 hashfull 25 tbhits 0 time 82 pv c7c5 f4e2 d6h2 g1h2 c5c4 b3a4 f5g4 h2g1
[WORKER] 2026/03/06 14:41:25 worker.go:402: Получена строка от движка: info depth 12 seldepth 32 multipv 1 score cp 148 nodes 126377 nps 853898 hashfull 45 tbhits 0 time 148 pv f5f4 g2g3 f4f3 c2c3 a8b8 e3d2 e8e1 d2e1 f3e4 b3d1 e4e8 c3e3 e8b5 e1c3 b7b6 d1f3
[WORKER] 2026/03/06 14:41:25 worker.go:402: Получена строка от движка: info depth 12 seldepth 23 multipv 2 score cp 36 nodes 126377 nps 853898 hashfull 45 tbhits 0 time 148 pv d6f4 c2c5 f4d6 b3d5 f5g6 c5c1 b7b6 g2g3 h7h5 e3d2 a8d8 g1g2 h5h4
[WORKER] 2026/03/06 14:41:25 worker.go:402: Получена строка от движка: info depth 12 seldepth 17 multipv 3 score cp -154 nodes 126377 nps 853898 hashfull 45 tbhits 0 time 148 pv c7c5 f4e2 c5c4 b3a4 e8e3 f2e3 d6h2 g1h2 f5f2 e2f4 f2e1
[WORKER] 2026/03/06 14:41:25 worker.go:402: Получена строка от движка: info depth 13 seldepth 27 multipv 1 score cp 157 nodes 157052 nps 862923 hashfull 53 tbhits 0 time 182 pv f5f4 g2g3 f4f3 c2c3 f3f5 b3b7 e8b8 b7c6 d6b4 e3f4 b4c3 b2c3 b8d8 e1e7 f5b1 g1g2 b1b6 c6c7 b6c7 e7c7 f7f6
[WORKER] 2026/03/06 14:41:25 worker.go:402: Получена строка от движка: info depth 13 seldepth 22 multipv 2 score cp 43 nodes 157052 nps 862923 hashfull 53 tbhits 0 time 182 pv d6f4 c2c5 a8d8 b3b7 h7h5 b7a7 d8b8 a7a4 f4e3 f2e3 e8e3 e1e3 f5b1 g1f2 b8b2 e3e2
[WORKER] 2026/03/06 14:41:25 worker.go:402: Получена строка от движка: info depth 13 seldepth 15 multipv 3 score cp -172 nodes 157052 nps 862923 hashfull 53 tbhits 0 time 182 pv c7c5 f4e2 c5c4 b3a4 e8e3 f2e3 d6h2 g1h2 f5f2 c2c1 f7f5
[WORKER] 2026/03/06 14:41:25 worker.go:402: Получена строка от движка: info depth 14 seldepth 28 multipv 1 score cp 165 nodes 217030 nps 878663 hashfull 72 tbhits 0 time 247 pv f5f4 g2g3 f4f3 c2c3 f3f5 c3c1 h7h5 b3b7 h5h4 b7c6 h4h3 e3d2 e8e1 c1e1 a8b8 c6c3 d6b4
[WORKER] 2026/03/06 14:41:25 worker.go:402: Получена строка от движка: info depth 14 seldepth 21 multipv 2 score cp 47 nodes 217030 nps 878663 hashfull 72 tbhits 0 time 247 pv d6f4 c2c5 a8d8 b3b7 h7h5 b7b3 h5h4 b3c2 f5g6 h2h3 g6c2 c5c2
[WORKER] 2026/03/06 14:41:25 worker.go:402: Получена строка от движка: info depth 14 seldepth 18 multipv 3 score cp -198 nodes 217030 nps 878663 hashfull 72 tbhits 0 time 247 pv c7c5 b3d5 f5c2 d5d6 a8c8 h2h4 c2b2 d4c5 e8d8 d6e7 d8e8 e7g5 h7h6
[WORKER] 2026/03/06 14:41:25 worker.go:402: Получена строка от движка: info depth 15 seldepth 25 multipv 1 score cp 157 nodes 319047 nps 878917 hashfull 106 tbhits 0 time 363 pv f5f4 g2g3 f4f3 c2c3 f3f5 c3c1 h7h5 h2h4 f5f3 c1c3 a7a5 e3d2 e8e1 d2e1 f3e2
[WORKER] 2026/03/06 14:41:25 worker.go:402: Получена строка от движка: info depth 15 seldepth 33 multipv 2 score cp 53 nodes 319047 nps 878917 hashfull 106 tbhits 0 time 363 pv d6f4 c2c5 a8d8 b3b7 h7h5 b7a7 f4d6 c5b5 f5f4 g2g3 f4g4 a7a4 h5h4 a4d1 g4f5 a2a4 h4h3 f2f3 c7c6 b5b6 d8b8 b6c6
[WORKER] 2026/03/06 14:41:25 worker.go:402: Получена строка от движка: info depth 15 seldepth 23 multipv 3 score cp -277 nodes 319047 nps 878917 hashfull 106 tbhits 0 time 363 pv c7c5 f4e2 c5c4 b3c3 f5g6 c2c1 e8e4 e2g3 a8e8 g3e4 e8e4 g2g3
[WORKER] 2026/03/06 14:41:26 worker.go:402: Получена строка от движка: info depth 16 seldepth 29 multipv 1 score cp 172 nodes 517656 nps 837631 hashfull 175 tbhits 0 time 618 pv f5f4 g2g3 f4f3 b3b7 h7h5 b7b5 h5h4 c2c1 a8b8 b5e2 f3f5 g3g4 f5g6 h2h3 e8e4 g1g2 f7f5
[WORKER] 2026/03/06 14:41:26 worker.go:402: Получена строка от движка: info depth 16 seldepth 40 multipv 2 score cp 44 nodes 517656 nps 837631 hashfull 175 tbhits 0 time 618 pv d6f4 c2c5 a8d8 b3b7 f4d6 c5b5 h7h5 b7a7 f5f4 g2g3 f4g4 a7a4 h5h4 a4d1 g4e4 a2a4 h4g3
[WORKER] 2026/03/06 14:41:26 worker.go:402: Получена строка от движка: info depth 16 seldepth 24 multipv 3 score cp -185 nodes 517656 nps 837631 hashfull 175 tbhits 0 time 618 pv c7c5 f4e2 c5c4 b3c3 a7a5 a2a3 b7b5 e2g3 f5g6
[WORKER] 2026/03/06 14:41:26 worker.go:402: Получена строка от движка: bestmove f5f4 ponder g2g3
[WORKER] 2026/03/06 14:41:26 worker.go:518: Анализ позиции: 4 тактических ходов из 46 возможных
[WORKER] 2026/03/06 14:41:26 worker.go:179: Полуход 34. Ход черных: 15.6 сек (оценка: -172)
[WORKER] 2026/03/06 14:41:26 worker.go:402: Получена строка от движка: info string Available processors: 0-11
[WORKER] 2026/03/06 14:41:26 worker.go:402: Получена строка от движка: info string Using 1 thread
[WORKER] 2026/03/06 14:41:26 worker.go:402: Получена строка от движка: info string NNUE evaluation using nn-c288c895ea92.nnue (125MiB, (102384, 1024, 15, 32, 1))
[WORKER] 2026/03/06 14:41:26 worker.go:402: Получена строка от движка: info string NNUE evaluation using nn-37f18f62d772.nnue (6MiB, (22528, 128, 15, 32, 1))
[WORKER] 2026/03/06 14:41:26 worker.go:402: Получена строка от движка: info string Network replica 1: Shared memory.
[WORKER] 2026/03/06 14:41:26 worker.go:402: Получена строка от движка: info depth 1 seldepth 4 multipv 1 score cp -172 nodes 129 nps 129000 hashfull 0 tbhits 0 time 1 pv g2g3
[WORKER] 2026/03/06 14:41:26 worker.go:402: Получена строка от движка: info depth 1 seldepth 2 multipv 2 score cp -218 nodes 129 nps 129000 hashfull 0 tbhits 0 time 1 pv h2h3
[WORKER] 2026/03/06 14:41:26 worker.go:402: Получена строка от движка: info depth 1 seldepth 4 multipv 3 score cp -220 nodes 129 nps 129000 hashfull 0 tbhits 0 time 1 pv g1f1 f4h2 b3d5
[WORKER] 2026/03/06 14:41:26 worker.go:402: Получена строка от движка: info depth 2 seldepth 4 multipv 1 score cp -172 nodes 414 nps 414000 hashfull 0 tbhits 0 time 1 pv g2g3 f4f3
[WORKER] 2026/03/06 14:41:26 worker.go:402: Получена строка от движка: info depth 2 seldepth 5 multipv 2 score cp -215 nodes 414 nps 414000 hashfull 0 tbhits 0 time 1 pv b3d5 f4h2 g1f1 a8d8
[WORKER] 2026/03/06 14:41:26 worker.go:402: Получена строка от движка: info depth 2 seldepth 4 multipv 3 score cp -221 nodes 414 nps 414000 hashfull 0 tbhits 0 time 1 pv g1f1 f4h2 b3d5
[WORKER] 2026/03/06 14:41:26 worker.go:402: Получена строка от движка: info depth 3 seldepth 4 multipv 1 score cp -172 nodes 532 nps 532000 hashfull 0 tbhits 0 time 1 pv g2g3 f4f3 b3b7
[WORKER] 2026/03/06 14:41:26 worker.go:402: Получена строка от движка: info depth 3 seldepth 4 multipv 2 score cp -221 nodes 532 nps 532000 hashfull 0 tbhits 0 time 1 pv b3d5 f4h2 g1f1
[WORKER] 2026/03/06 14:41:26 worker.go:402: Получена строка от движка: info depth 3 seldepth 4 multipv 3 score cp -221 nodes 532 nps 532000 hashfull 0 tbhits 0 time 1 pv g1f1 f4h2 b3d5
[WORKER] 2026/03/06 14:41:26 worker.go:402: Получена строка от движка: info depth 4 seldepth 5 multipv 1 score cp -172 nodes 664 nps 664000 hashfull 0 tbhits 0 time 1 pv g2g3 f4f3 b3b7 h7h5
[WORKER] 2026/03/06 14:41:26 worker.go:402: Получена строка от движка: info depth 4 seldepth 5 multipv 2 score cp -210 nodes 664 nps 664000 hashfull 0 tbhits 0 time 1 pv b3d5 f4h2 g1f1 a8d8
[WORKER] 2026/03/06 14:41:26 worker.go:402: Получена строка от движка: info depth 4 seldepth 5 multipv 3 score cp -210 nodes 664 nps 664000 hashfull 0 tbhits 0 time 1 pv g1f1 f4h2 b3d5 a8d8
[WORKER] 2026/03/06 14:41:26 worker.go:402: Получена строка от движка: info depth 5 seldepth 6 multipv 1 score cp -90 nodes 872 nps 872000 hashfull 0 tbhits 0 time 1 pv g2g3 f4f3 b3b7
[WORKER] 2026/03/06 14:41:26 worker.go:402: Получена строка от движка: info depth 5 seldepth 6 multipv 2 score cp -184 nodes 872 nps 872000 hashfull 0 tbhits 0 time 1 pv g1f1 f4h2 b3d5 c7c6 d5f3
[WORKER] 2026/03/06 14:41:26 worker.go:402: Получена строка от движка: info depth 5 seldepth 6 multipv 3 score cp -184 nodes 872 nps 872000 hashfull 0 tbhits 0 time 1 pv b3d5 f4h2 g1f1 c7c6 d5f3
[WORKER] 2026/03/06 14:41:26 worker.go:402: Получена строка от движка: info depth 6 seldepth 8 multipv 1 score cp -114 nodes 1623 nps 811500 hashfull 0 tbhits 0 time 2 pv g2g3 f4f3 b3b7 h7h5 b7b3 h5h4
[WORKER] 2026/03/06 14:41:26 worker.go:402: Получена строка от движка: info depth 6 seldepth 10 multipv 2 score cp -250 nodes 1623 nps 811500 hashfull 0 tbhits 0 time 2 pv g1f1 f4h2 b3d5 c7c6 d5f3 a8d8 d4d5 c6d5
[WORKER] 2026/03/06 14:41:26 worker.go:402: Получена строка от движка: info depth 6 seldepth 7 multipv 3 score cp -250 nodes 1623 nps 811500 hashfull 0 tbhits 0 time 2 pv b3d5 f4h2 g1f1 c7c6 d5f3 a8d8
[WORKER] 2026/03/06 14:41:26 worker.go:402: Получена строка от движка: info depth 7 seldepth 11 multipv 1 score cp -178 nodes 2466 nps 1233000 hashfull 0 tbhits 0 time 2 pv g2g3 f4f3 b3b7 h7h5 b7b3 h5h4 e3d2 e8e1 d2e1
[WORKER] 2026/03/06 14:41:26 worker.go:402: Получена строка от движка: info depth 7 seldepth 12 multipv 2 score cp -186 nodes 2466 nps 1233000 hashfull 0 tbhits 0 time 2 pv b3d5 f4h2 g1f1 c7c6 d5f3 a8d8 g2g3
[WORKER] 2026/03/06 14:41:26 worker.go:402: Получена строка от движка: info depth 7 seldepth 10 multipv 3 score cp -192 nodes 2466 nps 1233000 hashfull 0 tbhits 0 time 2 pv g1f1 f4f5 c2e2 b7b6
[WORKER] 2026/03/06 14:41:26 worker.go:402: Получена строка от движка: info depth 8 seldepth 12 multipv 1 score cp -172 nodes 3444 nps 861000 hashfull 0 tbhits 0 time 4 pv g2g3 f4f3 b3b7 h7h5 b7b5 h5h4 c2c1 a8b8 b5e2 f3f5 g3g4
[WORKER] 2026/03/06 14:41:26 worker.go:402: Получена строка от движка: info depth 8 seldepth 12 multipv 2 score cp -194 nodes 3444 nps 861000 hashfull 0 tbhits 0 time 4 pv b3d5 f4h2 g1f1 c7c6 d5f3 a8d8 g2g3 h7h5 f3g2
[WORKER] 2026/03/06 14:41:26 worker.go:402: Получена строка от движка: info depth 8 seldepth 12 multipv 3 score cp -208 nodes 3444 nps 861000 hashfull 0 tbhits 0 time 4 pv g1f1 f4f5 c2e2 d6h2
[WORKER] 2026/03/06 14:41:26 worker.go:402: Получена строка от движка: info depth 9 seldepth 13 multipv 1 score cp -172 nodes 4530 nps 755000 hashfull 1 tbhits 0 time 6 pv g2g3 f4f3 b3b7 h7h5 b7b5 h5h4 c2c1 a8b8 b5e2 f3f5 g3g4 f5g6
[WORKER] 2026/03/06 14:41:26 worker.go:402: Получена строка от движка: info depth 9 seldepth 14 multipv 2 score cp -192 nodes 4530 nps 755000 hashfull 1 tbhits 0 time 6 pv b3d5 f4h2 g1f1 c7c6 d5f3 h7h5 f1e2 a8d8 e2d3
[WORKER] 2026/03/06 14:41:26 worker.go:402: Получена строка от движка: info depth 9 seldepth 13 multipv 3 score cp -193 nodes 4530 nps 755000 hashfull 1 tbhits 0 time 6 pv g1f1 f4h2 b3d5 c7c6 d5f3 a8d8
[WORKER] 2026/03/06 14:41:26 worker.go:402: Получена строка от движка: info depth 10 seldepth 16 multipv 1 score cp -172 nodes 11410 nps 713125 hashfull 3 tbhits 0 time 16 pv g2g3 f4f3 b3b7 h7h5 b7b5 h5h4 c2c1 a8b8 b5e2 f3f5 g3g4 f5g6 h2h3 e8e4 g1g2
[WORKER] 2026/03/06 14:41:26 worker.go:402: Получена строка от движка: info depth 10 seldepth 23 multipv 2 score cp -191 nodes 11410 nps 713125 hashfull 3 tbhits 0 time 16 pv b3d5 f4h2 g1f1 c7c6 d5f3 a8d8 e1d1 d6b4 a2a3 b4a5 b2b4
[WORKER] 2026/03/06 14:41:26 worker.go:402: Получена строка от движка: info depth 10 seldepth 21 multipv 3 score cp -205 nodes 11410 nps 713125 hashfull 3 tbhits 0 time 16 pv g1f1 f4h2 b3d5 c7c6 d5f3 a8d8 e1d1 d6c7 c2c5 c7b6 c5f5 h2h1 f1e2
[WORKER] 2026/03/06 14:41:26 worker.go:402: Получена строка от движка: info depth 11 seldepth 27 multipv 1 score cp -170 nodes 21792 nps 726400 hashfull 5 tbhits 0 time 30 pv g2g3 f4f3 b3b7 h7h5 b7b5 h5h4 e3d2 e8e1 d2e1 h4h3 b5f1 a8e8 e1a5 g7g5 c2c3 f3f5 f2f3 e8e6 c3d3 c7c6 a5c3 g5g4 a2a3
[WORKER] 2026/03/06 14:41:26 worker.go:402: Получена строка от движка: info depth 11 seldepth 16 multipv 2 score cp -181 nodes 21792 nps 726400 hashfull 5 tbhits 0 time 30 pv b3d5 f4h2 g1f1 c7c6 d5f3 a8d8 e1d1 d6b4 a2a3 b4f8 d4d5 c6d5 d1d5 h2h1 f1e2
[WORKER] 2026/03/06 14:41:26 worker.go:402: Получена строка от движка: info depth 11 seldepth 19 multipv 3 score cp -181 nodes 21792 nps 726400 hashfull 5 tbhits 0 time 30 pv g1f1 f4h2 b3d5 c7c6 d5f3 a8d8 e1d1 d6b4 a2a3 b4f8 d4d5 c6d5 d1d5 h2h1 f1e2 h1b1
[WORKER] 2026/03/06 14:41:26 worker.go:402: Получена строка от движка: info depth 12 seldepth 32 multipv 1 score cp -169 nodes 74138 nps 650333 hashfull 23 tbhits 0 time 114 pv g2g3 f4f3 b3b7 h7h5 b7b5 h5h4 b5d3 a7a5 c2c1 h4h3 d3f1 f3f5 e3d2 a5a4
[WORKER] 2026/03/06 14:41:26 worker.go:402: Получена строка от движка: info depth 12 seldepth 22 multipv 2 score cp -177 nodes 74138 nps 650333 hashfull 23 tbhits 0 time 114 pv b3d5 f4h2 g1f1 c7c6 d5f3 a8d8 e1d1 d6c7 c2c5 g7g6 g2g4 h2h4 f1g2 c7b6 c5e5 e8e5
[WORKER] 2026/03/06 14:41:26 worker.go:402: Получена строка от движка: info depth 12 seldepth 24 multipv 3 score cp -203 nodes 74138 nps 650333 hashfull 23 tbhits 0 time 114 pv g1f1 f4h2 b3d5 c7c6 d5f3 a8d8 e1d1 f7f5 f3h3 h2h3 g2h3 d6b8 c2c5 f5f4 e3c1 d8d7
[WORKER] 2026/03/06 14:41:26 worker.go:402: Получена строка от движка: info depth 13 seldepth 39 multipv 1 score cp -157 nodes 128351 nps 686368 hashfull 44 tbhits 0 time 187 pv g2g3 f4f3 b3b7 h7h5 b7b5 e8e4 e3d2 a8e8 c2c1 h5h4 e1e4 e8e4 c1e1 e4d4
[WORKER] 2026/03/06 14:41:26 worker.go:402: Получена строка от движка: info depth 13 seldepth 24 multipv 2 score cp -196 nodes 128351 nps 686368 hashfull 44 tbhits 0 time 187 pv b3d5 f4h2 g1f1 c7c6 d5f3 a8d8 d4d5 c6d5 f3h3 h2h3 g2h3 d6b8 e1d1 d8d7 c2d2
[WORKER] 2026/03/06 14:41:26 worker.go:402: Получена строка от движка: info depth 13 seldepth 27 multipv 3 score cp -200 nodes 128351 nps 686368 hashfull 44 tbhits 0 time 187 pv g1f1 f4h2 b3d5 c7c6 d5f3 a8d8 g2g4 d6c7 c2c5 c7b6 c5h5 h2d6 f1g2 h7h6 h5f5 f7f6 e3f4 d6d7 f3b3 g8h8
[WORKER] 2026/03/06 14:41:26 worker.go:402: Получена строка от движка: info depth 14 seldepth 28 multipv 1 score cp -166 nodes 154934 nps 694771 hashfull 52 tbhits 0 time 223 pv g2g3 f4f3 b3b7 h7h5 b7b5 e8e4 e3d2 a8e8 c2c1 h5h4 e1e4 e8e4 c1e1 e4d4 b5e8 g8h7 e8e3 f3e3 d2e3 d4a4
[WORKER] 2026/03/06 14:41:26 worker.go:402: Получена строка от движка: info depth 14 seldepth 28 multipv 2 score cp -209 nodes 154934 nps 694771 hashfull 52 tbhits 0 time 223 pv g1f1 f4h2 b3d5 c7c6 d5f3 a8d8 g2g3
[WORKER] 2026/03/06 14:41:26 worker.go:402: Получена строка от движка: info depth 14 seldepth 27 multipv 3 score cp -212 nodes 154934 nps 694771 hashfull 52 tbhits 0 time 223 pv b3d5 f4h2 g1f1 b7b6 d5f3 a8d8 c2c4 e8e6 d4d5 e6e5
[WORKER] 2026/03/06 14:41:26 worker.go:402: Получена строка от движка: info depth 15 seldepth 28 multipv 1 score cp -165 nodes 236365 nps 725046 hashfull 85 tbhits 0 time 326 pv g2g3 f4f3 b3b7 h7h5 b7b5 h5h4 b5d3 a7a5 d3d1 f3e4 a2a3 a5a4 c2c3 e4f5
[WORKER] 2026/03/06 14:41:26 worker.go:402: Получена строка от движка: info depth 15 seldepth 22 multipv 2 score cp -223 nodes 236365 nps 725046 hashfull 85 tbhits 0 time 326 pv b3d5 f4h2 g1f1 a8b8 g2g4 h2h4 d5h5 h4f6 h5f5 f6f5 g4f5 e8e4 f1g2 b8e8
[WORKER] 2026/03/06 14:41:26 worker.go:402: Получена строка от движка: info depth 15 seldepth 30 multipv 3 score cp -223 nodes 236365 nps 725046 hashfull 85 tbhits 0 time 326 pv g1f1 f4h2 b3d5 a8b8 d5f3 e8e6 d4d5 e6e5 c2c4 b8e8 g2g4 h2h4 e1c1 h7h5 g4h5 h4h5 f3h5 e5h5 e3a7 h5d5
[WORKER] 2026/03/06 14:41:26 worker.go:402: Получена строка от движка: info depth 16 seldepth 32 multipv 1 score cp -156 nodes 478335 nps 726952 hashfull 183 tbhits 0 time 658 pv g2g3 f4f3 b3b7 h7h5 b7b5 h5h4 b5d3 a7a5 d3d1 f3e4 a2a3 a5a4 c2d2 e8e6 d1c2 e4g4 c2d1 g4g6 d2e2 h4h3 f2f3 a8e8 g1f2
[WORKER] 2026/03/06 14:41:26 worker.go:402: Получена строка от движка: info depth 16 seldepth 30 multipv 2 score cp -208 nodes 478335 nps 726952 hashfull 183 tbhits 0 time 658 pv b3d5 f4h2 g1f1 a8b8 d5f3 e8e6 d4d5 e6f6 f3e4 b8f8 c2c4 f6g6 e4f3 h7h6 g2g3 g6f6
[WORKER] 2026/03/06 14:41:26 worker.go:402: Получена строка от движка: info depth 16 seldepth 31 multipv 3 score cp -221 nodes 478335 nps 726952 hashfull 183 tbhits 0 time 658 pv g1f1 f4h2 b3d5 a8b8 d5f3 e8e6 d4d5 e6e5 c2c4 b8e8 e1d1 h7h5 g2g4 b7b5 c4d4 h5g4 d4g4 h2h5 d1d3
[WORKER] 2026/03/06 14:41:26 worker.go:402: Получена строка от движка: bestmove g2g3 ponder f4f3
[WORKER] 2026/03/06 14:41:26 worker.go:518: Анализ позиции: 4 тактических ходов из 36 возможных
[WORKER] 2026/03/06 14:41:26 worker.go:179: Полуход 35. Ход белых: 30.3 сек (оценка: -156)
[WORKER] 2026/03/06 14:41:26 worker.go:402: Получена строка от движка: info string Available processors: 0-11
[WORKER] 2026/03/06 14:41:26 worker.go:402: Получена строка от движка: info string Using 1 thread
[WORKER] 2026/03/06 14:41:26 worker.go:402: Получена строка от движка: info string NNUE evaluation using nn-c288c895ea92.nnue (125MiB, (102384, 1024, 15, 32, 1))
[WORKER] 2026/03/06 14:41:26 worker.go:402: Получена строка от движка: info string NNUE evaluation using nn-37f18f62d772.nnue (6MiB, (22528, 128, 15, 32, 1))
[WORKER] 2026/03/06 14:41:26 worker.go:402: Получена строка от движка: info string Network replica 1: Shared memory.
[WORKER] 2026/03/06 14:41:26 worker.go:402: Получена строка от движка: info depth 1 seldepth 6 multipv 1 score cp 156 nodes 141 nps 141000 hashfull 0 tbhits 0 time 1 pv f4f3
[WORKER] 2026/03/06 14:41:26 worker.go:402: Получена строка от движка: info depth 1 seldepth 2 multipv 2 score cp 151 nodes 141 nps 141000 hashfull 0 tbhits 0 time 1 pv f4f5
[WORKER] 2026/03/06 14:41:26 worker.go:402: Получена строка от движка: info depth 1 seldepth 2 multipv 3 score cp 123 nodes 141 nps 141000 hashfull 0 tbhits 0 time 1 pv f4e4
[WORKER] 2026/03/06 14:41:26 worker.go:402: Получена строка от движка: info depth 2 seldepth 3 multipv 1 score cp 156 nodes 457 nps 457000 hashfull 0 tbhits 0 time 1 pv f4f3 c2c3
[WORKER] 2026/03/06 14:41:26 worker.go:402: Получена строка от движка: info depth 2 seldepth 14 multipv 2 score cp 142 nodes 457 nps 457000 hashfull 0 tbhits 0 time 1 pv f4f5 c2e2
[WORKER] 2026/03/06 14:41:26 worker.go:402: Получена строка от движка: info depth 2 seldepth 4 multipv 3 score cp 117 nodes 457 nps 457000 hashfull 0 tbhits 0 time 1 pv f4e4 c2e2
[WORKER] 2026/03/06 14:41:26 worker.go:402: Получена строка от движка: info depth 3 seldepth 10 multipv 1 score cp 157 nodes 692 nps 692000 hashfull 0 tbhits 0 time 1 pv f4f3 c2e2 e8e6 b3b7 a8e8
[WORKER] 2026/03/06 14:41:26 worker.go:402: Получена строка от движка: info depth 3 seldepth 4 multipv 2 score cp 141 nodes 692 nps 692000 hashfull 0 tbhits 0 time 1 pv f4f5 c2e2 b7b6
[WORKER] 2026/03/06 14:41:26 worker.go:402: Получена строка от движка: info depth 3 seldepth 5 multipv 3 score cp 104 nodes 692 nps 692000 hashfull 0 tbhits 0 time 1 pv f4e4 c2e2 e4f3
[WORKER] 2026/03/06 14:41:26 worker.go:402: Получена строка от движка: info depth 4 seldepth 23 multipv 1 score cp 145 nodes 1063 nps 1063000 hashfull 0 tbhits 0 time 1 pv f4f3 b3b7 h7h5 b7b5
[WORKER] 2026/03/06 14:41:26 worker.go:402: Получена строка от движка: info depth 4 seldepth 7 multipv 2 score cp 142 nodes 1063 nps 1063000 hashfull 0 tbhits 0 time 1 pv f4f5 c2e2 b7b6 e3d2 e8e2 e1e2
[WORKER] 2026/03/06 14:41:26 worker.go:402: Получена строка от движка: info depth 4 seldepth 5 multipv 3 score cp 121 nodes 1063 nps 1063000 hashfull 0 tbhits 0 time 1 pv f4e4 c2e2 e4f3 b3b7
[WORKER] 2026/03/06 14:41:26 worker.go:402: Получена строка от движка: info depth 5 seldepth 7 multipv 1 score cp 145 nodes 1720 nps 1720000 hashfull 0 tbhits 0 time 1 pv f4f3 b3b7 h7h5 b7b5 h5h4
[WORKER] 2026/03/06 14:41:26 worker.go:402: Получена строка от движка: info depth 5 seldepth 7 multipv 2 score cp 142 nodes 1720 nps 1720000 hashfull 0 tbhits 0 time 1 pv f4f5 c2e2 b7b6 e3d2 e8e2
[WORKER] 2026/03/06 14:41:26 worker.go:402: Получена строка от движка: info depth 5 seldepth 12 multipv 3 score cp 48 nodes 1720 nps 1720000 hashfull 0 tbhits 0 time 1 pv f4e4 c2e2 h7h6 b3b7
[WORKER] 2026/03/06 14:41:26 worker.go:402: Получена строка от движка: info depth 6 seldepth 7 multipv 1 score cp 149 nodes 2687 nps 2687000 hashfull 0 tbhits 0 time 1 pv f4f3 b3b7 h7h5 b7b5 h5h4 b5f1
[WORKER] 2026/03/06 14:41:26 worker.go:402: Получена строка от движка: info depth 6 seldepth 7 multipv 2 score cp 142 nodes 2687 nps 2687000 hashfull 0 tbhits 0 time 1 pv f4f5 c2e2 b7b6 e3d2 e8e2 e1e2
[WORKER] 2026/03/06 14:41:26 worker.go:402: Получена строка от движка: info depth 6 seldepth 12 multipv 3 score cp 44 nodes 2687 nps 2687000 hashfull 0 tbhits 0 time 1 pv f4e4 c2e2 e4f3 e3d2 f3e2 e1e2 e8e2 b3b7 a8e8
[WORKER] 2026/03/06 14:41:26 worker.go:402: Получена строка от движка: info depth 7 seldepth 9 multipv 1 score cp 156 nodes 3737 nps 1868500 hashfull 0 tbhits 0 time 2 pv f4f3 b3b7 h7h5 b7b5 h5h4 b5f1 e8e4
[WORKER] 2026/03/06 14:41:26 worker.go:402: Получена строка от движка: info depth 7 seldepth 8 multipv 2 score cp 141 nodes 3737 nps 1868500 hashfull 0 tbhits 0 time 2 pv f4f5 c2e2 b7b6 e3d2 e8e2 e1e2 h7h5
[WORKER] 2026/03/06 14:41:26 worker.go:402: Получена строка от движка: info depth 7 seldepth 9 multipv 3 score cp 67 nodes 3737 nps 1868500 hashfull 0 tbhits 0 time 2 pv f4g4 b3d5 h7h5 d5b7 h5h4 b7d5
[WORKER] 2026/03/06 14:41:26 worker.go:402: Получена строка от движка: info depth 8 seldepth 11 multipv 1 score cp 156 nodes 6571 nps 1314200 hashfull 0 tbhits 0 time 5 pv f4f3 b3b7 h7h5 b7b5 h5h4 b5f1 e8e4 f1g2
[WORKER] 2026/03/06 14:41:26 worker.go:402: Получена строка от движка: info depth 8 seldepth 19 multipv 2 score cp 136 nodes 6571 nps 1314200 hashfull 0 tbhits 0 time 5 pv f4f5 c2e2 b7b6 e3d2 e8e2 e1e2 h7h5 h2h4 a8c8 e2e1 c7c5 d2c3 c5d4 c3d4 c8c4 e1e8 g8h7 b3e3
[WORKER] 2026/03/06 14:41:26 worker.go:402: Получена строка от движка: info depth 8 seldepth 9 multipv 3 score cp 58 nodes 6571 nps 1314200 hashfull 0 tbhits 0 time 5 pv f4g4 b3d5 h7h5 d5b7 h5h4 b7d5 h4h3 c2c1
[WORKER] 2026/03/06 14:41:26 worker.go:402: Получена строка от движка: info depth 9 seldepth 23 multipv 1 score cp 166 nodes 14145 nps 1178750 hashfull 1 tbhits 0 time 12 pv f4f3 b3b7 h7h5 b7b5 e8e4 b5d5
[WORKER] 2026/03/06 14:41:26 worker.go:402: Получена строка от движка: info depth 9 seldepth 21 multipv 2 score cp 136 nodes 14145 nps 1178750 hashfull 1 tbhits 0 time 12 pv f4f5 c2e2 b7b6 e3d2 e8e2 e1e2 h7h5 h2h4 a8c8 b3a4
[WORKER] 2026/03/06 14:41:26 worker.go:402: Получена строка от движка: info depth 9 seldepth 12 multipv 3 score cp 56 nodes 14145 nps 1178750 hashfull 1 tbhits 0 time 12 pv f4g4 b3d5 a8b8 g1g2 h7h5 h2h4 e8e4 d5g5
[WORKER] 2026/03/06 14:41:26 worker.go:402: Получена строка от движка: info depth 10 seldepth 12 multipv 1 score cp 166 nodes 18047 nps 1127937 hashfull 1 tbhits 0 time 16 pv f4f3 b3b7 h7h5 b7b5 e8e4 c2c3 a8e8 e1f1 f3f5
[WORKER] 2026/03/06 14:41:26 worker.go:402: Получена строка от движка: info depth 10 seldepth 20 multipv 2 score cp 137 nodes 18047 nps 1127937 hashfull 1 tbhits 0 time 16 pv f4f5 c2e2 b7b6 e3d2 e8e2 e1e2 h7h5 h2h4 c7c5 d2c3 a8c8 b3a4 f5g4 e2e1 c5d4
[WORKER] 2026/03/06 14:41:26 worker.go:402: Получена строка от движка: info depth 10 seldepth 16 multipv 3 score cp 57 nodes 18047 nps 1127937 hashfull 1 tbhits 0 time 16 pv f4g4 b3d5 a8b8 g1g2 h7h5 h2h3 g4g6 c2e2 h5h4 d5g5
[WORKER] 2026/03/06 14:41:26 worker.go:402: Получена строка от движка: info depth 11 seldepth 22 multipv 1 score cp 162 nodes 29094 nps 1039071 hashfull 5 tbhits 0 time 28 pv f4f3 b3b7 h7h5 b7b5 h5h4 b5e2 f3f5 g3g4 f5g6 h2h3 e8e4 g1h1 a8e8 e2b5 e4e3 f2e3 g6c2 b5e8 g8h7 e8f7
[WORKER] 2026/03/06 14:41:26 worker.go:402: Получена строка от движка: info depth 11 seldepth 18 multipv 2 score cp 136 nodes 29094 nps 1039071 hashfull 5 tbhits 0 time 28 pv f4f5 c2e2 b7b6 e3d2 e8e2 e1e2 h7h5 h2h4 c7c5 d2c3 a8c8 e2e1 c5d4 c3d4 c8c4 e1e8 g8h7
[WORKER] 2026/03/06 14:41:26 worker.go:402: Получена строка от движка: info depth 11 seldepth 17 multipv 3 score cp 45 nodes 29094 nps 1039071 hashfull 5 tbhits 0 time 28 pv f4e4 c2e2 e4g4 b3b7 a8d8 g1g2 h7h5 f2f3 g4f5 e3f2 e8e2 e1e2 h5h4 g3h4
[WORKER] 2026/03/06 14:41:26 worker.go:402: Получена строка от движка: info depth 12 seldepth 23 multipv 1 score cp 164 nodes 53003 nps 803075 hashfull 12 tbhits 0 time 66 pv f4f3 b3b7 h7h5 b7b5 e8e4 c2c3 a8e8 e1f1 f3f5 b5d3 f5h3 e3d2
[WORKER] 2026/03/06 14:41:26 worker.go:402: Получена строка от движка: info depth 12 seldepth 27 multipv 2 score cp 127 nodes 53003 nps 803075 hashfull 12 tbhits 0 time 66 pv f4f5 c2e2 b7b6 e3d2 e8e2 e1e2 h7h5 h2h4 c7c5 d2c3 a8c8 b3a4 f5g4 e2e8 c8e8 a4e8 d6f8 e8a8
[WORKER] 2026/03/06 14:41:26 worker.go:402: Получена строка от движка: info depth 12 seldepth 19 multipv 3 score cp 48 nodes 53003 nps 803075 hashfull 12 tbhits 0 time 66 pv f4g4 b3d5 h7h5 d5b7 h5h4 b7d5 a8d8 d5g2 g4f5
[WORKER] 2026/03/06 14:41:26 worker.go:402: Получена строка от движка: info depth 13 seldepth 21 multipv 1 score cp 157 nodes 73524 nps 826112 hashfull 20 tbhits 0 time 89 pv f4f3 b3b7 h7h5 b7b3 h5h4 b3d3 a7a5 d3d1 f3e4 e3d2 e4d4 d1f3 h4h3
[WORKER] 2026/03/06 14:41:26 worker.go:402: Получена строка от движка: info depth 13 seldepth 25 multipv 2 score cp 133 nodes 73524 nps 826112 hashfull 20 tbhits 0 time 89 pv f4f5 c2e2 b7b6 e3d2 e8e2 e1e2 a8c8 b3a4 h7h5 h2h4 a7a5 g1g2
[WORKER] 2026/03/06 14:41:26 worker.go:402: Получена строка от движка: info depth 13 seldepth 17 multipv 3 score cp 51 nodes 73524 nps 826112 hashfull 20 tbhits 0 time 89 pv f4g4 b3d5 h7h5 d5b7 h5h4 b7g2 h4h3 g2f1 a8b8 b2b3
[WORKER] 2026/03/06 14:41:26 worker.go:402: Получена строка от движка: info depth 14 seldepth 34 multipv 1 score cp 161 nodes 130259 nps 834993 hashfull 39 tbhits 0 time 156 pv f4f3 b3b7 h7h5 b7b5 h5h4 b5e2 f3f5 g3g4 f5g6 h2h3 e8e4 g1h1 a8e8 e2b5 e4e3 f2e3 g6c2 b5e8 g8h7 e8f7
[WORKER] 2026/03/06 14:41:26 worker.go:402: Получена строка от движка: info depth 14 seldepth 25 multipv 2 score cp 125 nodes 130259 nps 834993 hashfull 39 tbhits 0 time 156 pv f4f5 c2e2 a8b8 e3d2 e8e2 e1e2 f5g4 b3d3 b8d8 g1g2 c7c6
[WORKER] 2026/03/06 14:41:26 worker.go:402: Получена строка от движка: info depth 14 seldepth 22 multipv 3 score cp 41 nodes 130259 nps 834993 hashfull 39 tbhits 0 time 156 pv f4g4 b3d5 h7h5 d5b7 h5h4 c2e2 a8b8 b7d5 d6b4 f2f3 g4e6 d5e6
[WORKER] 2026/03/06 14:41:27 worker.go:402: Получена строка от движка: info depth 15 seldepth 38 multipv 1 score cp 148 nodes 252679 nps 802155 hashfull 81 tbhits 0 time 315 pv f4f3 b3b7 h7h5 b7b5 e8e4 e3d2 a8e8 c2c1 h5h4 b5f1 e8e6 c1c3 f3h5 e1e4 e6e4 c3d3 c7c5 d4c5 d6c5
[WORKER] 2026/03/06 14:41:27 worker.go:402: Получена строка от движка: info depth 15 seldepth 29 multipv 2 score cp 128 nodes 252679 nps 802155 hashfull 81 tbhits 0 time 315 pv f4f5 c2e2 b7b6 e3d2 e8e2 e1e2 h7h5 h2h4 a8c8 g1g2 c7c6 e2e1 c6c5 d4c5 d6c5 d2f4 c5d4 e1e2 d4f6
[WORKER] 2026/03/06 14:41:27 worker.go:402: Получена строка от движка: info depth 15 seldepth 21 multipv 3 score cp 42 nodes 252679 nps 802155 hashfull 81 tbhits 0 time 315 pv f4g4 b3d5 h7h5 d5b7 h5h4 c2e2 a8b8 b7g2 h4h3 g2f1 d6b4 e3d2 e8e2 e1e2 b4d2 e2d2
[WORKER] 2026/03/06 14:41:27 worker.go:402: Получена строка от движка: info depth 16 seldepth 28 multipv 1 score cp 159 nodes 383242 nps 801761 hashfull 125 tbhits 0 time 478 pv f4f3 b3b7 h7h5 b7b5 e8e4 b5d3 a8e8 d3d1 f3f5 c2e2 h5h4 e3d2 e4e2 e1e2 e8e2 d1e2 f5b1 g1g2 b1b2
[WORKER] 2026/03/06 14:41:27 worker.go:402: Получена строка от движка: info depth 16 seldepth 33 multipv 2 score cp 129 nodes 383242 nps 801761 hashfull 125 tbhits 0 time 478 pv f4f5 c2e2 b7b6 e3d2 e8e2 e1e2 a8c8 g1g2 c7c6 h2h3 h7h5 e2e1 g7g6 d2h6 c6c5 d4c5 d6c5
[WORKER] 2026/03/06 14:41:27 worker.go:402: Получена строка от движка: info depth 16 seldepth 26 multipv 3 score cp 45 nodes 383242 nps 801761 hashfull 125 tbhits 0 time 478 pv f4g4 b3d5 h7h5 d5b7 h5h4 c2e2 a8b8 b7g2 h4h3 g2f1 a7a5 b2b3 a5a4 b3a4 g4f5 f2f3 d6b4 e1d1 b8a8 e3d2 e8e2 f1e2
[WORKER] 2026/03/06 14:41:27 worker.go:402: Получена строка от движка: bestmove f4f3 ponder b3b7
[WORKER] 2026/03/06 14:41:27 worker.go:518: Анализ позиции: 5 тактических ходов из 45 возможных
[WORKER] 2026/03/06 14:41:27 worker.go:179: Полуход 36. Ход черных: 11.7 сек (оценка: -159)
[WORKER] 2026/03/06 14:41:27 worker.go:402: Получена строка от движка: info string Available processors: 0-11
[WORKER] 2026/03/06 14:41:27 worker.go:402: Получена строка от движка: info string Using 1 thread
[WORKER] 2026/03/06 14:41:27 worker.go:402: Получена строка от движка: info string NNUE evaluation using nn-c288c895ea92.nnue (125MiB, (102384, 1024, 15, 32, 1))
[WORKER] 2026/03/06 14:41:27 worker.go:402: Получена строка от движка: info string NNUE evaluation using nn-37f18f62d772.nnue (6MiB, (22528, 128, 15, 32, 1))
[WORKER] 2026/03/06 14:41:27 worker.go:402: Получена строка от движка: info string Network replica 1: Shared memory.
[WORKER] 2026/03/06 14:41:27 worker.go:402: Получена строка от движка: info depth 1 seldepth 8 multipv 1 score cp -129 nodes 132 nps 132000 hashfull 0 tbhits 0 time 1 pv c2e2
[WORKER] 2026/03/06 14:41:27 worker.go:402: Получена строка от движка: info depth 1 seldepth 2 multipv 2 score cp -149 nodes 132 nps 132000 hashfull 0 tbhits 0 time 1 pv e1c1
[WORKER] 2026/03/06 14:41:27 worker.go:402: Получена строка от движка: info depth 1 seldepth 2 multipv 3 score cp -153 nodes 132 nps 132000 hashfull 0 tbhits 0 time 1 pv c2c1
[WORKER] 2026/03/06 14:41:27 worker.go:402: Получена строка от движка: info depth 2 seldepth 3 multipv 1 score cp -129 nodes 467 nps 467000 hashfull 0 tbhits 0 time 1 pv c2e2 b7b6
[WORKER] 2026/03/06 14:41:27 worker.go:402: Получена строка от движка: info depth 2 seldepth 4 multipv 2 score cp -163 nodes 467 nps 467000 hashfull 0 tbhits 0 time 1 pv e1c1 h7h5 b3b7
[WORKER] 2026/03/06 14:41:27 worker.go:402: Получена строка от движка: info depth 2 seldepth 6 multipv 3 score cp -164 nodes 467 nps 467000 hashfull 0 tbhits 0 time 1 pv c2c1 b7b6 e3d2
[WORKER] 2026/03/06 14:41:27 worker.go:402: Получена строка от движка: info depth 3 seldepth 5 multipv 1 score cp -129 nodes 658 nps 658000 hashfull 0 tbhits 0 time 1 pv c2e2 b7b6 e3d2
[WORKER] 2026/03/06 14:41:27 worker.go:402: Получена строка от движка: info depth 3 seldepth 4 multipv 2 score cp -163 nodes 658 nps 658000 hashfull 0 tbhits 0 time 1 pv e1c1 h7h5 b3b7
[WORKER] 2026/03/06 14:41:27 worker.go:402: Получена строка от движка: info depth 3 seldepth 8 multipv 3 score cp -165 nodes 658 nps 658000 hashfull 0 tbhits 0 time 1 pv a2a3 a7a5
[WORKER] 2026/03/06 14:41:27 worker.go:402: Получена строка от движка: info depth 4 seldepth 6 multipv 1 score cp -129 nodes 831 nps 831000 hashfull 0 tbhits 0 time 1 pv c2e2 b7b6 e3d2 e8e2
[WORKER] 2026/03/06 14:41:27 worker.go:402: Получена строка от движка: info depth 4 seldepth 6 multipv 2 score cp -167 nodes 831 nps 831000 hashfull 0 tbhits 0 time 1 pv a2a3
[WORKER] 2026/03/06 14:41:27 worker.go:402: Получена строка от движка: info depth 4 seldepth 6 multipv 3 score cp -168 nodes 831 nps 831000 hashfull 0 tbhits 0 time 1 pv e1c1 h7h5 b3b7 h5h4
[WORKER] 2026/03/06 14:41:27 worker.go:402: Получена строка от движка: info depth 5 seldepth 6 multipv 1 score cp -129 nodes 1206 nps 1206000 hashfull 0 tbhits 0 time 1 pv c2e2 b7b6 e3d2 e8e2 e1e2
[WORKER] 2026/03/06 14:41:27 worker.go:402: Получена строка от движка: info depth 5 seldepth 8 multipv 2 score cp -164 nodes 1206 nps 603000 hashfull 0 tbhits 0 time 2 pv a2a3 h7h5 c2e2 e8e4
[WORKER] 2026/03/06 14:41:27 worker.go:402: Получена строка от движка: info depth 5 seldepth 11 multipv 3 score cp -170 nodes 1206 nps 603000 hashfull 0 tbhits 0 time 2 pv h2h4 c7c6
[WORKER] 2026/03/06 14:41:27 worker.go:402: Получена строка от движка: info depth 6 seldepth 7 multipv 1 score cp -129 nodes 1643 nps 821500 hashfull 0 tbhits 0 time 2 pv c2e2 b7b6 e3d2 e8e2 e1e2 a8c8
[WORKER] 2026/03/06 14:41:27 worker.go:402: Получена строка от движка: info depth 6 seldepth 10 multipv 2 score cp -167 nodes 1643 nps 821500 hashfull 0 tbhits 0 time 2 pv c2c1 h7h5 h2h4 e8e4 b3b7
[WORKER] 2026/03/06 14:41:27 worker.go:402: Получена строка от движка: info depth 6 seldepth 11 multipv 3 score cp -170 nodes 1643 nps 821500 hashfull 0 tbhits 0 time 2 pv h2h4 b7b6 c2e2 e8e4 e3d2 a8e8 e2e4 e8e4
[WORKER] 2026/03/06 14:41:27 worker.go:402: Получена строка от движка: info depth 7 seldepth 8 multipv 1 score cp -129 nodes 2781 nps 927000 hashfull 0 tbhits 0 time 3 pv c2e2 b7b6 e3d2 e8e2 e1e2 a8c8 g1g2
[WORKER] 2026/03/06 14:41:27 worker.go:402: Получена строка от движка: info depth 7 seldepth 14 multipv 2 score cp -154 nodes 2781 nps 927000 hashfull 0 tbhits 0 time 3 pv c2c1 b7b6 e3d2 h7h5 h2h4 e8e4 e1e4 d5e4 c1e1
[WORKER] 2026/03/06 14:41:27 worker.go:402: Получена строка от движка: info depth 7 seldepth 11 multipv 3 score cp -173 nodes 2781 nps 927000 hashfull 0 tbhits 0 time 3 pv h2h4 b7b6 c2e2 e8e4 e3d2 a8e8 e2e4 e8e4
[WORKER] 2026/03/06 14:41:27 worker.go:402: Получена строка от движка: info depth 8 seldepth 14 multipv 1 score cp -129 nodes 3515 nps 878750 hashfull 0 tbhits 0 time 4 pv c2e2 b7b6 e3d2 e8e2 e1e2 a8c8 g1g2 c7c6 h2h3 h7h5 e2e1 g7g6 d2h6
[WORKER] 2026/03/06 14:41:27 worker.go:402: Получена строка от движка: info depth 8 seldepth 9 multipv 2 score cp -154 nodes 3515 nps 878750 hashfull 0 tbhits 0 time 4 pv c2c1 b7b6 e3d2 h7h5 h2h4 e8e4 e1e4 d5e4
[WORKER] 2026/03/06 14:41:27 worker.go:402: Получена строка от движка: info depth 8 seldepth 11 multipv 3 score cp -176 nodes 3515 nps 878750 hashfull 0 tbhits 0 time 4 pv h2h4 e8e4 b3b7 a8e8 b7b5 h7h5 g1g2
[WORKER] 2026/03/06 14:41:27 worker.go:402: Получена строка от движка: info depth 9 seldepth 14 multipv 1 score cp -129 nodes 8148 nps 740727 hashfull 3 tbhits 0 time 11 pv c2e2 b7b6 e3d2 e8e2 e1e2 a8c8 g1g2 g7g6
[WORKER] 2026/03/06 14:41:27 worker.go:402: Получена строка от движка: info depth 9 seldepth 14 multipv 2 score cp -169 nodes 8148 nps 740727 hashfull 3 tbhits 0 time 11 pv c2c1 h7h5 b3b7 h5h4 b7c6 a8b8
[WORKER] 2026/03/06 14:41:27 worker.go:402: Получена строка от движка: info depth 9 seldepth 16 multipv 3 score cp -192 nodes 8148 nps 740727 hashfull 3 tbhits 0 time 11 pv a2a4 h7h5 c2e2 h5h4 e3d2 e8e2 e1e2 h4h3 b3b7 f5f3 b7a8 g8h7
[WORKER] 2026/03/06 14:41:27 worker.go:402: Получена строка от движка: info depth 10 seldepth 27 multipv 1 score cp -128 nodes 21410 nps 629705 hashfull 7 tbhits 0 time 34 pv c2e2 b7b6 e3d2 e8e2 e1e2 a8c8 g1g2 c7c6 h2h3 h7h5 e2e1 g8h7 h3h4 c6c5 d4c5 c8c5
[WORKER] 2026/03/06 14:41:27 worker.go:402: Получена строка от движка: info depth 10 seldepth 22 multipv 2 score cp -167 nodes 21410 nps 629705 hashfull 7 tbhits 0 time 34 pv c2c1 h7h5 h2h4 e8e4 b3b7 a8e8 b7b5 g7g5 h4g5 h5h4 e3d2 h4g3 b5e8 g8g7
[WORKER] 2026/03/06 14:41:27 worker.go:402: Получена строка от движка: info depth 10 seldepth 17 multipv 3 score cp -194 nodes 21410 nps 629705 hashfull 7 tbhits 0 time 34 pv h2h4 e8e6 b3b7 a8e8 c2c1 h7h6
[WORKER] 2026/03/06 14:41:27 worker.go:402: Получена строка от движка: info depth 11 seldepth 25 multipv 1 score cp -130 nodes 35428 nps 600474 hashfull 12 tbhits 0 time 59 pv c2e2 b7b6 e3d2 e8e2 e1e2 a8c8 h2h4 f5g4 b3d3 g4d7 d3f3 c7c6 d2f4
[WORKER] 2026/03/06 14:41:27 worker.go:402: Получена строка от движка: info depth 11 seldepth 23 multipv 2 score cp -178 nodes 35428 nps 600474 hashfull 12 tbhits 0 time 59 pv c2c1 h7h5 h2h4 e8e4 b3b7 a8e8 b7b5 g7g5 h4g5 h5h4 e3d2 h4g3 b5e8 g8g7 f2g3 e4e8 e1e8 d6g3
[WORKER] 2026/03/06 14:41:27 worker.go:402: Получена строка от движка: info depth 11 seldepth 19 multipv 3 score cp -185 nodes 35428 nps 600474 hashfull 12 tbhits 0 time 59 pv h2h4 e8e6 c2c3 a8b8
[WORKER] 2026/03/06 14:41:27 worker.go:402: Получена строка от движка: info depth 12 seldepth 23 multipv 1 score cp -129 nodes 112685 nps 741348 hashfull 36 tbhits 0 time 152 pv c2e2 b7b6 e3d2 e8e2 e1e2 a8c8 g1g2 f5g4 b3d3 g4d7 d3a6 c8e8 e2e8 d7e8 a6a7 h7h5 h2h4
[WORKER] 2026/03/06 14:41:27 worker.go:402: Получена строка от движка: info depth 12 seldepth 24 multipv 2 score cp -167 nodes 112685 nps 741348 hashfull 36 tbhits 0 time 152 pv c2c1 h7h5 b3b7 a8b8 b7c6 e8e4 c6c3 h5h4 e3d2 e4e1 c1e1 h4h3 f2f3
[WORKER] 2026/03/06 14:41:27 worker.go:402: Получена строка от движка: info depth 12 seldepth 26 multipv 3 score cp -199 nodes 112685 nps 741348 hashfull 36 tbhits 0 time 152 pv e1c1 h7h5 b3b7 a8b8 b7a6 h5h4 a6e2
[WORKER] 2026/03/06 14:41:27 worker.go:402: Получена строка от движка: info depth 13 seldepth 29 multipv 1 score cp -122 nodes 211870 nps 778933 hashfull 79 tbhits 0 time 272 pv c2e2 b7b6 e3d2 e8e2 e1e2 a8c8 g1g2 c7c6 h2h4 f5g4 b3d3 g4d7 d3e3 h7h6 a2a3 g8f8 d2b4 d6b4 a3b4
[WORKER] 2026/03/06 14:41:27 worker.go:402: Получена строка от движка: info depth 13 seldepth 27 multipv 2 score cp -180 nodes 211870 nps 778933 hashfull 79 tbhits 0 time 272 pv c2c1 h7h5 b3b7 h5h4 b7c6 h4h3 e3d2 e8e1 c1e1 a8b8 e1e8 b8e8 c6e8 d6f8
[WORKER] 2026/03/06 14:41:27 worker.go:402: Получена строка от движка: info depth 13 seldepth 26 multipv 3 score cp -202 nodes 211870 nps 778933 hashfull 79 tbhits 0 time 272 pv g1g2 h7h5 h2h4 f5e4 g2g1 e4f3 c2c3 b7b6 b3c2 e8e4 e3d2 e4e1 d2e1
[WORKER] 2026/03/06 14:41:27 worker.go:402: Получена строка от движка: info depth 14 seldepth 32 multipv 1 score cp -127 nodes 298125 nps 770348 hashfull 107 tbhits 0 time 387 pv c2e2 b7b6 e3d2 e8e2 e1e2 a8c8 g1g2 h7h5 h2h4 c7c6 e2e1 g8h7 b3a4 c8c7 e1e3 f5g6 a4b3 f7f5 b3c2 f5f4 c2g6 h7g6
[WORKER] 2026/03/06 14:41:27 worker.go:402: Получена строка от движка: info depth 14 seldepth 20 multipv 2 score cp -181 nodes 298125 nps 770348 hashfull 107 tbhits 0 time 387 pv c2c1 h7h5 b3b7 h5h4 e3d2 a8b8 e1e8 b8e8 c1e1 e8e1 d2e1 h4h3 b7b5 f5e4 b5f1 g7g5
[WORKER] 2026/03/06 14:41:27 worker.go:402: Получена строка от движка: info depth 14 seldepth 25 multipv 3 score cp -201 nodes 298125 nps 770348 hashfull 107 tbhits 0 time 387 pv g1g2 h7h5 c2e2 h5h4 f2f3 e8e6 e3d2 a8e8 e2e6 e8e6 e1e6 f5e6 b3e3 e6e3 d2e3 h4g3 h2g3 g8f8 g2f2 b7b5 a2a3 b5b4 a3b4 d6b4
[WORKER] 2026/03/06 14:41:27 worker.go:402: Получена строка от движка: info depth 15 seldepth 33 multipv 1 score cp -126 nodes 438711 nps 759015 hashfull 161 tbhits 0 time 578 pv c2e2 b7b6 e3d2 e8e2 e1e2 a8c8 h2h4 f5g4 b3d3 f7f5 d2e1 g4h5 e1d2 f5f4 d2f4 d6f4 g3f4 h5g4 g1f1 g4f4
[WORKER] 2026/03/06 14:41:27 worker.go:402: Получена строка от движка: info depth 15 seldepth 30 multipv 2 score cp -167 nodes 438711 nps 759015 hashfull 161 tbhits 0 time 578 pv c2c1 h7h5 e3d2 h5h4 b3b7 a8b8 e1e8 b8e8 c1e1 e8e1 d2e1 h4h3 b7b5 f5e4 b5f1 c7c5 e1a5 e4d4 f1h3 d4b2 h3d7 b2b1 g1g2 b1e4 g2g1
[WORKER] 2026/03/06 14:41:27 worker.go:402: Получена строка от движка: info depth 15 seldepth 35 multipv 3 score cp -203 nodes 438711 nps 759015 hashfull 161 tbhits 0 time 578 pv c2d2 h7h5 d2e2 a8b8 e3d2 e8e2 e1e2 h5h4 e2e3 h4h3 g1f1 g7g6 b3d3 f5d7 b2b3
[WORKER] 2026/03/06 14:41:28 worker.go:402: Получена строка от движка: info depth 16 seldepth 30 multipv 1 score cp -123 nodes 741705 nps 778284 hashfull 271 tbhits 0 time 953 pv c2e2 b7b6 e3d2 e8e2 e1e2 h7h5 h2h4 a8c8 e2e3 c7c5 d2c3 c8d8 g1g2 d6f8 b3a4 f5d7 a4d7 d8d7 e3e8 f7f6 d4c5 b6c5 e8c8 g8f7
[WORKER] 2026/03/06 14:41:28 worker.go:402: Получена строка от движка: info depth 16 seldepth 44 multipv 2 score cp -193 nodes 741705 nps 778284 hashfull 271 tbhits 0 time 953 pv c2c1 h7h5 b3b7 a8b8 b7c6 e8e4 c6c2 h5h4 e3d2 h4h3 e1e3 f5f6 d2c3 e4e3 f2e3 f6f3
[WORKER] 2026/03/06 14:41:28 worker.go:402: Получена строка от движка: info depth 16 seldepth 33 multipv 3 score cp -210 nodes 741705 nps 778284 hashfull 271 tbhits 0 time 953 pv c2d2 h7h5 d2e2 h5h4 e3d2 e8e2 e1e2 b7b6 e2e3 h4h3 g1f1 a8c8 b3d3 f5d3 e3d3 c8e8 b2b4 a7a6 d3a3 e8e4 a3a6 e4d4
[WORKER] 2026/03/06 14:41:28 worker.go:402: Получена строка от движка: bestmove c2e2 ponder b7b6
[WORKER] 2026/03/06 14:41:28 worker.go:518: Анализ позиции: 3 тактических ходов из 39 возможных
[WORKER] 2026/03/06 14:41:28 worker.go:179: Полуход 37. Ход белых: 14.7 сек (оценка: -123)
[WORKER] 2026/03/06 14:41:28 worker.go:402: Получена строка от движка: info string Available processors: 0-11
[WORKER] 2026/03/06 14:41:28 worker.go:402: Получена строка от движка: info string Using 1 thread
[WORKER] 2026/03/06 14:41:28 worker.go:402: Получена строка от движка: info string NNUE evaluation using nn-c288c895ea92.nnue (125MiB, (102384, 1024, 15, 32, 1))
[WORKER] 2026/03/06 14:41:28 worker.go:402: Получена строка от движка: info string NNUE evaluation using nn-37f18f62d772.nnue (6MiB, (22528, 128, 15, 32, 1))
[WORKER] 2026/03/06 14:41:28 worker.go:402: Получена строка от движка: info string Network replica 1: Shared memory.
[WORKER] 2026/03/06 14:41:28 worker.go:402: Получена строка от движка: info depth 1 seldepth 5 multipv 1 score cp 175 nodes 171 nps 171000 hashfull 0 tbhits 0 time 1 pv a8b8
[WORKER] 2026/03/06 14:41:28 worker.go:402: Получена строка от движка: info depth 1 seldepth 3 multipv 2 score cp 166 nodes 171 nps 171000 hashfull 0 tbhits 0 time 1 pv e8e6
[WORKER] 2026/03/06 14:41:28 worker.go:402: Получена строка от движка: info depth 1 seldepth 3 multipv 3 score cp 140 nodes 171 nps 171000 hashfull 0 tbhits 0 time 1 pv e8b8
[WORKER] 2026/03/06 14:41:28 worker.go:402: Получена строка от движка: info depth 2 seldepth 5 multipv 1 score cp 173 nodes 542 nps 542000 hashfull 0 tbhits 0 time 1 pv b7b6 e3d2
[WORKER] 2026/03/06 14:41:28 worker.go:402: Получена строка от движка: info depth 2 seldepth 4 multipv 2 score cp 142 nodes 542 nps 542000 hashfull 0 tbhits 0 time 1 pv a8b8 e3d2
[WORKER] 2026/03/06 14:41:28 worker.go:402: Получена строка от движка: info depth 2 seldepth 5 multipv 3 score cp 123 nodes 542 nps 542000 hashfull 0 tbhits 0 time 1 pv e8e6 e3d2 e6e2
[WORKER] 2026/03/06 14:41:28 worker.go:402: Получена строка от движка: info depth 3 seldepth 5 multipv 1 score cp 123 nodes 907 nps 907000 hashfull 0 tbhits 0 time 1 pv b7b6 e3d2 e8e2 e1e2
[WORKER] 2026/03/06 14:41:28 worker.go:402: Получена строка от движка: info depth 3 seldepth 5 multipv 2 score cp 123 nodes 907 nps 907000 hashfull 0 tbhits 0 time 1 pv a8b8 e3d2
[WORKER] 2026/03/06 14:41:28 worker.go:402: Получена строка от движка: info depth 3 seldepth 5 multipv 3 score cp 123 nodes 907 nps 907000 hashfull 0 tbhits 0 time 1 pv e8e6 e3d2 e6e2
[WORKER] 2026/03/06 14:41:28 worker.go:402: Получена строка от движка: info depth 4 seldepth 18 multipv 1 score cp 128 nodes 1106 nps 1106000 hashfull 0 tbhits 0 time 1 pv a8b8 e3d2 e8e2 e1e2 h7h5 h2h4 f5g4 b3d3 g4g6 d3g6 f7g6
[WORKER] 2026/03/06 14:41:28 worker.go:402: Получена строка от движка: info depth 4 seldepth 5 multipv 2 score cp 123 nodes 1106 nps 1106000 hashfull 0 tbhits 0 time 1 pv b7b6 e3d2 e8e6
[WORKER] 2026/03/06 14:41:28 worker.go:402: Получена строка от движка: info depth 4 seldepth 5 multipv 3 score cp 123 nodes 1106 nps 1106000 hashfull 0 tbhits 0 time 1 pv e8e6 e3d2 e6e2 e1e2
[WORKER] 2026/03/06 14:41:28 worker.go:402: Получена строка от движка: info depth 5 seldepth 6 multipv 1 score cp 129 nodes 1336 nps 1336000 hashfull 0 tbhits 0 time 1 pv e8e6 e3d2 e6e2 e1e2 b7b6
[WORKER] 2026/03/06 14:41:28 worker.go:402: Получена строка от движка: info depth 5 seldepth 6 multipv 2 score cp 128 nodes 1336 nps 1336000 hashfull 0 tbhits 0 time 1 pv a8b8 e3d2 e8e2 e1e2 h7h5
[WORKER] 2026/03/06 14:41:28 worker.go:402: Получена строка от движка: info depth 5 seldepth 11 multipv 3 score cp 123 nodes 1336 nps 1336000 hashfull 0 tbhits 0 time 1 pv b7b6 e3d2 e8e6 b3b5 e6e2 e1e2
[WORKER] 2026/03/06 14:41:28 worker.go:402: Получена строка от движка: info depth 6 seldepth 7 multipv 1 score cp 139 nodes 1776 nps 1776000 hashfull 0 tbhits 0 time 1 pv a8b8 e3d2 e8e2 e1e2 h7h5
[WORKER] 2026/03/06 14:41:28 worker.go:402: Получена строка от движка: info depth 6 seldepth 7 multipv 2 score cp 123 nodes 1776 nps 1776000 hashfull 0 tbhits 0 time 1 pv e8e6 e3d2 b7b6 b3b5 e6e2 e1e2
[WORKER] 2026/03/06 14:41:28 worker.go:402: Получена строка от движка: info depth 6 seldepth 7 multipv 3 score cp 123 nodes 1776 nps 1776000 hashfull 0 tbhits 0 time 1 pv b7b6 e3d2 e8e6 b3b5 e6e2 e1e2
[WORKER] 2026/03/06 14:41:28 worker.go:402: Получена строка от движка: info depth 7 seldepth 22 multipv 1 score cp 134 nodes 2737 nps 1368500 hashfull 0 tbhits 0 time 2 pv e8e6 e3d2 b7b6 d2b4 c7c5 b4c3 h7h5 e2e6 f7e6
[WORKER] 2026/03/06 14:41:28 worker.go:402: Получена строка от движка: info depth 7 seldepth 9 multipv 2 score cp 128 nodes 2737 nps 1368500 hashfull 0 tbhits 0 time 2 pv a8b8 e3d2 e8e2 e1e2 h7h5 h2h4 f5g4
[WORKER] 2026/03/06 14:41:28 worker.go:402: Получена строка от движка: info depth 7 seldepth 10 multipv 3 score cp 124 nodes 2737 nps 1368500 hashfull 0 tbhits 0 time 2 pv b7b6 e3d2 e8e6 d2b4
[WORKER] 2026/03/06 14:41:28 worker.go:402: Получена строка от движка: info depth 8 seldepth 10 multipv 1 score cp 134 nodes 3463 nps 1731500 hashfull 0 tbhits 0 time 2 pv e8e6 e3d2 b7b6 b3b5 e6e2 e1e2 f5b1 g1g2 b1a2
[WORKER] 2026/03/06 14:41:28 worker.go:402: Получена строка от движка: info depth 8 seldepth 13 multipv 2 score cp 134 nodes 3463 nps 1731500 hashfull 0 tbhits 0 time 2 pv b7b6 e3d2 e8e6 b3b5 e6e2 e1e2 f5b1 g1g2 b1a2
[WORKER] 2026/03/06 14:41:28 worker.go:402: Получена строка от движка: info depth 8 seldepth 18 multipv 3 score cp 123 nodes 3463 nps 1731500 hashfull 0 tbhits 0 time 2 pv a8b8 e3d2 e8e2 e1e2 h7h5 h2h4 f5g4 b3d3 g4g6 d3g6 f7g6 g1g2 g8f7 e2e1 b8e8 e1e8 f7e8
[WORKER] 2026/03/06 14:41:28 worker.go:402: Получена строка от движка: info depth 9 seldepth 23 multipv 1 score cp 131 nodes 6762 nps 1127000 hashfull 1 tbhits 0 time 6 pv a8b8 e3d2 e8e2 e1e2 h7h5 h2h4 f5g4 d2e1
[WORKER] 2026/03/06 14:41:28 worker.go:402: Получена строка от движка: info depth 9 seldepth 14 multipv 2 score cp 123 nodes 6762 nps 1127000 hashfull 1 tbhits 0 time 6 pv e8e6 e3d2 b7b6 b3b5 e6e2 b5e2 a8b8 g1g2
[WORKER] 2026/03/06 14:41:28 worker.go:402: Получена строка от движка: info depth 9 seldepth 22 multipv 3 score cp 123 nodes 6762 nps 1127000 hashfull 1 tbhits 0 time 6 pv b7b6 e3d2 e8e2 e1e2 h7h5 h2h4 a8c8 e2e3 c7c5 d2c3 c8d8 g1g2 d6f8 b3a4 f5d7 a4d7 d8d7 e3e8 f7f6 d4c5 b6c5
[WORKER] 2026/03/06 14:41:28 worker.go:402: Получена строка от движка: info depth 10 seldepth 23 multipv 1 score cp 123 nodes 41542 nps 923155 hashfull 13 tbhits 0 time 45 pv b7b6 e3d2 e8e2 e1e2 h7h5 h2h4 a8c8 e2e3 c7c5 d2c3 c8d8 g1g2 d6f8
[WORKER] 2026/03/06 14:41:28 worker.go:402: Получена строка от движка: info depth 10 seldepth 22 multipv 2 score cp 111 nodes 41542 nps 923155 hashfull 13 tbhits 0 time 45 pv a8b8 e3d2 e8e2 e1e2 f5g4 b3d3 h7h6 g1g2 g4d7 d3f3
[WORKER] 2026/03/06 14:41:28 worker.go:402: Получена строка от движка: info depth 10 seldepth 24 multipv 3 score cp 99 nodes 41542 nps 923155 hashfull 13 tbhits 0 time 45 pv e8e4 e3d2 e4e2 e1e2 b7b6 g1g2 h7h5 h2h4 a8c8
[WORKER] 2026/03/06 14:41:28 worker.go:402: Получена строка от движка: info depth 11 seldepth 14 multipv 1 score cp 125 nodes 51913 nps 910754 hashfull 15 tbhits 0 time 57 pv b7b6 e3d2 e8e2 e1e2 h7h5 h2h4 a8c8 e2e3 c7c5 d2c3 g8h7
[WORKER] 2026/03/06 14:41:28 worker.go:402: Получена строка от движка: info depth 11 seldepth 18 multipv 2 score cp 116 nodes 51913 nps 910754 hashfull 15 tbhits 0 time 57 pv a8b8 e3d2 e8e2 e1e2 f5g4 b3e3 h7h6 g1g2 c7c6 a2a3 g4d7
[WORKER] 2026/03/06 14:41:28 worker.go:402: Получена строка от движка: info depth 11 seldepth 23 multipv 3 score cp 112 nodes 51913 nps 910754 hashfull 15 tbhits 0 time 57 pv e8e4 e3d2 b7b6 d2b4 a8e8 e2e4 e8e4 e1e4 f5e4 b4d6
[WORKER] 2026/03/06 14:41:28 worker.go:402: Получена строка от движка: info depth 12 seldepth 25 multipv 1 score cp 124 nodes 73825 nps 900304 hashfull 22 tbhits 0 time 82 pv b7b6 e3d2 e8e2 e1e2 h7h5 h2h4 a8c8 e2e3 c7c6 d2b4 c6c5 b4c3 g8h7 b3a4 f7f6 a4a7
[WORKER] 2026/03/06 14:41:28 worker.go:402: Получена строка от движка: info depth 12 seldepth 20 multipv 2 score cp 120 nodes 73825 nps 900304 hashfull 22 tbhits 0 time 82 pv e8e4 e3d2 b7b6 e2e4 d5e4 b3c2 a8e8 c2a4 e8e6 a4a7 f5d5
[WORKER] 2026/03/06 14:41:28 worker.go:402: Получена строка от движка: info depth 12 seldepth 19 multipv 3 score cp 114 nodes 73825 nps 900304 hashfull 22 tbhits 0 time 82 pv e8e6 e3d2 b7b6 b3b5 e6e2 e1e2 a8c8 d2b4 c7c6 b5a4 c6c5 e2e8 d6f8
[WORKER] 2026/03/06 14:41:28 worker.go:402: Получена строка от движка: info depth 13 seldepth 16 multipv 1 score cp 124 nodes 98673 nps 897027 hashfull 28 tbhits 0 time 110 pv b7b6 e3d2 e8e2 e1e2 h7h5 h2h4 a8c8 e2e3 c7c6 d2b4 c6c5 b4c3 g8h7 b3a4
[WORKER] 2026/03/06 14:41:28 worker.go:402: Получена строка от движка: info depth 13 seldepth 18 multipv 2 score cp 116 nodes 98673 nps 897027 hashfull 28 tbhits 0 time 110 pv e8e4 e3d2 e4e2 e1e2 b7b6 h2h4 h7h6 g1g2 a8c8 e2e1 c7c6 b3a4 f5d7 a2a3 d6f8
[WORKER] 2026/03/06 14:41:28 worker.go:402: Получена строка от движка: info depth 13 seldepth 24 multipv 3 score cp 115 nodes 98673 nps 897027 hashfull 28 tbhits 0 time 110 pv e8e6 e3d2 e6e2 e1e2 b7b6 h2h4 h7h6 g1g2 a8c8 b3b5 c7c6 b5a6 f5d7 e2e1
[WORKER] 2026/03/06 14:41:28 worker.go:402: Получена строка от движка: info depth 14 seldepth 19 multipv 1 score cp 124 nodes 151524 nps 837149 hashfull 48 tbhits 0 time 181 pv b7b6 e3d2 e8e2 e1e2 h7h5 h2h4 a8c8 e2e3 c7c6 d2b4 c6c5 b4c3 g8h7 b3a4 f7f6 a4a7
[WORKER] 2026/03/06 14:41:28 worker.go:402: Получена строка от движка: info depth 14 seldepth 30 multipv 2 score cp 124 nodes 151524 nps 837149 hashfull 48 tbhits 0 time 181 pv e8e6 e3d2 b7b6 b3b5 e6e2 e1e2 h7h5 h2h4 a8c8 e2e3 c7c5 d2c3 g8h7
[WORKER] 2026/03/06 14:41:28 worker.go:402: Получена строка от движка: info depth 14 seldepth 26 multipv 3 score cp 112 nodes 151524 nps 837149 hashfull 48 tbhits 0 time 181 pv a8b8 e3d2 e8e2 e1e2 f5g4 b3e3 b8c8 g1g2 h7h6 h2h3 g4d7 e3f3 c7c6 d2f4
[WORKER] 2026/03/06 14:41:28 worker.go:402: Получена строка от движка: info depth 15 seldepth 26 multipv 1 score cp 128 nodes 246475 nps 835508 hashfull 82 tbhits 0 time 295 pv b7b6 e3d2 e8e2 e1e2 h7h5 h2h4 a8c8 e2e3 c7c6 g1g2 f5d7 b3a4 d6e7 e3c3 g7g6 d2e3 e7f6
[WORKER] 2026/03/06 14:41:28 worker.go:402: Получена строка от движка: info depth 15 seldepth 33 multipv 2 score cp 127 nodes 246475 nps 835508 hashfull 82 tbhits 0 time 295 pv e8e6 e3d2 b7b6 b3b5 e6e2 e1e2 h7h5 h2h4 a8c8 e2e3 c7c6 b5e2 c6c5 d4c5 b6c5 e2a6 f5d7 b2b3 d5d4 e3e1 d6f8
[WORKER] 2026/03/06 14:41:28 worker.go:402: Получена строка от движка: info depth 15 seldepth 31 multipv 3 score cp 112 nodes 246475 nps 835508 hashfull 82 tbhits 0 time 295 pv a8b8 e3d2 e8e2 e1e2 h7h5 h2h4 b7b6 e2e1 b8c8 g1g2 c7c5 b3a3 a7a5 a3b3 c5d4 b3b6 d6c5 b6a5
[WORKER] 2026/03/06 14:41:28 worker.go:402: Получена строка от движка: info depth 16 seldepth 34 multipv 1 score cp 129 nodes 386261 nps 836062 hashfull 138 tbhits 0 time 462 pv e8e6 e3d2 b7b6 b3b5 e6e2 e1e2 h7h5 h2h4 a8c8 g1g2 c7c6 b5a6 f5d7 b2b4 g7g6 e2e1 g8g7
[WORKER] 2026/03/06 14:41:28 worker.go:402: Получена строка от движка: info depth 16 seldepth 31 multipv 2 score cp 120 nodes 386261 nps 836062 hashfull 138 tbhits 0 time 462 pv b7b6 e3d2 e8e2 e1e2 h7h5 h2h4 a8c8 e2e3 c7c6 d2b4 c6c5 b4c3 g7g5 b3d1
[WORKER] 2026/03/06 14:41:28 worker.go:402: Получена строка от движка: info depth 16 seldepth 31 multipv 3 score cp 112 nodes 386261 nps 836062 hashfull 138 tbhits 0 time 462 pv a8b8 b3a4 e8e6 e3d2 e6e2 e1e2 f5b1 d2e1 a7a6 g1g2 h7h5
[WORKER] 2026/03/06 14:41:28 worker.go:402: Получена строка от движка: bestmove e8e6 ponder e3d2
[WORKER] 2026/03/06 14:41:28 worker.go:518: Анализ позиции: 3 тактических ходов из 50 возможных
[WORKER] 2026/03/06 14:41:28 worker.go:179: Полуход 38. Ход черных: 13.2 сек (оценка: -129)
[WORKER] 2026/03/06 14:41:28 worker.go:402: Получена строка от движка: info string Available processors: 0-11
[WORKER] 2026/03/06 14:41:28 worker.go:402: Получена строка от движка: info string Using 1 thread
[WORKER] 2026/03/06 14:41:28 worker.go:402: Получена строка от движка: info string NNUE evaluation using nn-c288c895ea92.nnue (125MiB, (102384, 1024, 15, 32, 1))
[WORKER] 2026/03/06 14:41:28 worker.go:402: Получена строка от движка: info string NNUE evaluation using nn-37f18f62d772.nnue (6MiB, (22528, 128, 15, 32, 1))
[WORKER] 2026/03/06 14:41:28 worker.go:402: Получена строка от движка: info string Network replica 1: Shared memory.
[WORKER] 2026/03/06 14:41:28 worker.go:402: Получена строка от движка: info depth 1 seldepth 9 multipv 1 score cp -120 nodes 136 nps 136000 hashfull 0 tbhits 0 time 1 pv e3d2
[WORKER] 2026/03/06 14:41:28 worker.go:402: Получена строка от движка: info depth 1 seldepth 2 multipv 2 score cp -127 nodes 136 nps 136000 hashfull 0 tbhits 0 time 1 pv g1g2
[WORKER] 2026/03/06 14:41:28 worker.go:402: Получена строка от движка: info depth 1 seldepth 6 multipv 3 score cp -132 nodes 136 nps 136000 hashfull 0 tbhits 0 time 1 pv e3f4 e8e2 e1e2 d6f4
[WORKER] 2026/03/06 14:41:28 worker.go:402: Получена строка от движка: info depth 2 seldepth 4 multipv 1 score cp -120 nodes 438 nps 438000 hashfull 0 tbhits 0 time 1 pv e3d2 e8e2
[WORKER] 2026/03/06 14:41:28 worker.go:402: Получена строка от движка: info depth 2 seldepth 8 multipv 2 score cp -141 nodes 438 nps 438000 hashfull 0 tbhits 0 time 1 pv b3b5
[WORKER] 2026/03/06 14:41:28 worker.go:402: Получена строка от движка: info depth 2 seldepth 3 multipv 3 score cp -142 nodes 438 nps 438000 hashfull 0 tbhits 0 time 1 pv g1g2 e8e4
[WORKER] 2026/03/06 14:41:28 worker.go:402: Получена строка от движка: info depth 3 seldepth 6 multipv 1 score cp -129 nodes 673 nps 673000 hashfull 0 tbhits 0 time 1 pv e3d2 e8e6 d2b4
[WORKER] 2026/03/06 14:41:28 worker.go:402: Получена строка от движка: info depth 3 seldepth 7 multipv 2 score cp -135 nodes 673 nps 673000 hashfull 0 tbhits 0 time 1 pv g1g2
[WORKER] 2026/03/06 14:41:28 worker.go:402: Получена строка от движка: info depth 3 seldepth 7 multipv 3 score cp -138 nodes 673 nps 673000 hashfull 0 tbhits 0 time 1 pv b3b5 h7h5 e3f4
[WORKER] 2026/03/06 14:41:28 worker.go:402: Получена строка от движка: info depth 4 seldepth 10 multipv 1 score cp -129 nodes 1048 nps 1048000 hashfull 0 tbhits 0 time 1 pv e3d2 e8e6 b3b5 e6e2 e1e2 h7h5
[WORKER] 2026/03/06 14:41:28 worker.go:402: Получена строка от движка: info depth 4 seldepth 7 multipv 2 score cp -138 nodes 1048 nps 1048000 hashfull 0 tbhits 0 time 1 pv b3b5 h7h5 e3f4 e8e2 e1e2
[WORKER] 2026/03/06 14:41:28 worker.go:402: Получена строка от движка: info depth 4 seldepth 9 multipv 3 score cp -147 nodes 1048 nps 1048000 hashfull 0 tbhits 0 time 1 pv b3a4 h7h5 a4c6 a8b8
[WORKER] 2026/03/06 14:41:28 worker.go:402: Получена строка от движка: info depth 5 seldepth 6 multipv 1 score cp -129 nodes 1214 nps 1214000 hashfull 0 tbhits 0 time 1 pv e3d2 e8e6 b3b5 e6e2 e1e2
[WORKER] 2026/03/06 14:41:28 worker.go:402: Получена строка от движка: info depth 5 seldepth 7 multipv 2 score cp -138 nodes 1214 nps 1214000 hashfull 0 tbhits 0 time 1 pv b3b5 h7h5 e3f4 e8e2 e1e2
[WORKER] 2026/03/06 14:41:28 worker.go:402: Получена строка от движка: info depth 5 seldepth 8 multipv 3 score cp -142 nodes 1214 nps 1214000 hashfull 0 tbhits 0 time 1 pv b3a4 h7h5 a4c6 a8b8 e3d2 e8e2 e1e2
[WORKER] 2026/03/06 14:41:28 worker.go:402: Получена строка от движка: info depth 6 seldepth 8 multipv 1 score cp -135 nodes 1471 nps 1471000 hashfull 0 tbhits 0 time 1 pv e3d2 e8e2 e1e2 h7h5 h2h4 a8c8 g1g2
[WORKER] 2026/03/06 14:41:28 worker.go:402: Получена строка от движка: info depth 6 seldepth 9 multipv 2 score cp -137 nodes 1471 nps 1471000 hashfull 0 tbhits 0 time 1 pv b3b5 e8e4 e3d2 e4d4 e2e8 a8e8 e1e8 d6f8
[WORKER] 2026/03/06 14:41:28 worker.go:402: Получена строка от движка: info depth 6 seldepth 8 multipv 3 score cp -142 nodes 1471 nps 1471000 hashfull 0 tbhits 0 time 1 pv b3a4 h7h5 a4c6 a8b8 e3d2 e8e2 e1e2
[WORKER] 2026/03/06 14:41:28 worker.go:402: Получена строка от движка: info depth 7 seldepth 8 multipv 1 score cp -135 nodes 3824 nps 1274666 hashfull 0 tbhits 0 time 3 pv e3d2 e8e2 e1e2 h7h5 h2h4 a8c8 g1g2
[WORKER] 2026/03/06 14:41:28 worker.go:402: Получена строка от движка: info depth 7 seldepth 10 multipv 2 score cp -141 nodes 3824 nps 1274666 hashfull 0 tbhits 0 time 3 pv e3c1 e8e2 e1e2 h7h5 h2h4 a8c8 g1g2
[WORKER] 2026/03/06 14:41:28 worker.go:402: Получена строка от движка: info depth 7 seldepth 13 multipv 3 score cp -154 nodes 3824 nps 1274666 hashfull 0 tbhits 0 time 3 pv b3a4 h7h5 h2h4 f5d3 a4c6
[WORKER] 2026/03/06 14:41:28 worker.go:402: Получена строка от движка: info depth 8 seldepth 20 multipv 1 score cp -131 nodes 5236 nps 1309000 hashfull 0 tbhits 0 time 4 pv e3d2 e8e2 e1e2 h7h5 h2h4 a8c8 b3a4
[WORKER] 2026/03/06 14:41:28 worker.go:402: Получена строка от движка: info depth 8 seldepth 10 multipv 2 score cp -145 nodes 5236 nps 1309000 hashfull 0 tbhits 0 time 4 pv e3c1 e8e4 b3a4 e4e2 e1e2 h7h5 a4c6 a8d8 h2h4
[WORKER] 2026/03/06 14:41:28 worker.go:402: Получена строка от движка: info depth 8 seldepth 17 multipv 3 score cp -165 nodes 5236 nps 1309000 hashfull 0 tbhits 0 time 4 pv b3a4 h7h5 h2h4 f5d3 a4c6 a8d8 e3g5 e8e2 e1e2 d3e2 g5d8 e2b2
[WORKER] 2026/03/06 14:41:28 worker.go:402: Получена строка от движка: info depth 9 seldepth 19 multipv 1 score cp -129 nodes 7022 nps 1170333 hashfull 1 tbhits 0 time 6 pv e3d2 e8e2 e1e2 h7h5 h2h4 a8c8 b3a4 f5d3 e2e8 c8e8 a4e8 g8h7 e8f7 d3d2
[WORKER] 2026/03/06 14:41:28 worker.go:402: Получена строка от движка: info depth 9 seldepth 10 multipv 2 score cp -147 nodes 7022 nps 1170333 hashfull 1 tbhits 0 time 6 pv e3c1 e8e2 e1e2 h7h5 h2h4 a8c8 g1g2 c7c6 a2a3
[WORKER] 2026/03/06 14:41:28 worker.go:402: Получена строка от движка: info depth 9 seldepth 19 multipv 3 score cp -151 nodes 7022 nps 1170333 hashfull 1 tbhits 0 time 6 pv b3b5 h7h5 e3d2 e8e2 b5e2 h5h4 g3g4 f5f6 e2d3 a8f8
[WORKER] 2026/03/06 14:41:28 worker.go:402: Получена строка от движка: info depth 10 seldepth 24 multipv 1 score cp -127 nodes 9626 nps 1203250 hashfull 1 tbhits 0 time 8 pv e3d2 e8e6 b3b5 e6e2 e1e2 h7h5 h2h4 a8c8 g1g2 c7c6 b5a6 f5d7 b2b4 g7g6 a2a3
[WORKER] 2026/03/06 14:41:28 worker.go:402: Получена строка от движка: info depth 10 seldepth 13 multipv 2 score cp -141 nodes 9626 nps 1203250 hashfull 1 tbhits 0 time 8 pv e3c1 e8e4 b3a4 e4e2 e1e2 h7h5 h2h4 f5d3
[WORKER] 2026/03/06 14:41:28 worker.go:402: Получена строка от движка: info depth 10 seldepth 14 multipv 3 score cp -150 nodes 9626 nps 1203250 hashfull 1 tbhits 0 time 8 pv b3b5 h7h5 e3d2 e8e2 b5e2 h5h4 g3g4 f5f6 e2d3 a8f8 e1e2 h4h3
[WORKER] 2026/03/06 14:41:28 worker.go:402: Получена строка от движка: info depth 11 seldepth 13 multipv 1 score cp -127 nodes 36041 nps 974081 hashfull 13 tbhits 0 time 37 pv e3d2 e8e6 b3b5 e6e2 e1e2 h7h5 h2h4 a8c8 g1g2 c7c6 b5a6 f5d7
[WORKER] 2026/03/06 14:41:28 worker.go:402: Получена строка от движка: info depth 11 seldepth 17 multipv 2 score cp -140 nodes 36041 nps 974081 hashfull 13 tbhits 0 time 37 pv e3c1 e8e6 b3a4 e6e2 e1e2 f5d3 e2e3 d3b1 a4c6 a8f8
[WORKER] 2026/03/06 14:41:28 worker.go:402: Получена строка от движка: info depth 11 seldepth 27 multipv 3 score cp -156 nodes 36041 nps 974081 hashfull 13 tbhits 0 time 37 pv h2h4 e8e4 e3d2 a8e8 e2e4 e8e4 e1e4 f5e4 b3a4 h7h6 a4a7 e4d4
[WORKER] 2026/03/06 14:41:28 worker.go:402: Получена строка от движка: info depth 12 seldepth 16 multipv 1 score cp -128 nodes 64802 nps 967194 hashfull 21 tbhits 0 time 67 pv e3d2 e8e6 b3b5 e6e2 e1e2 h7h5 h2h4 a8c8 g1g2 c7c5 d4c5 b6c5 b2b3 g7g6
[WORKER] 2026/03/06 14:41:28 worker.go:402: Получена строка от движка: info depth 12 seldepth 23 multipv 2 score cp -152 nodes 64802 nps 967194 hashfull 21 tbhits 0 time 67 pv e3c1 e8e6 b3a4 a8f8 g1g2 h7h5 h2h4 f5g4 a4d1 e6e4 e2e4 g4d1 e1d1 d5e4 c1g5 f8e8
[WORKER] 2026/03/06 14:41:28 worker.go:402: Получена строка от движка: info depth 12 seldepth 23 multipv 3 score cp -168 nodes 64802 nps 967194 hashfull 21 tbhits 0 time 67 pv g1g2 e8e6 b3c2 f5e4 c2e4 e6e4 f2f3 e4e6
[WORKER] 2026/03/06 14:41:28 worker.go:402: Получена строка от движка: info depth 13 seldepth 22 multipv 1 score cp -124 nodes 157739 nps 901365 hashfull 56 tbhits 0 time 175 pv e3d2 e8e2 e1e2 h7h5 h2h4 a8c8 e2e3 c7c6 b3a4 a7a5 g1g2 f5g4 d2c3 d6f8 a2a3
[WORKER] 2026/03/06 14:41:28 worker.go:402: Получена строка от движка: info depth 13 seldepth 32 multipv 2 score cp -148 nodes 157739 nps 901365 hashfull 56 tbhits 0 time 175 pv b3b5 h7h5 e3d2 e8e2 b5e2 f5c2 d2f4 c2e2 e1e2 d6f4 g3f4 g8f8 e2e5 a8e8 e5d5 e8e1 g1g2 e1e2 d5d7 e2b2
[WORKER] 2026/03/06 14:41:28 worker.go:402: Получена строка от движка: info depth 13 seldepth 25 multipv 3 score cp -163 nodes 157739 nps 901365 hashfull 56 tbhits 0 time 175 pv e3c1 e8e6 e2e6 f7e6 b3b5 a8f8 b5e2 f8f6 h2h4 f6g6 g1g2 g6g4 e2d1 h7h6 b2b3
[WORKER] 2026/03/06 14:41:28 worker.go:402: Получена строка от движка: info depth 14 seldepth 26 multipv 1 score cp -125 nodes 202714 nps 873767 hashfull 75 tbhits 0 time 232 pv e3d2 e8e2 e1e2 h7h5 h2h4 a8c8 e2e3 c7c5 d4c5 b6c5 e3f3 f5b1 g1g2 b1e4 b3b7 c8c7 b7a8 g8h7
[WORKER] 2026/03/06 14:41:28 worker.go:402: Получена строка от движка: info depth 14 seldepth 27 multipv 2 score cp -144 nodes 202714 nps 873767 hashfull 75 tbhits 0 time 232 pv e3c1 e8e6 e2e6 f7e6 b3b5 a8f8 b5e2 f8f6 c1e3 h7h5 h2h4 c7c5 d4c5 b6c5 e2a6 e6e5
[WORKER] 2026/03/06 14:41:28 worker.go:402: Получена строка от движка: info depth 14 seldepth 34 multipv 3 score cp -158 nodes 202714 nps 873767 hashfull 75 tbhits 0 time 232 pv b3b5 h7h5 e3d2 e8e2 b5e2 f5c2 d2f4 c2e2 e1e2 d6f4 g3f4 g8f8 e2e5 a8e8 e5d5 e8e1 g1g2 e1e2 d5h5 e2b2
[WORKER] 2026/03/06 14:41:28 worker.go:402: Получена строка от движка: info depth 15 seldepth 29 multipv 1 score cp -134 nodes 292874 nps 815805 hashfull 105 tbhits 0 time 359 pv e3d2 e8e2 e1e2 h7h5 h2h4 a8c8 e2e3 c7c5 d2c3 g7g5 h4g5 h5h4 b3d1 h4g3 f2g3 f5g5 g1g2 c5c4 d1f3
[WORKER] 2026/03/06 14:41:28 worker.go:402: Получена строка от движка: info depth 15 seldepth 34 multipv 2 score cp -147 nodes 292874 nps 813538 hashfull 105 tbhits 0 time 360 pv b3b5 h7h5 e3d2 e8e2 b5e2 f5c2 d2f4 c2e2 e1e2 d6f4 g3f4 g8f8 e2e5 a8e8 e5d5
[WORKER] 2026/03/06 14:41:28 worker.go:402: Получена строка от движка: info depth 15 seldepth 28 multipv 3 score cp -159 nodes 292874 nps 813538 hashfull 105 tbhits 0 time 360 pv e3c1 e8e6 e2e6 f7e6 b3b5 a8f8 b5e2 f8f7 g1g2 c7c5 d4c5 d6c5 f2f4 a7a5
[WORKER] 2026/03/06 14:41:29 worker.go:402: Получена строка от движка: info depth 16 seldepth 30 multipv 1 score cp -127 nodes 393675 nps 798529 hashfull 142 tbhits 0 time 493 pv e3d2 e8e2 e1e2 h7h5 h2h4 a8c8 e2e3 c7c6 d2b4 c6c5 b4c3 c8c7 b3a4 g8h7 a2a3 f7f6 g1g2 c5d4 c3d4
[WORKER] 2026/03/06 14:41:29 worker.go:402: Получена строка от движка: info depth 16 seldepth 31 multipv 2 score cp -141 nodes 393675 nps 798529 hashfull 142 tbhits 0 time 493 pv b3b5 h7h5 h2h4 e8e4 e3f4 e4e2 b5e2 d6f4 e2f3 g8f8 g3f4 f7f6 g1g2 a8c8 f3a3 f8g8 a3a7 f5g4 g2f1 g4h3 f1g1 h3h4
[WORKER] 2026/03/06 14:41:29 worker.go:402: Получена строка от движка: info depth 16 seldepth 26 multipv 3 score cp -164 nodes 393675 nps 798529 hashfull 142 tbhits 0 time 493 pv e3c1 e8e6 e2e6 f7e6 b3b5 a8f8 b5e2 f8f7 c1e3 h7h5 e2a6 h5h4 a6a7 h4h3 a7a8 d6f8 a8a6 c7c5 a6b6
[WORKER] 2026/03/06 14:41:29 worker.go:402: Получена строка от движка: bestmove e3d2 ponder e8e2
[WORKER] 2026/03/06 14:41:29 worker.go:518: Анализ позиции: 2 тактических ходов из 33 возможных
[WORKER] 2026/03/06 14:41:29 worker.go:179: Полуход 39. Ход белых: 10.7 сек (оценка: -127)
[WORKER] 2026/03/06 14:41:29 worker.go:402: Получена строка от движка: info string Available processors: 0-11
[WORKER] 2026/03/06 14:41:29 worker.go:402: Получена строка от движка: info string Using 1 thread
[WORKER] 2026/03/06 14:41:29 worker.go:402: Получена строка от движка: info string NNUE evaluation using nn-c288c895ea92.nnue (125MiB, (102384, 1024, 15, 32, 1))
[WORKER] 2026/03/06 14:41:29 worker.go:402: Получена строка от движка: info string NNUE evaluation using nn-37f18f62d772.nnue (6MiB, (22528, 128, 15, 32, 1))
[WORKER] 2026/03/06 14:41:29 worker.go:402: Получена строка от движка: info string Network replica 1: Shared memory.
[WORKER] 2026/03/06 14:41:29 worker.go:402: Получена строка от движка: info depth 1 seldepth 2 multipv 1 score cp 146 nodes 160 nps 160000 hashfull 0 tbhits 0 time 1 pv e8e4
[WORKER] 2026/03/06 14:41:29 worker.go:402: Получена строка от движка: info depth 1 seldepth 10 multipv 2 score cp 141 nodes 160 nps 160000 hashfull 0 tbhits 0 time 1 pv h7h5
[WORKER] 2026/03/06 14:41:29 worker.go:402: Получена строка от движка: info depth 1 seldepth 2 multipv 3 score cp 136 nodes 160 nps 160000 hashfull 0 tbhits 0 time 1 pv a7a6
[WORKER] 2026/03/06 14:41:29 worker.go:402: Получена строка от движка: info depth 2 seldepth 6 multipv 1 score cp 160 nodes 426 nps 426000 hashfull 0 tbhits 0 time 1 pv h7h5 h2h4
[WORKER] 2026/03/06 14:41:29 worker.go:402: Получена строка от движка: info depth 2 seldepth 6 multipv 2 score cp 141 nodes 426 nps 426000 hashfull 0 tbhits 0 time 1 pv a8c8 h2h4 e8e4
[WORKER] 2026/03/06 14:41:29 worker.go:402: Получена строка от движка: info depth 2 seldepth 3 multipv 3 score cp 133 nodes 426 nps 426000 hashfull 0 tbhits 0 time 1 pv a7a6 b5c6
[WORKER] 2026/03/06 14:41:29 worker.go:402: Получена строка от движка: info depth 3 seldepth 5 multipv 1 score cp 164 nodes 601 nps 601000 hashfull 0 tbhits 0 time 1 pv h7h5 e3c1 e8e2 e1e2
[WORKER] 2026/03/06 14:41:29 worker.go:402: Получена строка от движка: info depth 3 seldepth 4 multipv 2 score cp 141 nodes 601 nps 601000 hashfull 0 tbhits 0 time 1 pv a8c8 h2h4 e8e4
[WORKER] 2026/03/06 14:41:29 worker.go:402: Получена строка от движка: info depth 3 seldepth 4 multipv 3 score cp 133 nodes 601 nps 601000 hashfull 0 tbhits 0 time 1 pv a7a6 b5c6 a8c8
[WORKER] 2026/03/06 14:41:29 worker.go:402: Получена строка от движка: info depth 4 seldepth 5 multipv 1 score cp 164 nodes 934 nps 934000 hashfull 0 tbhits 0 time 1 pv h7h5 e3c1 e8e2 e1e2
[WORKER] 2026/03/06 14:41:29 worker.go:402: Получена строка от движка: info depth 4 seldepth 9 multipv 2 score cp 138 nodes 934 nps 934000 hashfull 0 tbhits 0 time 1 pv a8c8 h2h4 e8e4 e3f4 e4e2 e1e2 d6f4
[WORKER] 2026/03/06 14:41:29 worker.go:402: Получена строка от движка: info depth 4 seldepth 6 multipv 3 score cp 133 nodes 934 nps 934000 hashfull 0 tbhits 0 time 1 pv a7a6 b5c6 a8c8 e3d2
[WORKER] 2026/03/06 14:41:29 worker.go:402: Получена строка от движка: info depth 5 seldepth 11 multipv 1 score cp 141 nodes 1472 nps 736000 hashfull 0 tbhits 0 time 2 pv h7h5 h2h4 e8e4 e3f4 e4e2
[WORKER] 2026/03/06 14:41:29 worker.go:402: Получена строка от движка: info depth 5 seldepth 9 multipv 2 score cp 138 nodes 1472 nps 736000 hashfull 0 tbhits 0 time 2 pv a8c8 h2h4 e8e4 e3f4 e4e2 e1e2 d6f4
[WORKER] 2026/03/06 14:41:29 worker.go:402: Получена строка от движка: info depth 5 seldepth 7 multipv 3 score cp 133 nodes 1472 nps 736000 hashfull 0 tbhits 0 time 2 pv a7a6 b5c6 a8c8 e3d2 e8e2 e1e2
[WORKER] 2026/03/06 14:41:29 worker.go:402: Получена строка от движка: info depth 6 seldepth 8 multipv 1 score cp 141 nodes 1836 nps 918000 hashfull 0 tbhits 0 time 2 pv h7h5 h2h4 e8e4 e3f4 e4e2 b5e2
[WORKER] 2026/03/06 14:41:29 worker.go:402: Получена строка от движка: info depth 6 seldepth 9 multipv 2 score cp 138 nodes 1836 nps 918000 hashfull 0 tbhits 0 time 2 pv a8c8 h2h4 e8e4 e3f4 e4e2 e1e2 d6f4
[WORKER] 2026/03/06 14:41:29 worker.go:402: Получена строка от движка: info depth 6 seldepth 7 multipv 3 score cp 131 nodes 1836 nps 918000 hashfull 0 tbhits 0 time 2 pv a7a6 b5c6 a8c8 e3d2 e8e2 e1e2
[WORKER] 2026/03/06 14:41:29 worker.go:402: Получена строка от движка: info depth 7 seldepth 9 multipv 1 score cp 141 nodes 2966 nps 988666 hashfull 0 tbhits 0 time 3 pv h7h5 h2h4 e8e4 e3f4 e4e2 b5e2 d6f4
[WORKER] 2026/03/06 14:41:29 worker.go:402: Получена строка от движка: info depth 7 seldepth 16 multipv 2 score cp 138 nodes 2966 nps 988666 hashfull 0 tbhits 0 time 3 pv a8c8 h2h4 h7h5 e3g5 e8e2 e1e2
[WORKER] 2026/03/06 14:41:29 worker.go:402: Получена строка от движка: info depth 7 seldepth 10 multipv 3 score cp 133 nodes 2966 nps 988666 hashfull 0 tbhits 0 time 3 pv a7a6 b5c6 a8c8 e3d2 e8e2 e1e2 f5d3
[WORKER] 2026/03/06 14:41:29 worker.go:402: Получена строка от движка: info depth 8 seldepth 22 multipv 1 score cp 148 nodes 5097 nps 1019400 hashfull 1 tbhits 0 time 5 pv h7h5 h2h4 e8e4 e3f4 e4e2 b5e2 d6f4 e2f3 g8f8 g1g2
[WORKER] 2026/03/06 14:41:29 worker.go:402: Получена строка от движка: info depth 8 seldepth 10 multipv 2 score cp 135 nodes 5097 nps 1019400 hashfull 1 tbhits 0 time 5 pv a8c8 h2h4 h7h5 e3g5 e8e2 e1e2 c7c5 d4c5 b6c5
[WORKER] 2026/03/06 14:41:29 worker.go:402: Получена строка от движка: info depth 8 seldepth 14 multipv 3 score cp 124 nodes 5097 nps 1019400 hashfull 1 tbhits 0 time 5 pv e8e6 e3d2 e6e2 e1e2 h7h5 h2h4 a8c8 g1g2 c7c6 b5a6 f5d7 b2b4
[WORKER] 2026/03/06 14:41:29 worker.go:402: Получена строка от движка: info depth 9 seldepth 17 multipv 1 score cp 153 nodes 8577 nps 857700 hashfull 1 tbhits 0 time 10 pv h7h5 h2h4 e8e4 e3f4 e4e2 b5e2 d6f4 e2f3 g8f8 g3f4 f7f6 g1g2 a8c8 f3a3 f8g8
[WORKER] 2026/03/06 14:41:29 worker.go:402: Получена строка от движка: info depth 9 seldepth 14 multipv 2 score cp 134 nodes 8577 nps 857700 hashfull 1 tbhits 0 time 10 pv a8c8 h2h4 h7h5 e3g5 e8e2 e1e2 c7c5 d4c5 d6c5 g1g2 c5d4 b2b3 g8h7
[WORKER] 2026/03/06 14:41:29 worker.go:402: Получена строка от движка: info depth 9 seldepth 14 multipv 3 score cp 124 nodes 8577 nps 857700 hashfull 1 tbhits 0 time 10 pv h7h6 g1g2 a8c8
[WORKER] 2026/03/06 14:41:29 worker.go:402: Получена строка от движка: info depth 10 seldepth 18 multipv 1 score cp 154 nodes 13070 nps 933571 hashfull 3 tbhits 0 time 14 pv h7h5 h2h4 e8e4 e3f4 e4e2 b5e2 d6f4 e2f3 g8f8 g3f4 f7f6 f3e3 f8f7 g1g2 f5d7 e3f3 g7g6
[WORKER] 2026/03/06 14:41:29 worker.go:402: Получена строка от движка: info depth 10 seldepth 21 multipv 2 score cp 140 nodes 13070 nps 933571 hashfull 3 tbhits 0 time 14 pv a8c8 h2h4 h7h5 e3g5 e8e2 e1e2 c7c5 d4c5 d6c5 g1g2 c5d4 b2b3 g8h7 g5f4 c8c2
[WORKER] 2026/03/06 14:41:29 worker.go:402: Получена строка от движка: info depth 10 seldepth 17 multipv 3 score cp 125 nodes 13070 nps 933571 hashfull 3 tbhits 0 time 14 pv e8e6 e3d2 e6e2 e1e2 h7h5 h2h4 a8c8 g1g2 c7c6 b5a6 f5d7 b2b4 g7g6 a2a3 g8g7 e2e1
[WORKER] 2026/03/06 14:41:29 worker.go:402: Получена строка от движка: info depth 11 seldepth 22 multipv 1 score cp 155 nodes 20630 nps 859583 hashfull 6 tbhits 0 time 24 pv h7h5 h2h4 e8e4 e3f4 e4e2 b5e2 d6f4 e2f3 g7g5 e1e5
[WORKER] 2026/03/06 14:41:29 worker.go:402: Получена строка от движка: info depth 11 seldepth 16 multipv 2 score cp 127 nodes 20630 nps 859583 hashfull 6 tbhits 0 time 24 pv h7h6 e3d2 e8e2 e1e2 a8c8 g1g2 c7c6 b5a6 f5d7 h2h4 d6f8 e2e1 c6c5 d4c5 c8c5
[WORKER] 2026/03/06 14:41:29 worker.go:402: Получена строка от движка: info depth 11 seldepth 19 multipv 3 score cp 126 nodes 20630 nps 859583 hashfull 6 tbhits 0 time 24 pv a8c8 e3d2 e8e2 b5e2 h7h5 h2h4 c7c5 d4c5 d6c5 g1g2 c5d4 d2c3 d4c3
[WORKER] 2026/03/06 14:41:29 worker.go:402: Получена строка от движка: info depth 12 seldepth 26 multipv 1 score cp 155 nodes 36616 nps 813688 hashfull 13 tbhits 0 time 45 pv h7h5 h2h4 e8e4 e3f4 e4e2 b5e2 d6f4 e2f3 g8f8 g3f4 f7f6 f3a3 f8g8 a3g3 g8f7 g1g2 a8c8
[WORKER] 2026/03/06 14:41:29 worker.go:402: Получена строка от движка: info depth 12 seldepth 23 multipv 2 score cp 136 nodes 36616 nps 813688 hashfull 13 tbhits 0 time 45 pv a8c8 e3f4 e8e2 b5e2 h7h6 f4d6 c7d6 e2e7
[WORKER] 2026/03/06 14:41:29 worker.go:402: Получена строка от движка: info depth 12 seldepth 28 multipv 3 score cp 125 nodes 36616 nps 813688 hashfull 13 tbhits 0 time 45 pv h7h6 e3d2 e8e2 e1e2 h6h5 h2h4 a8c8 g1g2 c7c5 d4c5 c8c5 b5e8 g8h7 d2c3 c5c4 e2d2 d6c5 e8e5 f5e5 c3e5
[WORKER] 2026/03/06 14:41:29 worker.go:402: Получена строка от движка: info depth 13 seldepth 30 multipv 1 score cp 165 nodes 82044 nps 845814 hashfull 30 tbhits 0 time 97 pv h7h5 h2h4 e8e4 e3f4 e4e2 b5e2 d6f4 e2f3 c7c5 d4c5 b6c5 g3f4 a8d8 e1e5 f5b1 g1g2 b1a2 f3e3
[WORKER] 2026/03/06 14:41:29 worker.go:402: Получена строка от движка: info depth 13 seldepth 25 multipv 2 score cp 135 nodes 82044 nps 837183 hashfull 30 tbhits 0 time 98 pv a8c8 h2h4 h7h6 e3d2 e8e2 e1e2 c7c5 d2c3 c5d4 c3d4
[WORKER] 2026/03/06 14:41:29 worker.go:402: Получена строка от движка: info depth 13 seldepth 23 multipv 3 score cp 127 nodes 82044 nps 837183 hashfull 30 tbhits 0 time 98 pv h7h6 e3d2 e8e2 e1e2 f5f3 e2e1 a8f8 h2h4
[WORKER] 2026/03/06 14:41:29 worker.go:402: Получена строка от движка: info depth 14 seldepth 33 multipv 1 score cp 152 nodes 145603 nps 836798 hashfull 59 tbhits 0 time 174 pv h7h5 e3d2 e8e2 b5e2 f5c2 d2f4 c2e2 e1e2 d6f4 g3f4 g8f8 e2e5 a8e8 e5h5 e8e2 b2b4 e2a2 h5d5 a2a4 b4b5 f8e7 g1g2 a7a5 b5a6 a4a6 h2h4
[WORKER] 2026/03/06 14:41:29 worker.go:402: Получена строка от движка: info depth 14 seldepth 23 multipv 2 score cp 133 nodes 145603 nps 836798 hashfull 59 tbhits 0 time 174 pv a8c8 e3d2 e8e2 b5e2 h7h5 g1g2 c8d8 e2f3 f5f3 g2f3 g8f8 d2f4 d6f4 f3f4 d8e8 e1e8 f8e8
[WORKER] 2026/03/06 14:41:29 worker.go:402: Получена строка от движка: info depth 14 seldepth 30 multipv 3 score cp 131 nodes 145603 nps 836798 hashfull 59 tbhits 0 time 174 pv h7h6 e3d2 e8e2 e1e2 c7c5 d2c3 c5d4 c3d4 a8c8 d4e3
[WORKER] 2026/03/06 14:41:29 worker.go:402: Получена строка от движка: info depth 15 seldepth 26 multipv 1 score cp 152 nodes 216847 nps 763545 hashfull 82 tbhits 0 time 284 pv h7h5 e3d2 e8e2 b5e2 f5c2 d2f4 c2e2 e1e2 d6f4 g3f4 g8f8 e2e5 a8e8 e5h5 e8e2 b2b4 e2a2 h5d5 a2a4 b4b5 f8e7 g1g2 a7a5 b5a6 a4a6
[WORKER] 2026/03/06 14:41:29 worker.go:402: Получена строка от движка: info depth 15 seldepth 26 multipv 2 score cp 147 nodes 216847 nps 763545 hashfull 82 tbhits 0 time 284 pv a8c8 e3f4 e8e2 b5e2 h7h5 f4d6 c7d6 h2h4 g7g6 a2a3 c8c2 e2e8 g8g7 e1e2 c2c4
[WORKER] 2026/03/06 14:41:29 worker.go:402: Получена строка от движка: info depth 15 seldepth 34 multipv 3 score cp 129 nodes 216847 nps 763545 hashfull 82 tbhits 0 time 284 pv h7h6 e3d2 e8e2 e1e2 c7c5 d4c5 d6c5 g1g2 a8d8 a2a3 d5d4 e2e8 d8e8 b5e8 g8h7 e8c6 c5e7
[WORKER] 2026/03/06 14:41:29 worker.go:402: Получена строка от движка: info depth 16 seldepth 38 multipv 1 score cp 148 nodes 391440 nps 802131 hashfull 144 tbhits 0 time 488 pv h7h5 e3d2 e8e2 b5e2 a8c8 h2h4 c7c5 d4c5 c8c5 d2c3 c5c4 e1d1
[WORKER] 2026/03/06 14:41:29 worker.go:402: Получена строка от движка: info depth 16 seldepth 27 multipv 2 score cp 140 nodes 391440 nps 802131 hashfull 144 tbhits 0 time 488 pv h7h6 e3d2 e8e2 e1e2 c7c5 d4c5 d6c5 g1g2 a8d8 h2h3 d5d4 e2e8 d8e8 b5e8 g8h7 e8c6 f5b1
[WORKER] 2026/03/06 14:41:29 worker.go:402: Получена строка от движка: info depth 16 seldepth 36 multipv 3 score cp 138 nodes 391440 nps 802131 hashfull 144 tbhits 0 time 488 pv a8c8 e3d2 e8e2 b5e2 h7h5 g1g2 c8d8 e2f3 f5f3 g2f3 g8f8 d2f4 a7a5 f4d6 d8d6 e1c1 d6f6 f3e2
[WORKER] 2026/03/06 14:41:29 worker.go:402: Получена строка от движка: bestmove h7h5 ponder e3d2
[WORKER] 2026/03/06 14:41:29 worker.go:518: Анализ позиции: 3 тактических ходов из 48 возможных
[WORKER] 2026/03/06 14:41:29 worker.go:179: Полуход 40. Ход черных: 8.0 сек (оценка: -148)
[WORKER] 2026/03/06 14:41:29 worker.go:402: Получена строка от движка: info string Available processors: 0-11
[WORKER] 2026/03/06 14:41:29 worker.go:402: Получена строка от движка: info string Using 1 thread
[WORKER] 2026/03/06 14:41:29 worker.go:402: Получена строка от движка: info string NNUE evaluation using nn-c288c895ea92.nnue (125MiB, (102384, 1024, 15, 32, 1))
[WORKER] 2026/03/06 14:41:29 worker.go:402: Получена строка от движка: info string NNUE evaluation using nn-37f18f62d772.nnue (6MiB, (22528, 128, 15, 32, 1))
[WORKER] 2026/03/06 14:41:29 worker.go:402: Получена строка от движка: info string Network replica 1: Shared memory.
[WORKER] 2026/03/06 14:41:29 worker.go:402: Получена строка от движка: info depth 1 seldepth 7 multipv 1 score cp -148 nodes 146 nps 146000 hashfull 0 tbhits 0 time 1 pv e3d2
[WORKER] 2026/03/06 14:41:29 worker.go:402: Получена строка от движка: info depth 1 seldepth 2 multipv 2 score cp -158 nodes 146 nps 146000 hashfull 0 tbhits 0 time 1 pv h2h4
[WORKER] 2026/03/06 14:41:29 worker.go:402: Получена строка от движка: info depth 1 seldepth 6 multipv 3 score cp -165 nodes 146 nps 146000 hashfull 0 tbhits 0 time 1 pv b5c6
[WORKER] 2026/03/06 14:41:29 worker.go:402: Получена строка от движка: info depth 2 seldepth 4 multipv 1 score cp -148 nodes 446 nps 446000 hashfull 0 tbhits 0 time 1 pv e3d2 e8e2
[WORKER] 2026/03/06 14:41:29 worker.go:402: Получена строка от движка: info depth 2 seldepth 16 multipv 2 score cp -159 nodes 446 nps 446000 hashfull 0 tbhits 0 time 1 pv h2h4 e8e4 e3f4 e4e2 b5e2 d6f4 e2f3 c7c5 d4c5 b6c5 g3f4 a8d8 e1e5
[WORKER] 2026/03/06 14:41:29 worker.go:402: Получена строка от движка: info depth 2 seldepth 8 multipv 3 score cp -169 nodes 446 nps 446000 hashfull 0 tbhits 0 time 1 pv e3c1 e8e2 b5e2
[WORKER] 2026/03/06 14:41:29 worker.go:402: Получена строка от движка: info depth 3 seldepth 4 multipv 1 score cp -148 nodes 573 nps 573000 hashfull 0 tbhits 0 time 1 pv e3d2 e8e2 b5e2
[WORKER] 2026/03/06 14:41:29 worker.go:402: Получена строка от движка: info depth 3 seldepth 5 multipv 2 score cp -159 nodes 573 nps 573000 hashfull 0 tbhits 0 time 1 pv h2h4 e8e4 e3f4
[WORKER] 2026/03/06 14:41:29 worker.go:402: Получена строка от движка: info depth 3 seldepth 4 multipv 3 score cp -169 nodes 573 nps 573000 hashfull 0 tbhits 0 time 1 pv e3c1 e8e2 b5e2
[WORKER] 2026/03/06 14:41:29 worker.go:402: Получена строка от движка: info depth 4 seldepth 6 multipv 1 score cp -159 nodes 903 nps 903000 hashfull 0 tbhits 0 time 1 pv h2h4 e8e4 e3f4 e4e2
[WORKER] 2026/03/06 14:41:29 worker.go:402: Получена строка от движка: info depth 4 seldepth 6 multipv 2 score cp -163 nodes 903 nps 903000 hashfull 0 tbhits 0 time 1 pv e3d2 e8e2 b5e2 h5h4
[WORKER] 2026/03/06 14:41:29 worker.go:402: Получена строка от движка: info depth 4 seldepth 6 multipv 3 score cp -166 nodes 903 nps 903000 hashfull 0 tbhits 0 time 1 pv b5c6
[WORKER] 2026/03/06 14:41:29 worker.go:402: Получена строка от движка: info depth 5 seldepth 6 multipv 1 score cp -158 nodes 1083 nps 541500 hashfull 0 tbhits 0 time 2 pv e3d2 e8e2 b5e2 h5h4 g3g4
[WORKER] 2026/03/06 14:41:29 worker.go:402: Получена строка от движка: info depth 5 seldepth 7 multipv 2 score cp -159 nodes 1083 nps 541500 hashfull 0 tbhits 0 time 2 pv h2h4 e8e4 e3f4 e4e2 b5e2
[WORKER] 2026/03/06 14:41:29 worker.go:402: Получена строка от движка: info depth 5 seldepth 6 multipv 3 score cp -173 nodes 1083 nps 541500 hashfull 0 tbhits 0 time 2 pv b5c6 a8c8 e3d2 e8e2 e1e2
[WORKER] 2026/03/06 14:41:29 worker.go:402: Получена строка от движка: info depth 6 seldepth 8 multipv 1 score cp -159 nodes 1336 nps 668000 hashfull 0 tbhits 0 time 2 pv h2h4 e8e4 e3f4 e4e2 b5e2 d6f4
[WORKER] 2026/03/06 14:41:29 worker.go:402: Получена строка от движка: info depth 6 seldepth 7 multipv 2 score cp -165 nodes 1336 nps 668000 hashfull 0 tbhits 0 time 2 pv e3d2 e8e2 b5e2 h5h4 g3g4 f5c2
[WORKER] 2026/03/06 14:41:29 worker.go:402: Получена строка от движка: info depth 6 seldepth 8 multipv 3 score cp -169 nodes 1336 nps 668000 hashfull 0 tbhits 0 time 2 pv e3c1 e8e2 b5e2 h5h4 g3g4
[WORKER] 2026/03/06 14:41:29 worker.go:402: Получена строка от движка: info depth 7 seldepth 10 multipv 1 score cp -150 nodes 1669 nps 834500 hashfull 0 tbhits 0 time 2 pv e3d2 e8e2 b5e2 h5h4 g3g4 f5f6
[WORKER] 2026/03/06 14:41:29 worker.go:402: Получена строка от движка: info depth 7 seldepth 8 multipv 2 score cp -159 nodes 1669 nps 834500 hashfull 0 tbhits 0 time 2 pv h2h4 e8e4 e3f4 e4e2 b5e2 d6f4 e2f3
[WORKER] 2026/03/06 14:41:29 worker.go:402: Получена строка от движка: info depth 7 seldepth 10 multipv 3 score cp -164 nodes 1669 nps 834500 hashfull 0 tbhits 0 time 2 pv e3f4 e8e2 b5e2 d6f4 e2f3 h5h4 f3f4 f5f4 g3f4
[WORKER] 2026/03/06 14:41:29 worker.go:402: Получена строка от движка: info depth 8 seldepth 17 multipv 1 score cp -152 nodes 2357 nps 1178500 hashfull 0 tbhits 0 time 2 pv e3d2 e8e2 b5e2 h5h4 g3g4 f5f6 e2d3 c7c5 d4c5 d6c5
[WORKER] 2026/03/06 14:41:29 worker.go:402: Получена строка от движка: info depth 8 seldepth 12 multipv 2 score cp -159 nodes 2357 nps 1178500 hashfull 0 tbhits 0 time 2 pv h2h4 e8e4 e3f4 e4e2 b5e2 d6f4 e2f3 c7c5 d4c5 b6c5 g3f4
[WORKER] 2026/03/06 14:41:29 worker.go:402: Получена строка от движка: info depth 8 seldepth 10 multipv 3 score cp -161 nodes 2357 nps 1178500 hashfull 0 tbhits 0 time 2 pv e3c1 e8e2 b5e2 h5h4 g3g4 f5f6
[WORKER] 2026/03/06 14:41:29 worker.go:402: Получена строка от движка: info depth 9 seldepth 11 multipv 1 score cp -157 nodes 4063 nps 1015750 hashfull 1 tbhits 0 time 4 pv e3d2 e8e2 b5e2 h5h4 g3g4 f5c2
[WORKER] 2026/03/06 14:41:29 worker.go:402: Получена строка от движка: info depth 9 seldepth 16 multipv 2 score cp -163 nodes 4063 nps 1015750 hashfull 1 tbhits 0 time 4 pv e3f4 e8e2 b5e2 d6f4 e2f3 h5h4 f3f4 f5f4 g3f4
[WORKER] 2026/03/06 14:41:29 worker.go:402: Получена строка от движка: info depth 9 seldepth 17 multipv 3 score cp -171 nodes 4063 nps 1015750 hashfull 1 tbhits 0 time 4 pv h2h4 e8e4 e3f4 e4e2 b5e2 d6f4 e2f3 c7c5 d4c5 b6c5 g3f4 a8d8 e1e5 f5g4 f3g4
[WORKER] 2026/03/06 14:41:29 worker.go:402: Получена строка от движка: info depth 10 seldepth 16 multipv 1 score cp -143 nodes 9187 nps 1020777 hashfull 3 tbhits 0 time 9 pv e3d2 e8e2 b5e2 h5h4 g3g4 f5c2 d2g5 c2e2 e1e2 h4h3 g5h4 g8f8 e2e3 a8e8 e3h3
[WORKER] 2026/03/06 14:41:29 worker.go:402: Получена строка от движка: info depth 10 seldepth 12 multipv 2 score cp -158 nodes 9187 nps 1020777 hashfull 3 tbhits 0 time 9 pv e3f4 e8e2 b5e2 d6f4 e2f3 h5h4 f3f4 f5f4 g3f4 g8f8 g1g2
[WORKER] 2026/03/06 14:41:29 worker.go:402: Получена строка от движка: info depth 10 seldepth 25 multipv 3 score cp -171 nodes 9187 nps 1020777 hashfull 3 tbhits 0 time 9 pv h2h4 e8e4 e3f4 e4e2 b5e2 d6f4 e2f3 c7c5 g1f1
[WORKER] 2026/03/06 14:41:29 worker.go:402: Получена строка от движка: info depth 11 seldepth 16 multipv 1 score cp -143 nodes 13066 nps 1005076 hashfull 5 tbhits 0 time 13 pv e3d2 e8e2 b5e2 h5h4 g3g4 f5c2 d2g5 c2e2 e1e2 h4h3 g5h4 g8f8 e2e3 a8e8 e3h3
[WORKER] 2026/03/06 14:41:29 worker.go:402: Получена строка от движка: info depth 11 seldepth 20 multipv 2 score cp -158 nodes 13066 nps 1005076 hashfull 5 tbhits 0 time 13 pv e3f4 e8e2 b5e2 d6f4 e2f3 g7g6 g3f4 a8d8 e1e5 f5b1 g1g2 b1b2 f3e3
[WORKER] 2026/03/06 14:41:29 worker.go:402: Получена строка от движка: info depth 11 seldepth 30 multipv 3 score cp -167 nodes 13066 nps 1005076 hashfull 5 tbhits 0 time 13 pv h2h4 e8e4 e3f4 e4e2 b5e2 d6f4 e2f3 c7c5 d4c5 b6c5 g3f4 a8d8 e1e5 f5g4 f3g4 h5g4 g1f1
[WORKER] 2026/03/06 14:41:29 worker.go:402: Получена строка от движка: info depth 12 seldepth 35 multipv 1 score cp -151 nodes 40503 nps 1038538 hashfull 20 tbhits 0 time 39 pv e3d2 e8e2 b5e2 f5c2 d2f4 c2e2 e1e2 d6f4 g3f4 g8f8 e2e5 a8e8 e5h5
[WORKER] 2026/03/06 14:41:29 worker.go:402: Получена строка от движка: info depth 12 seldepth 20 multipv 2 score cp -154 nodes 40503 nps 1038538 hashfull 20 tbhits 0 time 39 pv e3f4 e8e2 b5e2 d6f4 e2f3 g7g6 f3f4 f5f4 g3f4 c7c5 d4c5 b6c5 e1e7
[WORKER] 2026/03/06 14:41:29 worker.go:402: Получена строка от движка: info depth 12 seldepth 40 multipv 3 score cp -178 nodes 40503 nps 1038538 hashfull 20 tbhits 0 time 39 pv h2h4 e8e4 e3f4 e4e2 b5e2 d6f4 e2f3 c7c5 d4c5 b6c5 g3f4 a8d8 e1e5 f5g4 f3g4 h5g4 b2b3 f7f6 e5e7 d5d4 g1f1 d4d3
[WORKER] 2026/03/06 14:41:29 worker.go:402: Получена строка от движка: info depth 13 seldepth 27 multipv 1 score cp -147 nodes 64755 nps 1011796 hashfull 25 tbhits 0 time 64 pv e3d2 e8e2 b5e2 a7a5 g1g2 a5a4 e2f3 f5f3 g2f3 c7c5 d2f4 d6f4 f3f4 c5d4 e1c1 a8a5
[WORKER] 2026/03/06 14:41:29 worker.go:402: Получена строка от движка: info depth 13 seldepth 23 multipv 2 score cp -148 nodes 64755 nps 1011796 hashfull 25 tbhits 0 time 64 pv e3f4 e8e2 b5e2 d6f4 e2f3 c7c6 g1g2 a8c8 h2h4 g7g5 h4g5 f5g5 f3f4 g5f4 g3f4 g8f8
[WORKER] 2026/03/06 14:41:29 worker.go:402: Получена строка от движка: info depth 13 seldepth 37 multipv 3 score cp -178 nodes 64755 nps 1011796 hashfull 25 tbhits 0 time 64 pv h2h4 e8e4 e3f4 e4e2 b5e2 d6f4 e2f3 c7c5 g3f4 a8d8 e1e5 f5g4 f3g4 h5g4 e5e7
[WORKER] 2026/03/06 14:41:29 worker.go:402: Получена строка от движка: info depth 14 seldepth 26 multipv 1 score cp -154 nodes 91967 nps 999641 hashfull 34 tbhits 0 time 92 pv e3d2 e8e2 b5e2 f5c2 d2f4 c2e2 e1e2 d6f4 g3f4 g8f8 e2e5 a8e8 e5h5
[WORKER] 2026/03/06 14:41:29 worker.go:402: Получена строка от движка: info depth 14 seldepth 19 multipv 2 score cp -157 nodes 91967 nps 999641 hashfull 34 tbhits 0 time 92 pv e3f4 e8e2 b5e2 d6f4 e2f3 c7c6 g1g2 f5f6 f3f4 f6f4 g3f4 g8f8 f4f5 a8e8
[WORKER] 2026/03/06 14:41:29 worker.go:402: Получена строка от движка: info depth 14 seldepth 31 multipv 3 score cp -171 nodes 91967 nps 999641 hashfull 34 tbhits 0 time 92 pv h2h4 e8e4 e3f4 e4e2 b5e2 d6f4 e2f3 c7c5 g3f4 a8d8 e1e5 f5g4 f3g4 h5g4 g1f1 f7f6
[WORKER] 2026/03/06 14:41:29 worker.go:402: Получена строка от движка: info depth 15 seldepth 28 multipv 1 score cp -156 nodes 113908 nps 990504 hashfull 42 tbhits 0 time 115 pv e3d2 e8e2 b5e2 f5c2 d2f4 c2e2 e1e2 d6f4 g3f4 g8f8 e2e5 a8e8 e5h5 e8e2 h5d5 e2b2 d5d8 f8e7 d8c8 e7d6 c8d8 d6e6 d4d5 e6e7 d8c8 b2c2 h2h4
[WORKER] 2026/03/06 14:41:29 worker.go:402: Получена строка от движка: info depth 15 seldepth 23 multipv 2 score cp -162 nodes 113908 nps 990504 hashfull 42 tbhits 0 time 115 pv e3f4 e8e2 b5e2 d6f4 e2f3 h5h4 f3f4 f5f4 g3f4 g8f8 g1g2 c7c5 d4c5 b6c5 e1e5 a8d8 g2f3
[WORKER] 2026/03/06 14:41:29 worker.go:402: Получена строка от движка: info depth 15 seldepth 31 multipv 3 score cp -169 nodes 113908 nps 990504 hashfull 42 tbhits 0 time 115 pv h2h4 e8e4 e3f4 e4e2 b5e2 d6f4 e2f3 c7c5 g3f4 a8d8 e1e5 f5g4 f3g4 h5g4 f4f5 c5d4 g1g2 g8h7 g2g3 h7h6 e5e2 d4d3 e2d2 h6h5 d2d3
[WORKER] 2026/03/06 14:41:29 worker.go:402: Получена строка от движка: info depth 16 seldepth 31 multipv 1 score cp -156 nodes 138800 nps 984397 hashfull 52 tbhits 0 time 141 pv e3d2 e8e2 b5e2 f5c2 d2f4 c2e2 e1e2 d6f4 g3f4 g8f8 e2e5 a8e8 e5h5 e8e2 h5d5 e2b2 d5d8 f8e7 d8c8 e7d6
[WORKER] 2026/03/06 14:41:29 worker.go:402: Получена строка от движка: info depth 16 seldepth 33 multipv 2 score cp -159 nodes 138800 nps 977464 hashfull 52 tbhits 0 time 142 pv h2h4 e8e4 e3f4 e4e2 b5e2 d6f4 e2f3 c7c5 g3f4 a8d8 e1e5 f5g6 e5g5 g6b1 g1g2 c5d4 g5h5 b1b2 h5d5 d8d5 f3d5 b2c3 d5d8 g8h7 d8d7 d4d3 d7f7
[WORKER] 2026/03/06 14:41:29 worker.go:402: Получена строка от движка: info depth 16 seldepth 21 multipv 3 score cp -169 nodes 138800 nps 977464 hashfull 52 tbhits 0 time 142 pv e3f4 e8e2 b5e2 d6f4 e2f3 h5h4 f3f4 f5f4 g3f4 g8f8 e1e5 a8e8 e5d5 e8e2 d5d8 f8e7 d8c8 e7d7
[WORKER] 2026/03/06 14:41:29 worker.go:402: Получена строка от движка: bestmove e3d2 ponder e8e2
[WORKER] 2026/03/06 14:41:29 worker.go:518: Анализ позиции: 3 тактических ходов из 37 возможных
[WORKER] 2026/03/06 14:41:29 worker.go:179: Полуход 41. Ход белых: 18.8 сек (оценка: -156)
[WORKER] 2026/03/06 14:41:29 worker.go:402: Получена строка от движка: info string Available processors: 0-11
[WORKER] 2026/03/06 14:41:29 worker.go:402: Получена строка от движка: info string Using 1 thread
[WORKER] 2026/03/06 14:41:29 worker.go:402: Получена строка от движка: info string NNUE evaluation using nn-c288c895ea92.nnue (125MiB, (102384, 1024, 15, 32, 1))
[WORKER] 2026/03/06 14:41:29 worker.go:402: Получена строка от движка: info string NNUE evaluation using nn-37f18f62d772.nnue (6MiB, (22528, 128, 15, 32, 1))
[WORKER] 2026/03/06 14:41:29 worker.go:402: Получена строка от движка: info string Network replica 1: Shared memory.
[WORKER] 2026/03/06 14:41:29 worker.go:402: Получена строка от движка: info depth 1 seldepth 4 multipv 1 score cp 159 nodes 145 nps 145000 hashfull 0 tbhits 0 time 1 pv e8e4
[WORKER] 2026/03/06 14:41:29 worker.go:402: Получена строка от движка: info depth 1 seldepth 2 multipv 2 score cp 158 nodes 145 nps 145000 hashfull 0 tbhits 0 time 1 pv e8e6
[WORKER] 2026/03/06 14:41:29 worker.go:402: Получена строка от движка: info depth 1 seldepth 2 multipv 3 score cp 141 nodes 145 nps 145000 hashfull 0 tbhits 0 time 1 pv f5f3
[WORKER] 2026/03/06 14:41:29 worker.go:402: Получена строка от движка: info depth 2 seldepth 4 multipv 1 score cp 159 nodes 700 nps 700000 hashfull 0 tbhits 0 time 1 pv e8e4 e3f4
[WORKER] 2026/03/06 14:41:29 worker.go:402: Получена строка от движка: info depth 2 seldepth 5 multipv 2 score cp 138 nodes 700 nps 700000 hashfull 0 tbhits 0 time 1 pv a8c8
[WORKER] 2026/03/06 14:41:29 worker.go:402: Получена строка от движка: info depth 2 seldepth 5 multipv 3 score cp 132 nodes 700 nps 700000 hashfull 0 tbhits 0 time 1 pv e8e6 e3g5
[WORKER] 2026/03/06 14:41:29 worker.go:402: Получена строка от движка: info depth 3 seldepth 5 multipv 1 score cp 159 nodes 1244 nps 1244000 hashfull 0 tbhits 0 time 1 pv e8e4 e3f4 e4e2
[WORKER] 2026/03/06 14:41:29 worker.go:402: Получена строка от движка: info depth 3 seldepth 5 multipv 2 score cp 140 nodes 1244 nps 1244000 hashfull 0 tbhits 0 time 1 pv e8e6
[WORKER] 2026/03/06 14:41:29 worker.go:402: Получена строка от движка: info depth 3 seldepth 10 multipv 3 score cp 125 nodes 1244 nps 1244000 hashfull 0 tbhits 0 time 1 pv a7a6 b5c6
[WORKER] 2026/03/06 14:41:29 worker.go:402: Получена строка от движка: info depth 4 seldepth 6 multipv 1 score cp 159 nodes 1807 nps 1807000 hashfull 0 tbhits 0 time 1 pv e8e4 e3f4 e4e2 b5e2
[WORKER] 2026/03/06 14:41:29 worker.go:402: Получена строка от движка: info depth 4 seldepth 9 multipv 2 score cp 127 nodes 1807 nps 1807000 hashfull 0 tbhits 0 time 1 pv f5f3
[WORKER] 2026/03/06 14:41:29 worker.go:402: Получена строка от движка: info depth 4 seldepth 6 multipv 3 score cp 124 nodes 1807 nps 1807000 hashfull 0 tbhits 0 time 1 pv e8e6 e3g5 a7a6 b5d7
[WORKER] 2026/03/06 14:41:29 worker.go:402: Получена строка от движка: info depth 5 seldepth 7 multipv 1 score cp 159 nodes 2362 nps 2362000 hashfull 0 tbhits 0 time 1 pv e8e4 e3f4 e4e2 b5e2 d6f4
[WORKER] 2026/03/06 14:41:29 worker.go:402: Получена строка от движка: info depth 5 seldepth 8 multipv 2 score cp 129 nodes 2362 nps 2362000 hashfull 0 tbhits 0 time 1 pv a8c8 e3g5 e8e2 b5e2
[WORKER] 2026/03/06 14:41:29 worker.go:402: Получена строка от движка: info depth 5 seldepth 6 multipv 3 score cp 124 nodes 2362 nps 2362000 hashfull 0 tbhits 0 time 1 pv f5f3 e3g5 e8e2 e1e2 a7a6
[WORKER] 2026/03/06 14:41:29 worker.go:402: Получена строка от движка: info depth 6 seldepth 7 multipv 1 score cp 159 nodes 3042 nps 1521000 hashfull 0 tbhits 0 time 2 pv e8e4 e3f4 e4e2 b5e2 d6f4 e2f3
[WORKER] 2026/03/06 14:41:29 worker.go:402: Получена строка от движка: info depth 6 seldepth 9 multipv 2 score cp 136 nodes 3042 nps 1521000 hashfull 0 tbhits 0 time 2 pv a8c8 e3g5 e8e2 e1e2 c7c5 d4c5 b6c5
[WORKER] 2026/03/06 14:41:29 worker.go:402: Получена строка от движка: info depth 6 seldepth 12 multipv 3 score cp 124 nodes 3042 nps 1521000 hashfull 0 tbhits 0 time 2 pv e8e6 e3g5 a7a6 b5d7 a8e8 e2e6
[WORKER] 2026/03/06 14:41:29 worker.go:402: Получена строка от движка: info depth 7 seldepth 9 multipv 1 score cp 159 nodes 3723 nps 1861500 hashfull 0 tbhits 0 time 2 pv e8e4 e3f4 e4e2 b5e2 d6f4 e2f3 c7c5
[WORKER] 2026/03/06 14:41:29 worker.go:402: Получена строка от движка: info depth 7 seldepth 8 multipv 2 score cp 136 nodes 3723 nps 1861500 hashfull 0 tbhits 0 time 2 pv a8c8 e3g5 e8e2 e1e2 c7c5 d4c5 b6c5
[WORKER] 2026/03/06 14:41:29 worker.go:402: Получена строка от движка: info depth 7 seldepth 11 multipv 3 score cp 124 nodes 3723 nps 1861500 hashfull 0 tbhits 0 time 2 pv e8e6 e3g5 a7a6 b5d7 a8e8 e2e3
[WORKER] 2026/03/06 14:41:29 worker.go:402: Получена строка от движка: info depth 8 seldepth 24 multipv 1 score cp 159 nodes 8077 nps 1153857 hashfull 1 tbhits 0 time 7 pv e8e4 e3f4 e4e2 b5e2 d6f4 e2f3 c7c5 g3f4 a8d8 e1e5 f5g6 e5g5 g6b1 g1g2 c5d4 g5h5 b1b2 h5d5 d8d5 f3d5 b2c3 d5d8 g8h7
[WORKER] 2026/03/06 14:41:29 worker.go:402: Получена строка от движка: info depth 8 seldepth 12 multipv 2 score cp 127 nodes 8077 nps 1153857 hashfull 1 tbhits 0 time 7 pv a8c8 e3g5 e8e2 b5e2 c7c5 d4c5 b6c5 e2h5
[WORKER] 2026/03/06 14:41:29 worker.go:402: Получена строка от движка: info depth 8 seldepth 17 multipv 3 score cp 124 nodes 8077 nps 1153857 hashfull 1 tbhits 0 time 7 pv f5f3 e3g5 e8e2 e1e2 a7a6 b5c6 f3e2 c6a8 d6f8 g5e3 e2b2
[WORKER] 2026/03/06 14:41:29 worker.go:402: Получена строка от движка: info depth 9 seldepth 13 multipv 1 score cp 159 nodes 12704 nps 1154909 hashfull 2 tbhits 0 time 11 pv e8e4 e3f4 e4e2 b5e2 d6f4 e2f3 c7c5 g3f4 a8d8 e1e5 f5g6 e5g5
[WORKER] 2026/03/06 14:41:29 worker.go:402: Получена строка от движка: info depth 9 seldepth 15 multipv 2 score cp 130 nodes 12704 nps 1154909 hashfull 2 tbhits 0 time 11 pv a7a6 b5c6 f5f3 e3g5 e8e2 e1e2 f3e2 c6a8 d6f8
[WORKER] 2026/03/06 14:41:29 worker.go:402: Получена строка от движка: info depth 9 seldepth 16 multipv 3 score cp 127 nodes 12704 nps 1154909 hashfull 2 tbhits 0 time 11 pv a8c8 e3g5 e8e2 e1e2 c7c5 d4c5 c8c5 b5e8 g8h7
[WORKER] 2026/03/06 14:41:29 worker.go:402: Получена строка от движка: info depth 10 seldepth 16 multipv 1 score cp 159 nodes 22561 nps 1074333 hashfull 5 tbhits 0 time 21 pv e8e4 e3f4 e4e2 b5e2 d6f4 e2f3 c7c5 g3f4 a8d8 e1e5 f5g6 e5g5 g6b1 g1g2
[WORKER] 2026/03/06 14:41:29 worker.go:402: Получена строка от движка: info depth 10 seldepth 19 multipv 2 score cp 141 nodes 22561 nps 1074333 hashfull 5 tbhits 0 time 21 pv a8c8 e3g5 e8e2 b5e2 c7c5 d4c5 d6c5 e1d1 f7f6
[WORKER] 2026/03/06 14:41:29 worker.go:402: Получена строка от движка: info depth 10 seldepth 18 multipv 3 score cp 123 nodes 22561 nps 1074333 hashfull 5 tbhits 0 time 21 pv f5f3 e3g5 e8e2 e1e2 f7f6 g5c1 a7a6 b5c6 a8f8
[WORKER] 2026/03/06 14:41:29 worker.go:402: Получена строка от движка: info depth 11 seldepth 18 multipv 1 score cp 159 nodes 44531 nps 989577 hashfull 11 tbhits 0 time 45 pv e8e4 e3f4 e4e2 b5e2 d6f4 e2f3 c7c5 g3f4 a8d8 e1e5 f5g6 e5g5 g6b1 g1g2 c5d4 g5h5
[WORKER] 2026/03/06 14:41:29 worker.go:402: Получена строка от движка: info depth 11 seldepth 18 multipv 2 score cp 141 nodes 44531 nps 989577 hashfull 11 tbhits 0 time 45 pv a8c8 e3g5 e8e2 b5e2 c7c5 d4c5 d6c5 e1d1 f7f6 g5f4 d5d4 g1g2 f5d5 e2f3
[WORKER] 2026/03/06 14:41:29 worker.go:402: Получена строка от движка: info depth 11 seldepth 24 multipv 3 score cp 100 nodes 44531 nps 989577 hashfull 11 tbhits 0 time 45 pv f5f3 e3g5 e8e2 e1e2 f7f6 g5d2 a7a6 b5c6 f3e2 c6a8 g8h7 d2c3 e2b5 g1g2 f6f5 b2b3 f5f4 g3f4 d6f4 a8f8 f4d6
[WORKER] 2026/03/06 14:41:29 worker.go:402: Получена строка от движка: info depth 12 seldepth 21 multipv 1 score cp 159 nodes 83396 nps 937033 hashfull 24 tbhits 0 time 89 pv e8e4 e3f4 e4e2 b5e2 d6f4 e2f3 c7c5 g3f4 a8d8 e1e5 f5g6 e5g5 g6b1 g1g2 c5d4 g5h5 b1b2 h5d5 d8d5
[WORKER] 2026/03/06 14:41:29 worker.go:402: Получена строка от движка: info depth 12 seldepth 21 multipv 2 score cp 143 nodes 83396 nps 937033 hashfull 24 tbhits 0 time 89 pv a8c8 e3d2 e8e2 b5e2 c7c5 d4c5 d6c5
[WORKER] 2026/03/06 14:41:29 worker.go:402: Получена строка от движка: info depth 12 seldepth 22 multipv 3 score cp 98 nodes 83396 nps 937033 hashfull 24 tbhits 0 time 89 pv g8h7 e3g5 e8e2 b5e2 h7g6 g1g2 f7f6 g5d2 a8d8 e2a6 f5g4
[WORKER] 2026/03/06 14:41:29 worker.go:402: Получена строка от движка: info depth 13 seldepth 25 multipv 1 score cp 170 nodes 139773 nps 913549 hashfull 43 tbhits 0 time 153 pv e8e4 e3f4 e4e2 b5e2 d6f4 e2f3 c7c5 g3f4 a8d8 e1e5 f5g6 e5g5 g6b1 g1g2 c5d4 g5h5 b1b2 h5d5 d8d5 f3d5 b2c3 d5a8 g8h7
[WORKER] 2026/03/06 14:41:29 worker.go:402: Получена строка от движка: info depth 13 seldepth 24 multipv 2 score cp 128 nodes 139773 nps 913549 hashfull 43 tbhits 0 time 153 pv a8c8 e3g5 e8e2 e1e2 c7c6 b5a6 f5d7 b2b3 d6f8 e2e1 c6c5 d4c5 b6c5
[WORKER] 2026/03/06 14:41:29 worker.go:402: Получена строка от движка: info depth 13 seldepth 34 multipv 3 score cp 112 nodes 139773 nps 913549 hashfull 43 tbhits 0 time 153 pv f5f3 e3g5 e8e2 e1e2 a7a6 b5c6 a8f8 e2e3 f3d1 g1g2 d1d4 g5e7 d6e7 e3e7 d4b2 c6d5
[WORKER] 2026/03/06 14:41:29 worker.go:402: Получена строка от движка: info depth 14 seldepth 27 multipv 1 score cp 170 nodes 222110 nps 933235 hashfull 71 tbhits 0 time 238 pv e8e4 e3f4 e4e2 b5e2 d6f4 e2f3 c7c5 g3f4 c5d4 e1e5 f5b1 g1g2 b1a2 e5h5 a2b2 f3d5 a8e8 h5f5 e8f8 f5g5 d4d3 d5d3 b2f6 d3e4
[WORKER] 2026/03/06 14:41:29 worker.go:402: Получена строка от движка: info depth 14 seldepth 23 multipv 2 score cp 120 nodes 222110 nps 933235 hashfull 71 tbhits 0 time 238 pv a8c8 e3g5 e8e2 e1e2 c7c5 d4c5 c8c5 b5a4 c5c4 a4d1 c4e4 e2e4 f5e4 d1h5 f7f6
[WORKER] 2026/03/06 14:41:29 worker.go:402: Получена строка от движка: info depth 14 seldepth 31 multipv 3 score cp 119 nodes 222110 nps 933235 hashfull 71 tbhits 0 time 238 pv f5f3 e3g5 e8e2 e1e2 a8f8 e2e1 f7f6 g5d2 f6f5 e1e8 f3d1 g1g2 d1d2 b5d5 g8h7
[WORKER] 2026/03/06 14:41:30 worker.go:402: Получена строка от движка: info depth 15 seldepth 34 multipv 1 score cp 163 nodes 314926 nps 934498 hashfull 102 tbhits 0 time 337 pv e8e4 e3f4 e4e2 b5e2 d6f4 g3f4 c7c5 d4c5 b6c5 e2e5 f5g4 g1f1 a8d8 e5e7 d8b8 e7c5 b8b2 e1e8 g8h7 c5d5
[WORKER] 2026/03/06 14:41:30 worker.go:402: Получена строка от движка: info depth 15 seldepth 35 multipv 2 score cp 120 nodes 314926 nps 934498 hashfull 102 tbhits 0 time 337 pv f5f3 e3g5 e8e2 e1e2 a7a6 b5c6 a8f8 e2e3 f3d1 g1g2 d1d4 g5e7 d6e7 e3e7 d4b2 c6d5 c7c5 e7c7
[WORKER] 2026/03/06 14:41:30 worker.go:402: Получена строка от движка: info depth 15 seldepth 27 multipv 3 score cp 120 nodes 314926 nps 934498 hashfull 102 tbhits 0 time 337 pv a8c8 e3g5 e8e2 e1e2 f7f6 g5d2 c7c6 b5a6 c6c5 d4c5 d6c5 d2f4
[WORKER] 2026/03/06 14:41:30 worker.go:402: Получена строка от движка: info depth 16 seldepth 39 multipv 1 score cp 172 nodes 409770 nps 937688 hashfull 138 tbhits 0 time 437 pv e8e4 e3f4 e4e2 b5e2 d6f4 g3f4 c7c5 d4c5 b6c5 e2f3 a8d8 e1e5 f5g4 f3g4 h5g4 b2b3 f7f6 e5e7 d5d4 g1f1 g8h7
[WORKER] 2026/03/06 14:41:30 worker.go:402: Получена строка от движка: info depth 16 seldepth 29 multipv 2 score cp 129 nodes 409770 nps 937688 hashfull 138 tbhits 0 time 437 pv a8c8 e3g5 e8e2 e1e2 f7f6 e2e8 g8h7 b5e2 h7g6 g5d2 c8e8 e2e8 g6h7 e8f7 c7c5 f7a7 f5b1 g1g2 b1e4 g2g1 d6g3 d4c5 g3h4
[WORKER] 2026/03/06 14:41:30 worker.go:402: Получена строка от движка: info depth 16 seldepth 35 multipv 3 score cp 127 nodes 409770 nps 937688 hashfull 138 tbhits 0 time 437 pv f5f3 e3g5 e8e2 e1e2 a8f8 e2e3 f3d1 g1g2 d1d4 g5e7 d6e7 e3e7 c7c5 b5c6 c5c4 e7a7 d4e4 g2g1 f8e8 a7b7 d5d4 c6e4 e8e4 g1f1
[WORKER] 2026/03/06 14:41:30 worker.go:402: Получена строка от движка: bestmove e8e4 ponder e3f4
[WORKER] 2026/03/06 14:41:30 worker.go:518: Анализ позиции: 3 тактических ходов из 47 возможных
[WORKER] 2026/03/06 14:41:30 worker.go:179: Полуход 42. Ход черных: 20.5 сек (оценка: -172)
[WORKER] 2026/03/06 14:41:30 worker.go:402: Получена строка от движка: info string Available processors: 0-11
[WORKER] 2026/03/06 14:41:30 worker.go:402: Получена строка от движка: info string Using 1 thread
[WORKER] 2026/03/06 14:41:30 worker.go:402: Получена строка от движка: info string NNUE evaluation using nn-c288c895ea92.nnue (125MiB, (102384, 1024, 15, 32, 1))
[WORKER] 2026/03/06 14:41:30 worker.go:402: Получена строка от движка: info string NNUE evaluation using nn-37f18f62d772.nnue (6MiB, (22528, 128, 15, 32, 1))
[WORKER] 2026/03/06 14:41:30 worker.go:402: Получена строка от движка: info string Network replica 1: Shared memory.
[WORKER] 2026/03/06 14:41:30 worker.go:402: Получена строка от движка: info depth 1 seldepth 3 multipv 1 score cp -169 nodes 128 nps 128000 hashfull 0 tbhits 0 time 1 pv b5c6
[WORKER] 2026/03/06 14:41:30 worker.go:402: Получена строка от движка: info depth 1 seldepth 9 multipv 2 score cp -172 nodes 128 nps 128000 hashfull 0 tbhits 0 time 1 pv e3f4
[WORKER] 2026/03/06 14:41:30 worker.go:402: Получена строка от движка: info depth 1 seldepth 3 multipv 3 score cp -181 nodes 128 nps 128000 hashfull 0 tbhits 0 time 1 pv e3g5 e4d4
[WORKER] 2026/03/06 14:41:30 worker.go:402: Получена строка от движка: info depth 2 seldepth 6 multipv 1 score cp -164 nodes 502 nps 502000 hashfull 0 tbhits 0 time 1 pv e3g5 e4d4 b5c6
[WORKER] 2026/03/06 14:41:30 worker.go:402: Получена строка от движка: info depth 2 seldepth 7 multipv 2 score cp -172 nodes 502 nps 502000 hashfull 0 tbhits 0 time 1 pv e3f4 e4e2 b5e2 d6f4 g3f4
[WORKER] 2026/03/06 14:41:30 worker.go:402: Получена строка от движка: info depth 2 seldepth 8 multipv 3 score cp -175 nodes 502 nps 502000 hashfull 0 tbhits 0 time 1 pv g1g2 a8e8 e3g5 e4e2 e1e2 e8e2 b5e2
[WORKER] 2026/03/06 14:41:30 worker.go:402: Получена строка от движка: info depth 3 seldepth 4 multipv 1 score cp -164 nodes 632 nps 632000 hashfull 0 tbhits 0 time 1 pv e3g5 e4d4 b5c6
[WORKER] 2026/03/06 14:41:30 worker.go:402: Получена строка от движка: info depth 3 seldepth 5 multipv 2 score cp -172 nodes 632 nps 632000 hashfull 0 tbhits 0 time 1 pv e3f4 e4e2 b5e2
[WORKER] 2026/03/06 14:41:30 worker.go:402: Получена строка от движка: info depth 3 seldepth 5 multipv 3 score cp -175 nodes 632 nps 632000 hashfull 0 tbhits 0 time 1 pv g1g2 a8c8
[WORKER] 2026/03/06 14:41:30 worker.go:402: Получена строка от движка: info depth 4 seldepth 7 multipv 1 score cp -172 nodes 863 nps 863000 hashfull 0 tbhits 0 time 1 pv e3f4 e4e2 b5e2 d6f4 g3f4
[WORKER] 2026/03/06 14:41:30 worker.go:402: Получена строка от движка: info depth 4 seldepth 10 multipv 2 score cp -175 nodes 863 nps 863000 hashfull 0 tbhits 0 time 1 pv g1g2 a8c8 b5a6 c8e8 e3g5 e4e2 e1e2 e8e2 a6e2
[WORKER] 2026/03/06 14:41:30 worker.go:402: Получена строка от движка: info depth 4 seldepth 6 multipv 3 score cp -180 nodes 863 nps 863000 hashfull 0 tbhits 0 time 1 pv e3g5 e4d4 g5e7 d6e7 e2e7
[WORKER] 2026/03/06 14:41:30 worker.go:402: Получена строка от движка: info depth 5 seldepth 7 multipv 1 score cp -172 nodes 1089 nps 1089000 hashfull 0 tbhits 0 time 1 pv e3f4 e4e2 b5e2 d6f4 g3f4
[WORKER] 2026/03/06 14:41:30 worker.go:402: Получена строка от движка: info depth 5 seldepth 7 multipv 2 score cp -176 nodes 1089 nps 1089000 hashfull 0 tbhits 0 time 1 pv g1g2 g8h7
[WORKER] 2026/03/06 14:41:30 worker.go:402: Получена строка от движка: info depth 5 seldepth 8 multipv 3 score cp -189 nodes 1089 nps 1089000 hashfull 0 tbhits 0 time 1 pv e3g5 e4d4 g5e7 d6e7 e2e7 d4d2
[WORKER] 2026/03/06 14:41:30 worker.go:402: Получена строка от движка: info depth 6 seldepth 10 multipv 1 score cp -170 nodes 1686 nps 843000 hashfull 0 tbhits 0 time 2 pv e3g5 e4d4 g5e7 d6e7 e2e7 c7c5
[WORKER] 2026/03/06 14:41:30 worker.go:402: Получена строка от движка: info depth 6 seldepth 8 multipv 2 score cp -172 nodes 1686 nps 843000 hashfull 0 tbhits 0 time 2 pv e3f4 e4e2 b5e2 d6f4 g3f4 c7c5
[WORKER] 2026/03/06 14:41:30 worker.go:402: Получена строка от движка: info depth 6 seldepth 12 multipv 3 score cp -191 nodes 1686 nps 843000 hashfull 0 tbhits 0 time 2 pv g1g2 a8c8 e3g5 e4d4 g5e7 d6e7 e2e7 d4d2 e1e2 d2e2 b5e2
[WORKER] 2026/03/06 14:41:30 worker.go:402: Получена строка от движка: info depth 7 seldepth 12 multipv 1 score cp -172 nodes 1995 nps 997500 hashfull 0 tbhits 0 time 2 pv e3f4 e4e2 b5e2 d6f4 g3f4 c7c5 d4c5
[WORKER] 2026/03/06 14:41:30 worker.go:402: Получена строка от движка: info depth 7 seldepth 9 multipv 2 score cp -178 nodes 1995 nps 997500 hashfull 0 tbhits 0 time 2 pv e3g5 e4d4 g5e7 d6e7 e2e7 c7c5
[WORKER] 2026/03/06 14:41:30 worker.go:402: Получена строка от движка: info depth 7 seldepth 8 multipv 3 score cp -191 nodes 1995 nps 997500 hashfull 0 tbhits 0 time 2 pv g1g2 a8c8 e3g5 e4d4 g5e7 d6e7 e2e7
[WORKER] 2026/03/06 14:41:30 worker.go:402: Получена строка от движка: info depth 8 seldepth 9 multipv 1 score cp -172 nodes 2571 nps 1285500 hashfull 0 tbhits 0 time 2 pv e3f4 e4e2 b5e2 d6f4 g3f4 c7c5 d4c5 b6c5
[WORKER] 2026/03/06 14:41:30 worker.go:402: Получена строка от движка: info depth 8 seldepth 12 multipv 2 score cp -180 nodes 2571 nps 1285500 hashfull 0 tbhits 0 time 2 pv e3g5 e4d4 g5e7 d6e7 e2e7 d4d2 e1e2 d2e2 b5e2 d5d4 e7c7
[WORKER] 2026/03/06 14:41:30 worker.go:402: Получена строка от движка: info depth 8 seldepth 9 multipv 3 score cp -191 nodes 2571 nps 1285500 hashfull 0 tbhits 0 time 2 pv g1g2 a8c8 e3g5 e4d4 g5e7 d6e7 e2e7 d4d2
[WORKER] 2026/03/06 14:41:30 worker.go:402: Получена строка от движка: info depth 9 seldepth 19 multipv 1 score cp -172 nodes 6865 nps 980714 hashfull 1 tbhits 0 time 7 pv e3f4 e4e2 b5e2 d6f4 g3f4 c7c5 d4c5 b6c5 e2f3 a8d8 e1e5 f5g4 f3g4 h5g4 b2b3 f7f6 e5e7 d5d4
[WORKER] 2026/03/06 14:41:30 worker.go:402: Получена строка от движка: info depth 9 seldepth 14 multipv 2 score cp -191 nodes 6865 nps 980714 hashfull 1 tbhits 0 time 7 pv g1g2 a8e8 e3g5 e4e2 e1e2 e8e2 b5e2 f5e4 e2e4 d5e4
[WORKER] 2026/03/06 14:41:30 worker.go:402: Получена строка от движка: info depth 9 seldepth 14 multipv 3 score cp -213 nodes 6865 nps 980714 hashfull 1 tbhits 0 time 7 pv b5a6 a8e8 e3g5 e4e2 e1e2 e8e2 a6e2 f5e4 e2h5 e4d4
[WORKER] 2026/03/06 14:41:30 worker.go:402: Получена строка от движка: info depth 10 seldepth 15 multipv 1 score cp -172 nodes 11874 nps 989500 hashfull 4 tbhits 0 time 12 pv e3f4 e4e2 b5e2 d6f4 g3f4 c7c5 d4c5 b6c5 e2f3 a8d8 e1e5 f5g4 f3g4
[WORKER] 2026/03/06 14:41:30 worker.go:402: Получена строка от движка: info depth 10 seldepth 20 multipv 2 score cp -191 nodes 11874 nps 989500 hashfull 4 tbhits 0 time 12 pv e3g5 e4d4 g5e7 d6e7 e2e7 d4d2 e1e2 d2e2 b5e2 d5d4 e7c7 d4d3 e2e7 f5d5
[WORKER] 2026/03/06 14:41:30 worker.go:402: Получена строка от движка: info depth 10 seldepth 13 multipv 3 score cp -207 nodes 11874 nps 989500 hashfull 4 tbhits 0 time 12 pv g1g2 a8e8 a2a3 e4e7 e3g5 e7e2 e1e2 e8e2 b5e2
[WORKER] 2026/03/06 14:41:30 worker.go:402: Получена строка от движка: info depth 11 seldepth 15 multipv 1 score cp -172 nodes 18210 nps 910500 hashfull 6 tbhits 0 time 20 pv e3f4 e4e2 b5e2 d6f4 g3f4 c7c5 d4c5 b6c5 e2f3 a8d8 e1e5 f5g4 f3g4 h5g4
[WORKER] 2026/03/06 14:41:30 worker.go:402: Получена строка от движка: info depth 11 seldepth 20 multipv 2 score cp -198 nodes 18210 nps 910500 hashfull 6 tbhits 0 time 20 pv e3g5 e4d4 g5e7 d6e7 e2e7 d4d2 e1e2 d2e2 b5e2 d5d4 e7c7 d4d3 e2e7 f5d5
[WORKER] 2026/03/06 14:41:30 worker.go:402: Получена строка от движка: info depth 11 seldepth 16 multipv 3 score cp -205 nodes 18210 nps 910500 hashfull 6 tbhits 0 time 20 pv g1g2 a8e8 a2a3 e4e6 b2b4 f5e4 g2g1 e8f8 e3g5 e4d4 g1g2
[WORKER] 2026/03/06 14:41:30 worker.go:402: Получена строка от движка: info depth 12 seldepth 21 multipv 1 score cp -171 nodes 30609 nps 874542 hashfull 11 tbhits 0 time 35 pv e3f4 e4e2 b5e2 d6f4 e2f3 a8d8 g1g2
[WORKER] 2026/03/06 14:41:30 worker.go:402: Получена строка от движка: info depth 12 seldepth 22 multipv 2 score cp -175 nodes 30609 nps 874542 hashfull 11 tbhits 0 time 35 pv e3g5 e4d4 g5e7 d6e7 e2e7 d4d2 e1e2 d2e2 b5e2 d5d4 e7c7 d4d3 e2e7 a8c8 e7d7 c8c7 d7f5 d3d2 f5h5
[WORKER] 2026/03/06 14:41:30 worker.go:402: Получена строка от движка: info depth 12 seldepth 20 multipv 3 score cp -196 nodes 30609 nps 874542 hashfull 11 tbhits 0 time 35 pv g1g2 a8e8 f2f3 e4e6 e3f2 e6e2 e1e2 e8e2 b5e2 g7g5 h4g5 f5g5 b2b3 h5h4
[WORKER] 2026/03/06 14:41:30 worker.go:402: Получена строка от движка: info depth 13 seldepth 21 multipv 1 score cp -169 nodes 46260 nps 925200 hashfull 17 tbhits 0 time 50 pv e3f4 e4e2 b5e2 d6f4 g3f4 c7c5 d4c5 b6c5 e2f3 a8d8 e1e5 f5b1 g1g2 b1b2 e5d5 d8d5
[WORKER] 2026/03/06 14:41:30 worker.go:402: Получена строка от движка: info depth 13 seldepth 28 multipv 2 score cp -195 nodes 46260 nps 907058 hashfull 17 tbhits 0 time 51 pv e3g5 e4d4 b2b3 a8f8 g5e7 d6e7 e2e7 d4d2 e1e2 d2e2 b5e2 d5d4 e7c7
[WORKER] 2026/03/06 14:41:30 worker.go:402: Получена строка от движка: info depth 13 seldepth 25 multipv 3 score cp -196 nodes 46260 nps 907058 hashfull 17 tbhits 0 time 51 pv g1g2 a8e8 f2f3 e4e7 e3f2 e7e2 e1e2 e8e2 b5e2 g7g5 h4g5 f5g5 e2e3 g5e3 f2e3 c7c5 d4c5 b6c5
[WORKER] 2026/03/06 14:41:30 worker.go:402: Получена строка от движка: info depth 14 seldepth 30 multipv 1 score cp -172 nodes 59270 nps 926093 hashfull 20 tbhits 0 time 64 pv e3f4 e4e2 b5e2 d6f4 g3f4 c7c5 d4c5 b6c5 e2f3 a8d8 e1e5 f5g4 f3g4 h5g4 b2b3 f7f6 e5e7 d5d4
[WORKER] 2026/03/06 14:41:30 worker.go:402: Получена строка от движка: info depth 14 seldepth 18 multipv 2 score cp -195 nodes 59270 nps 926093 hashfull 20 tbhits 0 time 64 pv e3g5 e4d4 b2b3 a8f8 g5e7 d6e7 e2e5 f5f6 e5e7 d4d2 e1e2 c7c6
[WORKER] 2026/03/06 14:41:30 worker.go:402: Получена строка от движка: info depth 14 seldepth 25 multipv 3 score cp -196 nodes 59270 nps 926093 hashfull 20 tbhits 0 time 64 pv g1g2 a8e8 f2f3 e4e6 e3f2 e6e2 e1e2 e8e2 b5e2 g7g5 h4g5 f5g5 e2e3 g5e3 f2e3 g8h7 b2b3 c7c5 d4c5 b6c5 e3f2
[WORKER] 2026/03/06 14:41:30 worker.go:402: Получена строка от движка: info depth 15 seldepth 38 multipv 1 score cp -166 nodes 211844 nps 890100 hashfull 77 tbhits 0 time 238 pv e3f4 e4e2 b5e2 d6f4 e2f3 c7c5 g3f4 f5g6 g1f1 c5d4 f3d5 a8c8 d5d7 c8f8 d7d4 g6g4 e1e7 f8c8 d4d7
[WORKER] 2026/03/06 14:41:30 worker.go:402: Получена строка от движка: info depth 15 seldepth 29 multipv 2 score cp -195 nodes 211844 nps 890100 hashfull 77 tbhits 0 time 238 pv e3g5 e4d4 b2b3 a7a5 g5e7 d6e7 e2e7 d4d2 b5f1 c7c5 e1e5
[WORKER] 2026/03/06 14:41:30 worker.go:402: Получена строка от движка: info depth 15 seldepth 24 multipv 3 score cp -252 nodes 211844 nps 890100 hashfull 77 tbhits 0 time 238 pv e3c1 e4d4 b2b3 d4d3 c1b2 a7a6 b5c6 a8c8 c6b7 g8h7 b7a6 d6c5 b2e5
[WORKER] 2026/03/06 14:41:30 worker.go:402: Получена строка от движка: info depth 16 seldepth 34 multipv 1 score cp -166 nodes 278653 nps 870790 hashfull 98 tbhits 0 time 320 pv e3f4 e4e2 b5e2 d6f4 e2f3 c7c5 g3f4 f5g6 g1f1 c5d4 f3d5 a8c8 d5d4 g6g4 d4a4 g8h7 a4a7 g4f4 a7b6 f4h4 b6e3
[WORKER] 2026/03/06 14:41:30 worker.go:402: Получена строка от движка: info depth 16 seldepth 22 multipv 2 score cp -197 nodes 278653 nps 870790 hashfull 98 tbhits 0 time 320 pv e3g5 e4d4 b2b3 a8f8 g5e7 d6e7 e2e7 d4d2 e1e2 d2e2 b5e2 d5d4 e7e5 f5g4 e2c4 c7c5 c4d5 g7g6 g1g2
[WORKER] 2026/03/06 14:41:30 worker.go:402: Получена строка от движка: info depth 16 seldepth 32 multipv 3 score cp -204 nodes 278653 nps 870790 hashfull 98 tbhits 0 time 320 pv e3d2 e4d4 d2c3 d4g4 b5c6 a8d8 c3e5 d6c5
[WORKER] 2026/03/06 14:41:30 worker.go:402: Получена строка от движка: bestmove e3f4 ponder e4e2
[WORKER] 2026/03/06 14:41:30 worker.go:518: Анализ позиции: 3 тактических ходов из 36 возможных
[WORKER] 2026/03/06 14:41:30 worker.go:179: Полуход 43. Ход белых: 5.8 сек (оценка: -166)
[WORKER] 2026/03/06 14:41:30 worker.go:402: Получена строка от движка: info string Available processors: 0-11
[WORKER] 2026/03/06 14:41:30 worker.go:402: Получена строка от движка: info string Using 1 thread
[WORKER] 2026/03/06 14:41:30 worker.go:402: Получена строка от движка: info string NNUE evaluation using nn-c288c895ea92.nnue (125MiB, (102384, 1024, 15, 32, 1))
[WORKER] 2026/03/06 14:41:30 worker.go:402: Получена строка от движка: info string NNUE evaluation using nn-37f18f62d772.nnue (6MiB, (22528, 128, 15, 32, 1))
[WORKER] 2026/03/06 14:41:30 worker.go:402: Получена строка от движка: info string Network replica 1: Shared memory.
[WORKER] 2026/03/06 14:41:30 worker.go:402: Получена строка от движка: info depth 1 seldepth 7 multipv 1 score cp 204 nodes 167 nps 167000 hashfull 0 tbhits 0 time 1 pv e4d4
[WORKER] 2026/03/06 14:41:30 worker.go:402: Получена строка от движка: info depth 1 seldepth 3 multipv 2 score cp 157 nodes 167 nps 167000 hashfull 0 tbhits 0 time 1 pv e4e2 e1e2
[WORKER] 2026/03/06 14:41:30 worker.go:402: Получена строка от движка: info depth 1 seldepth 6 multipv 3 score cp 155 nodes 167 nps 167000 hashfull 0 tbhits 0 time 1 pv a8e8 b5e8 e4e8 e2e8 g8h7
[WORKER] 2026/03/06 14:41:30 worker.go:402: Получена строка от движка: info depth 2 seldepth 3 multipv 1 score cp 204 nodes 388 nps 388000 hashfull 0 tbhits 0 time 1 pv e4d4 d2c3
[WORKER] 2026/03/06 14:41:30 worker.go:402: Получена строка от движка: info depth 2 seldepth 8 multipv 2 score cp 155 nodes 388 nps 388000 hashfull 0 tbhits 0 time 1 pv a8e8 b5e8 e4e8 e2e8 g8h7
[WORKER] 2026/03/06 14:41:30 worker.go:402: Получена строка от движка: info depth 2 seldepth 3 multipv 3 score cp 148 nodes 388 nps 388000 hashfull 0 tbhits 0 time 1 pv e4e2 e1e2
[WORKER] 2026/03/06 14:41:30 worker.go:402: Получена строка от движка: info depth 3 seldepth 4 multipv 1 score cp 204 nodes 666 nps 666000 hashfull 0 tbhits 0 time 1 pv e4d4 d2c3 d4g4
[WORKER] 2026/03/06 14:41:30 worker.go:402: Получена строка от движка: info depth 3 seldepth 6 multipv 2 score cp 155 nodes 666 nps 666000 hashfull 0 tbhits 0 time 1 pv a8e8 b5e8 e4e8
[WORKER] 2026/03/06 14:41:30 worker.go:402: Получена строка от движка: info depth 3 seldepth 6 multipv 3 score cp 132 nodes 666 nps 666000 hashfull 0 tbhits 0 time 1 pv c7c5 e2e4 d5e4
[WORKER] 2026/03/06 14:41:30 worker.go:402: Получена строка от движка: info depth 4 seldepth 6 multipv 1 score cp 194 nodes 1384 nps 692000 hashfull 0 tbhits 0 time 2 pv e4d4 d2c3 d4g4 c3e5
[WORKER] 2026/03/06 14:41:30 worker.go:402: Получена строка от движка: info depth 4 seldepth 6 multipv 2 score cp 155 nodes 1384 nps 692000 hashfull 0 tbhits 0 time 2 pv a8e8 b5e8 e4e8 e2e8 g8h7
[WORKER] 2026/03/06 14:41:30 worker.go:402: Получена строка от движка: info depth 4 seldepth 8 multipv 3 score cp 106 nodes 1384 nps 692000 hashfull 0 tbhits 0 time 2 pv e4e2 e1e2
[WORKER] 2026/03/06 14:41:30 worker.go:402: Получена строка от движка: info depth 5 seldepth 9 multipv 1 score cp 215 nodes 2139 nps 713000 hashfull 0 tbhits 0 time 3 pv e4d4 d2c3 d4g4 c3e5 d6c5
[WORKER] 2026/03/06 14:41:30 worker.go:402: Получена строка от движка: info depth 5 seldepth 6 multipv 2 score cp 155 nodes 2139 nps 713000 hashfull 0 tbhits 0 time 3 pv a8e8 b5e8 e4e8 e2e8 g8h7
[WORKER] 2026/03/06 14:41:30 worker.go:402: Получена строка от движка: info depth 5 seldepth 12 multipv 3 score cp 115 nodes 2139 nps 713000 hashfull 0 tbhits 0 time 3 pv e4g4
[WORKER] 2026/03/06 14:41:30 worker.go:402: Получена строка от движка: info depth 6 seldepth 7 multipv 1 score cp 203 nodes 3046 nps 1015333 hashfull 0 tbhits 0 time 3 pv e4d4 d2c3 d4g4 b5c6
[WORKER] 2026/03/06 14:41:30 worker.go:402: Получена строка от движка: info depth 6 seldepth 7 multipv 2 score cp 156 nodes 3046 nps 1015333 hashfull 0 tbhits 0 time 3 pv a8e8 b5e8 e4e8 e2e8 g8h7 d2c3
[WORKER] 2026/03/06 14:41:30 worker.go:402: Получена строка от движка: info depth 6 seldepth 8 multipv 3 score cp 129 nodes 3046 nps 1015333 hashfull 0 tbhits 0 time 3 pv e4e2 e1e2 a8c8 d2g5 f7f6 e2e8 g8h7
[WORKER] 2026/03/06 14:41:30 worker.go:402: Получена строка от движка: info depth 7 seldepth 11 multipv 1 score cp 215 nodes 3877 nps 969250 hashfull 0 tbhits 0 time 4 pv e4d4 d2c3 d4g4 c3e5 d6c5 g1g2 a8c8 b5c6 g4e4 e5f4
[WORKER] 2026/03/06 14:41:30 worker.go:402: Получена строка от движка: info depth 7 seldepth 8 multipv 2 score cp 154 nodes 3877 nps 969250 hashfull 0 tbhits 0 time 4 pv a8e8 b5e8 e4e8 e2e8 g8h7 d2c3 f5g4
[WORKER] 2026/03/06 14:41:30 worker.go:402: Получена строка от движка: info depth 7 seldepth 26 multipv 3 score cp 135 nodes 3877 nps 969250 hashfull 0 tbhits 0 time 4 pv e4e2 e1e2 a8c8 d2g5
[WORKER] 2026/03/06 14:41:30 worker.go:402: Получена строка от движка: info depth 8 seldepth 11 multipv 1 score cp 215 nodes 5027 nps 1256750 hashfull 0 tbhits 0 time 4 pv e4d4 d2c3 d4g4 c3e5 d6c5 g1g2 a8c8 b5c6
[WORKER] 2026/03/06 14:41:30 worker.go:402: Получена строка от движка: info depth 8 seldepth 10 multipv 2 score cp 162 nodes 5027 nps 1256750 hashfull 0 tbhits 0 time 4 pv a8e8 b5e8 e4e8 e2e8 g8h7 d2c3 f5g4 a2a3 f7f5
[WORKER] 2026/03/06 14:41:30 worker.go:402: Получена строка от движка: info depth 8 seldepth 12 multipv 3 score cp 128 nodes 5027 nps 1256750 hashfull 0 tbhits 0 time 4 pv e4e2 e1e2 a8c8 d2g5 f7f6 e2e8 g8h7
[WORKER] 2026/03/06 14:41:30 worker.go:402: Получена строка от движка: info depth 9 seldepth 12 multipv 1 score cp 215 nodes 8121 nps 1160142 hashfull 1 tbhits 0 time 7 pv e4d4 d2c3 d4g4 c3e5 d6c5 b5c6 a8c8 g1g2 g4e4 e5f4
[WORKER] 2026/03/06 14:41:30 worker.go:402: Получена строка от движка: info depth 9 seldepth 19 multipv 2 score cp 157 nodes 8121 nps 1160142 hashfull 1 tbhits 0 time 7 pv a8e8 b5e8 e4e8 e2e8 g8h7 a2a3
[WORKER] 2026/03/06 14:41:30 worker.go:402: Получена строка от движка: info depth 9 seldepth 27 multipv 3 score cp 112 nodes 8121 nps 1160142 hashfull 1 tbhits 0 time 7 pv e4e2 b5e2 f5c2 d2f4 c2e2 e1e2 d6f4 g3f4 g8f8 e2e5
[WORKER] 2026/03/06 14:41:30 worker.go:402: Получена строка от движка: info depth 10 seldepth 13 multipv 1 score cp 198 nodes 11409 nps 1140900 hashfull 1 tbhits 0 time 10 pv e4d4 d2c3 d4g4 c3e5 d6c5 g1g2 a8c8 b5c6 g4e4 e5f4 e4e2 e1e2
[WORKER] 2026/03/06 14:41:30 worker.go:402: Получена строка от движка: info depth 10 seldepth 14 multipv 2 score cp 191 nodes 11409 nps 1140900 hashfull 1 tbhits 0 time 10 pv a8e8 b5e8 e4e8 e2e8 g8h7 g1g2 f5g4 a2a3 g4d4 d2b4 d6b4
[WORKER] 2026/03/06 14:41:30 worker.go:402: Получена строка от движка: info depth 10 seldepth 18 multipv 3 score cp 118 nodes 11409 nps 1140900 hashfull 1 tbhits 0 time 10 pv e4e2 b5e2 f5g4 e2g4 h5g4
[WORKER] 2026/03/06 14:41:30 worker.go:402: Получена строка от движка: info depth 11 seldepth 21 multipv 1 score cp 246 nodes 28811 nps 993482 hashfull 8 tbhits 0 time 29 pv e4d4 d2c3 d4g4 a2a4 a8c8
[WORKER] 2026/03/06 14:41:30 worker.go:402: Получена строка от движка: info depth 11 seldepth 23 multipv 2 score cp 182 nodes 28811 nps 993482 hashfull 8 tbhits 0 time 29 pv a8e8 b5e8 e4e8 e2e8 g8h7 d2c3 f5g4 g1g2 f7f5 e1e3 f5f4 e3f3 a7a5 e8e1 a5a4
[WORKER] 2026/03/06 14:41:30 worker.go:402: Получена строка от движка: info depth 11 seldepth 24 multipv 3 score cp 126 nodes 28811 nps 993482 hashfull 8 tbhits 0 time 29 pv a7a6 b5d3 a8e8 d3a6 e4e2 e1e2 e8e2 a6e2 f5b1 g1g2 b1b2 e2e8 d6f8
[WORKER] 2026/03/06 14:41:30 worker.go:402: Получена строка от движка: info depth 12 seldepth 19 multipv 1 score cp 241 nodes 70259 nps 989563 hashfull 23 tbhits 0 time 71 pv e4d4 a2a3 d4g4 d2b4 c7c5 b5c6 a8d8
[WORKER] 2026/03/06 14:41:30 worker.go:402: Получена строка от движка: info depth 12 seldepth 27 multipv 2 score cp 180 nodes 70259 nps 989563 hashfull 23 tbhits 0 time 71 pv a8e8 b5e8 e4e8 e2e8 g8h7 d2c3 f5g4 g1g2 f7f5 e8e3 f5f4 e3f3 a7a5 a2a3 a5a4 e1e8 g7g5 h4g5
[WORKER] 2026/03/06 14:41:30 worker.go:402: Получена строка от движка: info depth 12 seldepth 20 multipv 3 score cp 127 nodes 70259 nps 989563 hashfull 23 tbhits 0 time 71 pv e4e2 e1e2 a8c8 d2g5 f7f6 e2e8 g8h7 b5e2 h7g6 g5d2 c8e8 e2e8 g6h7
[WORKER] 2026/03/06 14:41:30 worker.go:402: Получена строка от движка: info depth 13 seldepth 15 multipv 1 score cp 232 nodes 77302 nps 978506 hashfull 24 tbhits 0 time 79 pv e4d4 d2c3 d4g4 c3e5 d6c5 g1g2 a8c8 b5a6 g4e4 e5f4 c7c6
[WORKER] 2026/03/06 14:41:30 worker.go:402: Получена строка от движка: info depth 13 seldepth 25 multipv 2 score cp 170 nodes 77302 nps 978506 hashfull 24 tbhits 0 time 79 pv a8e8 b5e8 e4e8 e2e8 g8h7 d2c3 f5g4 g1g2 f7f5 e8e3 f5f4 e3f3 a7a5 b2b3 f4g3 f2g3 g4g6 c3d2 g6c2 f3f2 c2a2 d2f4
[WORKER] 2026/03/06 14:41:30 worker.go:402: Получена строка от движка: info depth 13 seldepth 32 multipv 3 score cp 123 nodes 77302 nps 978506 hashfull 24 tbhits 0 time 79 pv e4e2 e1e2 a8c8 e2e1 c7c5 d2c3 c5d4 c3d4 c8c4
[WORKER] 2026/03/06 14:41:30 worker.go:402: Получена строка от движка: info depth 14 seldepth 18 multipv 1 score cp 232 nodes 93918 nps 958346 hashfull 28 tbhits 0 time 98 pv e4d4 d2c3 d4g4 c3e5 d6c5 g1g2 a8c8 b5a6 d5d4 e5f4 d4d3
[WORKER] 2026/03/06 14:41:30 worker.go:402: Получена строка от движка: info depth 14 seldepth 26 multipv 2 score cp 179 nodes 93918 nps 958346 hashfull 28 tbhits 0 time 98 pv a8e8 b5e8 e4e8 e2e8 g8h7 d2c3 f5g4 g1g2 f7f5 e8e3 f5f4 e3f3 a7a5 a2a3 a5a4 c3b4 c7c5 b4c3 c5d4
[WORKER] 2026/03/06 14:41:30 worker.go:402: Получена строка от движка: info depth 14 seldepth 32 multipv 3 score cp 125 nodes 93918 nps 958346 hashfull 28 tbhits 0 time 98 pv e4e2 e1e2 a8c8 d2g5 f7f6 e2e8 g8h7 b5e2 h7g6 g5d2 c8e8 e2e8 g6h7 e8f7 f5b1 g1h2
[WORKER] 2026/03/06 14:41:30 worker.go:402: Получена строка от движка: info depth 15 seldepth 25 multipv 1 score cp 226 nodes 127362 nps 936485 hashfull 42 tbhits 0 time 136 pv e4d4 d2c3 d4g4 c3e5 d6c5 g1g2 a8c8 b5a6 d5d4 e5f4 g4f4 e2e8 g8h7 g3f4
[WORKER] 2026/03/06 14:41:30 worker.go:402: Получена строка от движка: info depth 15 seldepth 33 multipv 2 score cp 180 nodes 127362 nps 936485 hashfull 42 tbhits 0 time 136 pv a8e8 b5e8 e4e8 e2e8 g8h7 d2c3 f5g4 g1g2 f7f5 e8e3 f5f4 e3f3 a7a5 a2a3 g4g6 c3d2 f4g3 f2g3 g6c2 g2g1
[WORKER] 2026/03/06 14:41:30 worker.go:402: Получена строка от движка: info depth 15 seldepth 19 multipv 3 score cp 112 nodes 127362 nps 936485 hashfull 42 tbhits 0 time 136 pv e4e2 e1e2 a8c8 b2b4 g8h7 e2e3 c7c5 d4c5 b6c5 b5d3 f5d3 e3d3
[WORKER] 2026/03/06 14:41:30 worker.go:402: Получена строка от движка: info depth 16 seldepth 30 multipv 1 score cp 219 nodes 266312 nps 873154 hashfull 101 tbhits 0 time 305 pv e4d4 d2c3 d4g4 g1g2 a8c8 a2a3 f7f6 e2e6 c8d8 e6e3 g8h7 e3f3 f5g6 b5d5 g4h4
[WORKER] 2026/03/06 14:41:30 worker.go:402: Получена строка от движка: info depth 16 seldepth 36 multipv 2 score cp 172 nodes 266312 nps 873154 hashfull 101 tbhits 0 time 305 pv a8e8 b5e8 e4e8 e2e8 g8h7 e8e3 c7c5 d2c3 b6b5 d4c5 d6c5 e3e2 f5g4
[WORKER] 2026/03/06 14:41:30 worker.go:402: Получена строка от движка: info depth 16 seldepth 23 multipv 3 score cp 119 nodes 266312 nps 873154 hashfull 101 tbhits 0 time 305 pv e4g4 d2b4 d6b4 e2e5 f5g6 b5b4 g4h4 e5d5 h4g4 b4c3 c7c6 d5d7 h5h4 g1g2 g6f6 c3d3
[WORKER] 2026/03/06 14:41:30 worker.go:402: Получена строка от движка: bestmove e4d4 ponder d2c3
[WORKER] 2026/03/06 14:41:30 worker.go:518: Анализ позиции: 5 тактических ходов из 46 возможных
[WORKER] 2026/03/06 14:41:30 worker.go:179: Полуход 44. Ход черных: 20.3 сек (оценка: -219)
[WORKER] 2026/03/06 14:41:30 worker.go:402: Получена строка от движка: info string Available processors: 0-11
[WORKER] 2026/03/06 14:41:30 worker.go:402: Получена строка от движка: info string Using 1 thread
[WORKER] 2026/03/06 14:41:30 worker.go:402: Получена строка от движка: info string NNUE evaluation using nn-c288c895ea92.nnue (125MiB, (102384, 1024, 15, 32, 1))
[WORKER] 2026/03/06 14:41:30 worker.go:402: Получена строка от движка: info string NNUE evaluation using nn-37f18f62d772.nnue (6MiB, (22528, 128, 15, 32, 1))
[WORKER] 2026/03/06 14:41:30 worker.go:402: Получена строка от движка: info string Network replica 1: Shared memory.
[WORKER] 2026/03/06 14:41:30 worker.go:402: Получена строка от движка: info depth 1 seldepth 2 multipv 1 score cp -195 nodes 142 nps 142000 hashfull 0 tbhits 0 time 1 pv b5c6
[WORKER] 2026/03/06 14:41:30 worker.go:402: Получена строка от движка: info depth 1 seldepth 9 multipv 2 score cp -205 nodes 142 nps 142000 hashfull 0 tbhits 0 time 1 pv a2a3 a7a6 b5c6 a8d8 d2g5
[WORKER] 2026/03/06 14:41:30 worker.go:402: Получена строка от движка: info depth 1 seldepth 2 multipv 3 score cp -219 nodes 142 nps 142000 hashfull 0 tbhits 0 time 1 pv d2c3
[WORKER] 2026/03/06 14:41:30 worker.go:402: Получена строка от движка: info depth 2 seldepth 3 multipv 1 score cp -189 nodes 427 nps 427000 hashfull 0 tbhits 0 time 1 pv a2a3 a8c8
[WORKER] 2026/03/06 14:41:30 worker.go:402: Получена строка от движка: info depth 2 seldepth 6 multipv 2 score cp -219 nodes 427 nps 427000 hashfull 0 tbhits 0 time 1 pv d2c3 d4g4 g1g2 a8c8 a2a3
[WORKER] 2026/03/06 14:41:30 worker.go:402: Получена строка от движка: info depth 2 seldepth 5 multipv 3 score cp -230 nodes 427 nps 427000 hashfull 0 tbhits 0 time 1 pv b2b3 g8h7 d2c3 d4g4
[WORKER] 2026/03/06 14:41:30 worker.go:402: Получена строка от движка: info depth 3 seldepth 5 multipv 1 score cp -218 nodes 677 nps 677000 hashfull 0 tbhits 0 time 1 pv d2c3 d4g4
[WORKER] 2026/03/06 14:41:30 worker.go:402: Получена строка от движка: info depth 3 seldepth 5 multipv 2 score cp -222 nodes 677 nps 677000 hashfull 0 tbhits 0 time 1 pv a2a3 a8c8 d2b4
[WORKER] 2026/03/06 14:41:30 worker.go:402: Получена строка от движка: info depth 3 seldepth 4 multipv 3 score cp -230 nodes 677 nps 677000 hashfull 0 tbhits 0 time 1 pv b2b3 g8h7 d2c3
[WORKER] 2026/03/06 14:41:30 worker.go:402: Получена строка от движка: info depth 4 seldepth 10 multipv 1 score cp -206 nodes 922 nps 922000 hashfull 0 tbhits 0 time 1 pv a2a3 a8c8 d2c3 d4g4 c3e5 d5d4
[WORKER] 2026/03/06 14:41:30 worker.go:402: Получена строка от движка: info depth 4 seldepth 5 multipv 2 score cp -219 nodes 922 nps 922000 hashfull 0 tbhits 0 time 1 pv d2c3 d4g4 g1g2 a8c8
[WORKER] 2026/03/06 14:41:30 worker.go:402: Получена строка от движка: info depth 4 seldepth 5 multipv 3 score cp -231 nodes 922 nps 922000 hashfull 0 tbhits 0 time 1 pv b2b3 g8h7 d2c3 d4g4
[WORKER] 2026/03/06 14:41:30 worker.go:402: Получена строка от движка: info depth 5 seldepth 7 multipv 1 score cp -207 nodes 1150 nps 1150000 hashfull 0 tbhits 0 time 1 pv a2a3 a8c8 d2c3 d4d3
[WORKER] 2026/03/06 14:41:30 worker.go:402: Получена строка от движка: info depth 5 seldepth 6 multipv 2 score cp -220 nodes 1150 nps 1150000 hashfull 0 tbhits 0 time 1 pv d2c3 d4g4 g1g2 a8d8
[WORKER] 2026/03/06 14:41:30 worker.go:402: Получена строка от движка: info depth 5 seldepth 7 multipv 3 score cp -226 nodes 1150 nps 1150000 hashfull 0 tbhits 0 time 1 pv b2b3 a8f8
[WORKER] 2026/03/06 14:41:30 worker.go:402: Получена строка от движка: info depth 6 seldepth 7 multipv 1 score cp -216 nodes 1534 nps 767000 hashfull 0 tbhits 0 time 2 pv d2c3 d4g4 g1g2 a8d8 e2e3 d6c5
[WORKER] 2026/03/06 14:41:30 worker.go:402: Получена строка от движка: info depth 6 seldepth 8 multipv 2 score cp -228 nodes 1534 nps 767000 hashfull 0 tbhits 0 time 2 pv a2a3 a8c8 d2g5 f7f6 e2e8 g8h7
[WORKER] 2026/03/06 14:41:30 worker.go:402: Получена строка от движка: info depth 6 seldepth 8 multipv 3 score cp -245 nodes 1534 nps 767000 hashfull 0 tbhits 0 time 2 pv b2b3 a8f8 d2c3 d4d3 c3e5 d5d4
[WORKER] 2026/03/06 14:41:30 worker.go:402: Получена строка от движка: info depth 7 seldepth 8 multipv 1 score cp -219 nodes 2061 nps 1030500 hashfull 0 tbhits 0 time 2 pv d2c3 d4g4 g1g2 a7a6
[WORKER] 2026/03/06 14:41:30 worker.go:402: Получена строка от движка: info depth 7 seldepth 9 multipv 2 score cp -230 nodes 2061 nps 1030500 hashfull 0 tbhits 0 time 2 pv a2a3 a7a6 b5c6 a8d8 c6b7 g8h7 b7a6
[WORKER] 2026/03/06 14:41:30 worker.go:402: Получена строка от движка: info depth 7 seldepth 15 multipv 3 score cp -245 nodes 2061 nps 1030500 hashfull 0 tbhits 0 time 2 pv b2b3 a8f8 d2c3 d4d3 c3e5 d5d4
[WORKER] 2026/03/06 14:41:30 worker.go:402: Получена строка от движка: info depth 8 seldepth 14 multipv 1 score cp -232 nodes 4536 nps 907200 hashfull 1 tbhits 0 time 5 pv d2c3 d4g4 g1g2 a8d8 e2e3 d6c5
[WORKER] 2026/03/06 14:41:30 worker.go:402: Получена строка от движка: info depth 8 seldepth 14 multipv 2 score cp -235 nodes 4536 nps 907200 hashfull 1 tbhits 0 time 5 pv b2b3 a8f8 d2c3 d4d3 c3e5
[WORKER] 2026/03/06 14:41:30 worker.go:402: Получена строка от движка: info depth 8 seldepth 12 multipv 3 score cp -236 nodes 4536 nps 907200 hashfull 1 tbhits 0 time 5 pv a2a3 g8h7 d2b4 c7c5 b4c3 d4c4 b5c6 a8d8 c3e5
[WORKER] 2026/03/06 14:41:30 worker.go:402: Получена строка от движка: info depth 9 seldepth 11 multipv 1 score cp -229 nodes 5368 nps 894666 hashfull 1 tbhits 0 time 6 pv d2c3 d4g4 g1g2 a8d8 e2e3 d6c5 e3f3 f5d7 b5d3 g4g6
[WORKER] 2026/03/06 14:41:30 worker.go:402: Получена строка от движка: info depth 9 seldepth 10 multipv 2 score cp -238 nodes 5368 nps 894666 hashfull 1 tbhits 0 time 6 pv b2b3 g8h7 d2c3 d4g4 c3e5 d6c5 e5c7
[WORKER] 2026/03/06 14:41:30 worker.go:402: Получена строка от движка: info depth 9 seldepth 15 multipv 3 score cp -241 nodes 5368 nps 894666 hashfull 1 tbhits 0 time 6 pv a2a3 g8h7 d2b4 c7c5 b4c3 d4d3 c3e5 a8d8 e5d6 d8d6
[WORKER] 2026/03/06 14:41:30 worker.go:402: Получена строка от движка: info depth 10 seldepth 14 multipv 1 score cp -226 nodes 9089 nps 908900 hashfull 2 tbhits 0 time 10 pv a2a3 g8h7 d2c3 d4c4 e2e5 d6e5 e1e5 f5b1 g1g2
[WORKER] 2026/03/06 14:41:30 worker.go:402: Получена строка от движка: info depth 10 seldepth 14 multipv 2 score cp -230 nodes 9089 nps 908900 hashfull 2 tbhits 0 time 10 pv d2c3 d4g4 g1g2 a8d8 e2e3 d6c5 e3f3 f5d7 b5d7 d8d7
[WORKER] 2026/03/06 14:41:30 worker.go:402: Получена строка от движка: info depth 10 seldepth 19 multipv 3 score cp -256 nodes 9089 nps 826272 hashfull 2 tbhits 0 time 11 pv b2b3 a8f8 d2g5 d4b4 b5c6 f7f6 e2e8 f6g5 e8f8 d6f8
[WORKER] 2026/03/06 14:41:30 worker.go:402: Получена строка от движка: info depth 11 seldepth 22 multipv 1 score cp -224 nodes 16969 nps 848450 hashfull 5 tbhits 0 time 20 pv d2c3 d4g4 g1g2 a8d8 e2e3 d6c5 e3f3 f5d7 b5d7 d8d7 e1e8 g8h7 f3f5 h7g6
[WORKER] 2026/03/06 14:41:30 worker.go:402: Получена строка от движка: info depth 11 seldepth 21 multipv 2 score cp -240 nodes 16969 nps 848450 hashfull 5 tbhits 0 time 20 pv b2b3 a8d8 d2g5 d8f8 g5e7 d6e7 e2e7 d4d2 e1e2 d2e2 b5e2 d5d4 e7e5 f5d7 e2e4 f7f5 e4f3
[WORKER] 2026/03/06 14:41:30 worker.go:402: Получена строка от движка: info depth 11 seldepth 15 multipv 3 score cp -244 nodes 16969 nps 848450 hashfull 5 tbhits 0 time 20 pv a2a3 g8h7 d2b4 c7c5 b4c3 d4c4 c3e5 a8d8 e5d6 d8d6 e2e5 f5f3 e5e3
[WORKER] 2026/03/06 14:41:30 worker.go:402: Получена строка от движка: info depth 12 seldepth 20 multipv 1 score cp -216 nodes 28255 nps 831029 hashfull 11 tbhits 0 time 34 pv a2a3 d4c4 e2e5 d6e5 b5d5 c4c2 e1e5
[WORKER] 2026/03/06 14:41:30 worker.go:402: Получена строка от движка: info depth 12 seldepth 13 multipv 2 score cp -224 nodes 28255 nps 831029 hashfull 11 tbhits 0 time 34 pv d2c3 d4g4 g1g2 a8d8 e2e3 d6c5 e3f3 f5d7 b5d7 d8d7 e1e8 g8h7
[WORKER] 2026/03/06 14:41:30 worker.go:402: Получена строка от движка: info depth 12 seldepth 24 multipv 3 score cp -257 nodes 28255 nps 831029 hashfull 11 tbhits 0 time 34 pv b2b3 a8f8 d2c3 d4g4 g1g2 g4g6 e2e3 c7c5 e3f3 f5c8 b5d3
[WORKER] 2026/03/06 14:41:30 worker.go:402: Получена строка от движка: info depth 13 seldepth 20 multipv 1 score cp -219 nodes 50040 nps 807096 hashfull 21 tbhits 0 time 62 pv d2c3 d4g4 g1g2 a8c8 a2a3 f7f6 e2e3 c7c6 b5e2 d5d4
[WORKER] 2026/03/06 14:41:30 worker.go:402: Получена строка от движка: info depth 13 seldepth 20 multipv 2 score cp -249 nodes 50040 nps 807096 hashfull 21 tbhits 0 time 62 pv a2a3 d4c4 e2e5 d6e5 b5d5 c4c2 e1e5 c7c6 e5e8 a8e8 d5f5 c2d2 f5h5 e8e2 h5f5 e2f2 f5f2
[WORKER] 2026/03/06 14:41:30 worker.go:402: Получена строка от движка: info depth 13 seldepth 24 multipv 3 score cp -268 nodes 50040 nps 807096 hashfull 21 tbhits 0 time 62 pv g1g2 g8h7 d2c3 d4d3 c3e5
[WORKER] 2026/03/06 14:41:30 worker.go:402: Получена строка от движка: info depth 14 seldepth 21 multipv 1 score cp -223 nodes 102141 nps 830414 hashfull 45 tbhits 0 time 123 pv d2c3 d4g4 g1g2 a8d8 e2e3 d6c5 e3f3 f5g6 c3d2
[WORKER] 2026/03/06 14:41:30 worker.go:402: Получена строка от движка: info depth 14 seldepth 23 multipv 2 score cp -252 nodes 102141 nps 830414 hashfull 45 tbhits 0 time 123 pv a2a3 d4c4 d2b4 a7a6 b5a4 b6b5 a4d1 c7c5 b4c3 d5d4 c3a5 a8c8 e2e8 c8e8 e1e8 g8h7
[WORKER] 2026/03/06 14:41:30 worker.go:402: Получена строка от движка: info depth 14 seldepth 29 multipv 3 score cp -258 nodes 102141 nps 830414 hashfull 45 tbhits 0 time 123 pv g1g2 d4d3 b5c6 a8f8 d2c3 f5f3 g2g1 d6c5
[WORKER] 2026/03/06 14:41:30 worker.go:402: Получена строка от движка: info depth 15 seldepth 27 multipv 1 score cp -244 nodes 161366 nps 823295 hashfull 67 tbhits 0 time 196 pv a2a3 d4c4 d2b4 a7a6 b5a4 b6b5 a4d1 c7c5 b4c3 d5d4 c3a5 c4a4 e2e8 a8e8 e1e8 g8h7 a5e1 d4d3 e1c3 c5c4 e8e3 d6c5 e3f3 f5d5
[WORKER] 2026/03/06 14:41:30 worker.go:402: Получена строка от движка: info depth 15 seldepth 30 multipv 2 score cp -244 nodes 161366 nps 823295 hashfull 67 tbhits 0 time 196 pv d2c3 d4g4 g1g2 a8d8 e2e3 a7a6 b5a6 d5d4 e3f3 f5g6 c3d2 g4h4 a6b5 h4g4
[WORKER] 2026/03/06 14:41:30 worker.go:402: Получена строка от движка: info depth 15 seldepth 20 multipv 3 score cp -260 nodes 161366 nps 823295 hashfull 67 tbhits 0 time 196 pv b5a6 f7f6 g1g2 d4d3
[WORKER] 2026/03/06 14:41:31 worker.go:402: Получена строка от движка: info depth 16 seldepth 31 multipv 1 score cp -235 nodes 435191 nps 821115 hashfull 183 tbhits 0 time 530 pv d2c3 d4g4 g1g2 a8d8 e2e3 a7a6 b5a6 d5d4 e3f3 f5g6 c3d2 g4h4 a6b5 h4g4 e1e8 d8e8 b5e8 d6f8 d2f4
[WORKER] 2026/03/06 14:41:31 worker.go:402: Получена строка от движка: info depth 16 seldepth 24 multipv 2 score cp -257 nodes 435191 nps 821115 hashfull 183 tbhits 0 time 530 pv b2b3 a8f8 d2g5 f7f6 g5c1 g8h7 e2e3 d6c5 b5e2 d4e4 e3e4 d5e4 e2e4 c5f2 g1g2 f5e4 e1e4
[WORKER] 2026/03/06 14:41:31 worker.go:402: Получена строка от движка: info depth 16 seldepth 32 multipv 3 score cp -270 nodes 435191 nps 821115 hashfull 183 tbhits 0 time 530 pv a2a3 d4c4 d2b4 a7a6 b5a4 b6b5 a4d1 c7c5 e2d2 d6g3 f2g3 c5b4 d2d5 f5g6 d5g5 g6b6 g1g2 b6c6 g2h3 b4a3
[WORKER] 2026/03/06 14:41:31 worker.go:402: Получена строка от движка: bestmove d2c3 ponder d4g4
[WORKER] 2026/03/06 14:41:31 worker.go:518: Анализ позиции: 4 тактических ходов из 43 возможных
[WORKER] 2026/03/06 14:41:31 worker.go:179: Полуход 45. Ход белых: 10.4 сек (оценка: -235)
[WORKER] 2026/03/06 14:41:31 worker.go:402: Получена строка от движка: info string Available processors: 0-11
[WORKER] 2026/03/06 14:41:31 worker.go:402: Получена строка от движка: info string Using 1 thread
[WORKER] 2026/03/06 14:41:31 worker.go:402: Получена строка от движка: info string NNUE evaluation using nn-c288c895ea92.nnue (125MiB, (102384, 1024, 15, 32, 1))
[WORKER] 2026/03/06 14:41:31 worker.go:402: Получена строка от движка: info string NNUE evaluation using nn-37f18f62d772.nnue (6MiB, (22528, 128, 15, 32, 1))
[WORKER] 2026/03/06 14:41:31 worker.go:402: Получена строка от движка: info string Network replica 1: Shared memory.
[WORKER] 2026/03/06 14:41:31 worker.go:402: Получена строка от движка: info depth 1 seldepth 7 multipv 1 score cp 235 nodes 158 nps 158000 hashfull 0 tbhits 0 time 1 pv d4g4
[WORKER] 2026/03/06 14:41:31 worker.go:402: Получена строка от движка: info depth 1 seldepth 2 multipv 2 score cp 195 nodes 158 nps 158000 hashfull 0 tbhits 0 time 1 pv d4c4
[WORKER] 2026/03/06 14:41:31 worker.go:402: Получена строка от движка: info depth 1 seldepth 2 multipv 3 score cp 191 nodes 158 nps 158000 hashfull 0 tbhits 0 time 1 pv d4d3
[WORKER] 2026/03/06 14:41:31 worker.go:402: Получена строка от движка: info depth 2 seldepth 3 multipv 1 score cp 235 nodes 362 nps 362000 hashfull 0 tbhits 0 time 1 pv d4g4 c3e5
[WORKER] 2026/03/06 14:41:31 worker.go:402: Получена строка от движка: info depth 2 seldepth 12 multipv 2 score cp 194 nodes 362 nps 362000 hashfull 0 tbhits 0 time 1 pv d4d3
[WORKER] 2026/03/06 14:41:31 worker.go:402: Получена строка от движка: info depth 2 seldepth 5 multipv 3 score cp 192 nodes 362 nps 362000 hashfull 0 tbhits 0 time 1 pv d4c4 e2e5 d6e5
[WORKER] 2026/03/06 14:41:31 worker.go:402: Получена строка от движка: info depth 3 seldepth 11 multipv 1 score cp 216 nodes 576 nps 576000 hashfull 0 tbhits 0 time 1 pv d4g4 c3e5 d6c5 g1g2 a8c8 b5a6 g4c4 a6b7
[WORKER] 2026/03/06 14:41:31 worker.go:402: Получена строка от движка: info depth 3 seldepth 6 multipv 2 score cp 202 nodes 576 nps 576000 hashfull 0 tbhits 0 time 1 pv d4d3 b5c6
[WORKER] 2026/03/06 14:41:31 worker.go:402: Получена строка от движка: info depth 3 seldepth 6 multipv 3 score cp 190 nodes 576 nps 576000 hashfull 0 tbhits 0 time 1 pv d4c4 e2e5 d6e5 b5d5
[WORKER] 2026/03/06 14:41:31 worker.go:402: Получена строка от движка: info depth 4 seldepth 5 multipv 1 score cp 216 nodes 836 nps 836000 hashfull 0 tbhits 0 time 1 pv d4g4 c3e5 d6c5 g1g2
[WORKER] 2026/03/06 14:41:31 worker.go:402: Получена строка от движка: info depth 4 seldepth 9 multipv 2 score cp 213 nodes 836 nps 836000 hashfull 0 tbhits 0 time 1 pv d4c4 e2e5 d6e5 b5d5 e5c3 d5f5 c3e1
[WORKER] 2026/03/06 14:41:31 worker.go:402: Получена строка от движка: info depth 4 seldepth 6 multipv 3 score cp 184 nodes 836 nps 836000 hashfull 0 tbhits 0 time 1 pv d4d3 c3e5 a8c8 e5d6 c7d6
[WORKER] 2026/03/06 14:41:31 worker.go:402: Получена строка от движка: info depth 5 seldepth 6 multipv 1 score cp 216 nodes 1034 nps 1034000 hashfull 0 tbhits 0 time 1 pv d4g4 c3e5 d6c5 g1g2 a8c8
[WORKER] 2026/03/06 14:41:31 worker.go:402: Получена строка от движка: info depth 5 seldepth 9 multipv 2 score cp 213 nodes 1034 nps 1034000 hashfull 0 tbhits 0 time 1 pv d4c4 e2e5 d6e5 b5d5 e5c3 d5f5 c3e1
[WORKER] 2026/03/06 14:41:31 worker.go:402: Получена строка от движка: info depth 5 seldepth 6 multipv 3 score cp 201 nodes 1034 nps 1034000 hashfull 0 tbhits 0 time 1 pv d4d3 c3e5 a8c8 e5d6 c7d6
[WORKER] 2026/03/06 14:41:31 worker.go:402: Получена строка от движка: info depth 6 seldepth 7 multipv 1 score cp 216 nodes 1350 nps 1350000 hashfull 0 tbhits 0 time 1 pv d4g4 c3e5 d6c5 g1g2 a8c8 b5a6
[WORKER] 2026/03/06 14:41:31 worker.go:402: Получена строка от движка: info depth 6 seldepth 8 multipv 2 score cp 213 nodes 1350 nps 1350000 hashfull 0 tbhits 0 time 1 pv d4c4 e2e5 d6e5 b5d5 e5c3 d5f5 c3e1
[WORKER] 2026/03/06 14:41:31 worker.go:402: Получена строка от движка: info depth 6 seldepth 7 multipv 3 score cp 184 nodes 1350 nps 1350000 hashfull 0 tbhits 0 time 1 pv d4d3 c3e5 a8c8 e5d6 c7d6 b5a4
[WORKER] 2026/03/06 14:41:31 worker.go:402: Получена строка от движка: info depth 7 seldepth 8 multipv 1 score cp 216 nodes 1603 nps 1603000 hashfull 0 tbhits 0 time 1 pv d4g4 c3e5 d6c5 g1g2 a8c8 b5a6 g4c4
[WORKER] 2026/03/06 14:41:31 worker.go:402: Получена строка от движка: info depth 7 seldepth 8 multipv 2 score cp 213 nodes 1603 nps 1603000 hashfull 0 tbhits 0 time 1 pv d4c4 e2e5 d6e5 b5d5 e5c3 d5f5 c3e1
[WORKER] 2026/03/06 14:41:31 worker.go:402: Получена строка от движка: info depth 7 seldepth 8 multipv 3 score cp 184 nodes 1603 nps 1603000 hashfull 0 tbhits 0 time 1 pv d4d3 c3e5 a8c8 e5d6 c7d6 b5a4 c8c7
[WORKER] 2026/03/06 14:41:31 worker.go:402: Получена строка от движка: info depth 8 seldepth 17 multipv 1 score cp 239 nodes 7100 nps 1014285 hashfull 2 tbhits 0 time 7 pv d4g4 c3e5 d6c5 g1g2 a8c8 b5a6 g4c4 a6b7 c5b4 b2b3
[WORKER] 2026/03/06 14:41:31 worker.go:402: Получена строка от движка: info depth 8 seldepth 14 multipv 2 score cp 193 nodes 7100 nps 1014285 hashfull 2 tbhits 0 time 7 pv d4d3 c3e5 a8d8 b5a4 f5g4 a4c2 g4c4
[WORKER] 2026/03/06 14:41:31 worker.go:402: Получена строка от движка: info depth 8 seldepth 19 multipv 3 score cp 121 nodes 7100 nps 1014285 hashfull 2 tbhits 0 time 7 pv d4c4 e2e5 d6e5 b5d5 c7c6 d5c4 e5c3 b2c3
[WORKER] 2026/03/06 14:41:31 worker.go:402: Получена строка от движка: info depth 9 seldepth 17 multipv 1 score cp 235 nodes 15152 nps 1010133 hashfull 5 tbhits 0 time 15 pv d4g4 g1g2 a8d8 e2e3 a7a6 b5a6 d5d4 e3f3
[WORKER] 2026/03/06 14:41:31 worker.go:402: Получена строка от движка: info depth 9 seldepth 16 multipv 2 score cp 195 nodes 15152 nps 1010133 hashfull 5 tbhits 0 time 15 pv d4d3 c3e5 a8d8 b5a4 d6e5 e2e5 f5f3 a4c2
[WORKER] 2026/03/06 14:41:31 worker.go:402: Получена строка от движка: info depth 9 seldepth 19 multipv 3 score cp 109 nodes 15152 nps 1010133 hashfull 5 tbhits 0 time 15 pv d4c4 e2e5 d6e5 b5d5 c7c6 d5c4 e5c3 c4c3 c6c5 e1e5 f5b1 g1h2 b1a2 e5h5
[WORKER] 2026/03/06 14:41:31 worker.go:402: Получена строка от движка: info depth 10 seldepth 18 multipv 1 score cp 235 nodes 32946 nps 998363 hashfull 9 tbhits 0 time 33 pv d4g4 g1g2 a8d8 e2e3 a7a6 b5a6 d5d4 e3f3 f5g6 c3d2 g4h4 a6b5 h4g4 e1e8 d8e8 b5e8 d6f8
[WORKER] 2026/03/06 14:41:31 worker.go:402: Получена строка от движка: info depth 10 seldepth 24 multipv 2 score cp 148 nodes 32946 nps 998363 hashfull 9 tbhits 0 time 33 pv d4d3 c3e5 a8c8 e5d6 c7d6 b5a4 c8c7 a4e8 g8h7 e8d8 c7c5 d8d6 d5d4 d6e7 d3f3 g1g2 d4d3
[WORKER] 2026/03/06 14:41:31 worker.go:402: Получена строка от движка: info depth 10 seldepth 20 multipv 3 score cp 121 nodes 32946 nps 998363 hashfull 9 tbhits 0 time 33 pv d4c4 e2e5 d6e5 b5d5 a8c8 d5c4 e5c3 b2c3 f5d7 e1e5 c8d8 c4e4
[WORKER] 2026/03/06 14:41:31 worker.go:402: Получена строка от движка: info depth 11 seldepth 14 multipv 1 score cp 235 nodes 42341 nps 1008119 hashfull 10 tbhits 0 time 42 pv d4g4 g1g2 a8d8 e2e3 a7a6 b5a6 d5d4 e3f3 f5g6 c3d2 g4h4 a6b5 h4g4
[WORKER] 2026/03/06 14:41:31 worker.go:402: Получена строка от движка: info depth 11 seldepth 22 multipv 2 score cp 166 nodes 42341 nps 1008119 hashfull 10 tbhits 0 time 42 pv d4d3 c3e5 a8c8 e5d6 c7d6 b5a4 c8c7 a4e8 g8h7 e8d8 c7c4 d8d6 c4e4 e2e4 d5e4 d6c6 d3d4 c6c1
[WORKER] 2026/03/06 14:41:31 worker.go:402: Получена строка от движка: info depth 11 seldepth 29 multipv 3 score cp 118 nodes 42341 nps 1008119 hashfull 10 tbhits 0 time 42 pv d4c4 e2e5 d6e5 b5d5 a8c8 d5c4 e5c3 b2c3 f5d7 a2a4 c8d8 a4a5 g7g6 a5a6 g8g7 e1e5 d7d1 g1g2
[WORKER] 2026/03/06 14:41:31 worker.go:402: Получена строка от движка: info depth 12 seldepth 18 multipv 1 score cp 235 nodes 67967 nps 1014432 hashfull 16 tbhits 0 time 67 pv d4g4 g1g2 a8d8 e2e3 a7a6 b5a6 d5d4 e3f3 f5g6 c3d2 g4h4 a6b5 h4g4 e1e8 d8e8 b5e8 d6f8
[WORKER] 2026/03/06 14:41:31 worker.go:402: Получена строка от движка: info depth 12 seldepth 27 multipv 2 score cp 140 nodes 67967 nps 1014432 hashfull 16 tbhits 0 time 67 pv d4d3 c3e5 a8c8 e5d6 c7d6 b5a4 c8c7 a4e8 g8h7 e8d8 c7c4 d8d6 f5f3 d6e5 a7a5 e5d6 b6b5 d6d7 b5b4 e2e5
[WORKER] 2026/03/06 14:41:31 worker.go:402: Получена строка от движка: info depth 12 seldepth 26 multipv 3 score cp 111 nodes 67967 nps 1014432 hashfull 16 tbhits 0 time 67 pv d4c4 e2e5 d6e5 b5d5 c7c6 d5c4 e5c3 c4c3 c6c5 c3e5 f5e5 e1e5 a8d8 e5e7 d8d2
[WORKER] 2026/03/06 14:41:31 worker.go:402: Получена строка от движка: info depth 13 seldepth 23 multipv 1 score cp 212 nodes 111738 nps 988831 hashfull 36 tbhits 0 time 113 pv d4g4 g1g2 a8c8 a2a3 f7f6 b5c6 g4c4 c6b7 g8h7 e2d2
[WORKER] 2026/03/06 14:41:31 worker.go:402: Получена строка от движка: info depth 13 seldepth 30 multipv 2 score cp 142 nodes 111738 nps 988831 hashfull 36 tbhits 0 time 113 pv d4d3 c3e5 a8c8 e5d6 c7d6 b5a4 c8c7 a4e8 g8h7 e8d8 c7c5 b2b4 c5c4 d8d6 c4d4 d6e5
[WORKER] 2026/03/06 14:41:31 worker.go:402: Получена строка от движка: info depth 13 seldepth 22 multipv 3 score cp 99 nodes 111738 nps 988831 hashfull 36 tbhits 0 time 113 pv d4c4 e2e5 d6e5 b5d5 a8c8 d5c4 e5c3 c4c3 c7c5 e1e7
[WORKER] 2026/03/06 14:41:31 worker.go:402: Получена строка от движка: info depth 14 seldepth 23 multipv 1 score cp 228 nodes 177612 nps 960064 hashfull 58 tbhits 0 time 185 pv d4g4 g1g2 a8c8 a2a3 f7f6 b5c6 g4c4 c6b5 c7c6 b5a6 c8c7 c3f6 f5f6 e2e8 g8h7 e1e6
[WORKER] 2026/03/06 14:41:31 worker.go:402: Получена строка от движка: info depth 14 seldepth 29 multipv 2 score cp 137 nodes 177612 nps 960064 hashfull 58 tbhits 0 time 185 pv d4d3 c3e5 a8d8 e5d6 d8d6 e2e5 f5f3 e5h5 d6h6 b5e8 g8h7 h5h6 g7h6 e8e2 d5d4
[WORKER] 2026/03/06 14:41:31 worker.go:402: Получена строка от движка: info depth 14 seldepth 30 multipv 3 score cp 98 nodes 177612 nps 960064 hashfull 58 tbhits 0 time 185 pv d4c4 e2e5 d6e5 b5d5 a8c8 d5c4 e5c3 c4c3 c7c5 c3e5 f5e5 e1e5 c8d8 e5e7 a7a5 b2b3
[WORKER] 2026/03/06 14:41:31 worker.go:402: Получена строка от движка: info depth 15 seldepth 31 multipv 1 score cp 226 nodes 277479 nps 940606 hashfull 97 tbhits 0 time 295 pv d4g4 c3e5 d6c5 g1g2 a8c8 b5a6 g4c4 e5f4 c4f4 g3f4 f5g4 g2f1 g4h3 f1g1 c8f8 a6b7 h3f3
[WORKER] 2026/03/06 14:41:31 worker.go:402: Получена строка от движка: info depth 15 seldepth 30 multipv 2 score cp 154 nodes 277479 nps 940606 hashfull 97 tbhits 0 time 295 pv d4d3 c3e5 a8d8 e5d6 d8d6 e2e5 f5f3 e5h5 d6h6 b5e8 g8h7 h5h6 g7h6 e8e2 f3e2 e1e2 c7c5 e2e7 d3d2 e7a7 d2b2 a7f7 h7g6 f7d7
[WORKER] 2026/03/06 14:41:31 worker.go:402: Получена строка от движка: info depth 15 seldepth 30 multipv 3 score cp 97 nodes 277479 nps 940606 hashfull 97 tbhits 0 time 295 pv d4c4 e2e5 d6e5 b5d5 a8f8 d5c4 e5c3 c4c3 c7c5 c3e5 f5e5 e1e5 f7f6 e5e7 f8f7 e7e8 g8h7 g1g2 c5c4
[WORKER] 2026/03/06 14:41:31 worker.go:402: Получена строка от движка: info depth 16 seldepth 33 multipv 1 score cp 233 nodes 425815 nps 937918 hashfull 136 tbhits 0 time 454 pv d4g4 c3e5 d6c5 g1g2 a8c8 a2a3 g4e4 b5a6 e4e2 e1e2 d5d4 b2b4
[WORKER] 2026/03/06 14:41:31 worker.go:402: Получена строка от движка: info depth 16 seldepth 39 multipv 2 score cp 169 nodes 425815 nps 937918 hashfull 136 tbhits 0 time 454 pv d4d3 c3e5 a8d8 e5d6 d8d6 e2e5 f5f3 e5h5 d6h6 h5h6 g7h6 b5e8 g8h7 e8e2 f3e2 e1e2 c7c5 e2e7 d3d2 e7f7 h7g6 f7d7 d2b2 d7d5 b2a2
[WORKER] 2026/03/06 14:41:31 worker.go:402: Получена строка от движка: info depth 16 seldepth 34 multipv 3 score cp 80 nodes 425815 nps 937918 hashfull 136 tbhits 0 time 454 pv d4c4 e2e5 d6e5 b5d5 c7c6 d5c4 e5c3 c4c3 c6c5 c3e5 f5e5 e1e5 a8d8 a2a3 g7g6 e5e7 a7a5 e7b7 d8d6 g1f1
[WORKER] 2026/03/06 14:41:31 worker.go:402: Получена строка от движка: bestmove d4g4 ponder c3e5
[WORKER] 2026/03/06 14:41:31 worker.go:518: Анализ позиции: 3 тактических ходов из 50 возможных
[WORKER] 2026/03/06 14:41:31 worker.go:179: Полуход 46. Ход черных: 7.1 сек (оценка: -233)
[WORKER] 2026/03/06 14:41:31 worker.go:402: Получена строка от движка: info string Available processors: 0-11
[WORKER] 2026/03/06 14:41:31 worker.go:402: Получена строка от движка: info string Using 1 thread
[WORKER] 2026/03/06 14:41:31 worker.go:402: Получена строка от движка: info string NNUE evaluation using nn-c288c895ea92.nnue (125MiB, (102384, 1024, 15, 32, 1))
[WORKER] 2026/03/06 14:41:31 worker.go:402: Получена строка от движка: info string NNUE evaluation using nn-37f18f62d772.nnue (6MiB, (22528, 128, 15, 32, 1))
[WORKER] 2026/03/06 14:41:31 worker.go:402: Получена строка от движка: info string Network replica 1: Shared memory.
[WORKER] 2026/03/06 14:41:31 worker.go:402: Получена строка от движка: info depth 1 seldepth 7 multipv 1 score cp -169 nodes 185 nps 185000 hashfull 0 tbhits 0 time 1 pv c3e5
[WORKER] 2026/03/06 14:41:31 worker.go:402: Получена строка от движка: info depth 1 seldepth 2 multipv 2 score cp -177 nodes 185 nps 185000 hashfull 0 tbhits 0 time 1 pv b5c6
[WORKER] 2026/03/06 14:41:31 worker.go:402: Получена строка от движка: info depth 1 seldepth 5 multipv 3 score cp -212 nodes 185 nps 185000 hashfull 0 tbhits 0 time 1 pv c3b4 d6b4 b5b4
[WORKER] 2026/03/06 14:41:31 worker.go:402: Получена строка от движка: info depth 2 seldepth 4 multipv 1 score cp -169 nodes 685 nps 685000 hashfull 0 tbhits 0 time 1 pv c3e5 a8d8
[WORKER] 2026/03/06 14:41:31 worker.go:402: Получена строка от движка: info depth 2 seldepth 10 multipv 2 score cp -210 nodes 685 nps 685000 hashfull 0 tbhits 0 time 1 pv b5c6 a8f8
[WORKER] 2026/03/06 14:41:31 worker.go:402: Получена строка от движка: info depth 2 seldepth 5 multipv 3 score cp -220 nodes 685 nps 685000 hashfull 0 tbhits 0 time 1 pv c3b4 c7c5
[WORKER] 2026/03/06 14:41:31 worker.go:402: Получена строка от движка: info depth 3 seldepth 5 multipv 1 score cp -169 nodes 831 nps 831000 hashfull 0 tbhits 0 time 1 pv c3e5 a8d8 e5d6
[WORKER] 2026/03/06 14:41:31 worker.go:402: Получена строка от движка: info depth 3 seldepth 5 multipv 2 score cp -192 nodes 831 nps 831000 hashfull 0 tbhits 0 time 1 pv b5c6 a8f8 c3e5
[WORKER] 2026/03/06 14:41:31 worker.go:402: Получена строка от движка: info depth 3 seldepth 5 multipv 3 score cp -220 nodes 831 nps 831000 hashfull 0 tbhits 0 time 1 pv c3b4 c7c5 b5c6
[WORKER] 2026/03/06 14:41:31 worker.go:402: Получена строка от движка: info depth 4 seldepth 5 multipv 1 score cp -169 nodes 1050 nps 1050000 hashfull 0 tbhits 0 time 1 pv c3e5 a8d8 e5d6 d8d6
[WORKER] 2026/03/06 14:41:31 worker.go:402: Получена строка от движка: info depth 4 seldepth 6 multipv 2 score cp -200 nodes 1050 nps 1050000 hashfull 0 tbhits 0 time 1 pv b5c6 a8f8 c3e5 d6b4
[WORKER] 2026/03/06 14:41:31 worker.go:402: Получена строка от движка: info depth 4 seldepth 5 multipv 3 score cp -223 nodes 1050 nps 1050000 hashfull 0 tbhits 0 time 1 pv c3b4 c7c5 b5c6 a8d8
[WORKER] 2026/03/06 14:41:31 worker.go:402: Получена строка от движка: info depth 5 seldepth 6 multipv 1 score cp -169 nodes 1620 nps 1620000 hashfull 0 tbhits 0 time 1 pv c3e5 a8d8 e5d6 d8d6 b5e8
[WORKER] 2026/03/06 14:41:31 worker.go:402: Получена строка от движка: info depth 5 seldepth 12 multipv 2 score cp -198 nodes 1620 nps 1620000 hashfull 0 tbhits 0 time 1 pv c3b4 c7c5
[WORKER] 2026/03/06 14:41:31 worker.go:402: Получена строка от движка: info depth 5 seldepth 8 multipv 3 score cp -214 nodes 1620 nps 1620000 hashfull 0 tbhits 0 time 1 pv b5a4 f5g4 a4c6 a8f8 c3e5
[WORKER] 2026/03/06 14:41:31 worker.go:402: Получена строка от движка: info depth 6 seldepth 11 multipv 1 score cp -169 nodes 2225 nps 1112500 hashfull 0 tbhits 0 time 2 pv c3e5 a8d8 e5d6 d8d6 e2e5 f5f3 e5h5 d6h6 b5e8
[WORKER] 2026/03/06 14:41:31 worker.go:402: Получена строка от движка: info depth 6 seldepth 8 multipv 2 score cp -217 nodes 2225 nps 1112500 hashfull 0 tbhits 0 time 2 pv b5a4 d6c5 c3e5 d3f3 e5f4 f5g4
[WORKER] 2026/03/06 14:41:31 worker.go:402: Получена строка от движка: info depth 6 seldepth 12 multipv 3 score cp -220 nodes 2225 nps 1112500 hashfull 0 tbhits 0 time 2 pv c3b4 d6b4 b5b4
[WORKER] 2026/03/06 14:41:31 worker.go:402: Получена строка от движка: info depth 7 seldepth 10 multipv 1 score cp -154 nodes 3790 nps 1263333 hashfull 0 tbhits 0 time 3 pv c3e5 a8c8 e5d6 c7d6 b5a4 c8c7 a4e8 g8h7 e8b8
[WORKER] 2026/03/06 14:41:31 worker.go:402: Получена строка от движка: info depth 7 seldepth 12 multipv 2 score cp -205 nodes 3790 nps 1263333 hashfull 0 tbhits 0 time 3 pv c3b4 c7c5 b5c6 a8d8 e2e8 d8e8 e1e8 g8h7 c6d6 c5b4 d6b4
[WORKER] 2026/03/06 14:41:31 worker.go:402: Получена строка от движка: info depth 7 seldepth 12 multipv 3 score cp -213 nodes 3790 nps 1263333 hashfull 0 tbhits 0 time 3 pv b5a4 d6c5 c3e5 d3f3 e5f4 f5g4 a4c6 f3g3 f4g3 g4g3 g1f1
[WORKER] 2026/03/06 14:41:31 worker.go:402: Получена строка от движка: info depth 8 seldepth 10 multipv 1 score cp -154 nodes 7215 nps 1202500 hashfull 0 tbhits 0 time 6 pv c3e5 a8c8 e5d6 c7d6 b5a4 c8c7 a4e8 g8h7
[WORKER] 2026/03/06 14:41:31 worker.go:402: Получена строка от движка: info depth 8 seldepth 15 multipv 2 score cp -198 nodes 7215 nps 1030714 hashfull 0 tbhits 0 time 7 pv b5a4 f5g6 c3e5 d6c5 b2b4 d3g3 e5g3 g6g3 g1f1
[WORKER] 2026/03/06 14:41:31 worker.go:402: Получена строка от движка: info depth 8 seldepth 12 multipv 3 score cp -205 nodes 7215 nps 1030714 hashfull 0 tbhits 0 time 7 pv c3b4 c7c5 b5c6 a8d8 e2e8 d8e8 e1e8 g8h7 c6d6 c5b4 d6b4
[WORKER] 2026/03/06 14:41:31 worker.go:402: Получена строка от движка: info depth 9 seldepth 12 multipv 1 score cp -154 nodes 11672 nps 1061090 hashfull 2 tbhits 0 time 11 pv c3e5 a8c8 e5d6 c7d6 b5a4 c8c7 a4e8 g8h7 e8b8 c7c4
[WORKER] 2026/03/06 14:41:31 worker.go:402: Получена строка от движка: info depth 9 seldepth 20 multipv 2 score cp -202 nodes 11672 nps 1061090 hashfull 2 tbhits 0 time 11 pv b5a4 d6c5 c3e5 f5g6 e5c7 d3g3 c7g3 g6g3 g1f1
[WORKER] 2026/03/06 14:41:31 worker.go:402: Получена строка от движка: info depth 9 seldepth 12 multipv 3 score cp -205 nodes 11672 nps 1061090 hashfull 2 tbhits 0 time 11 pv c3b4 c7c5 b5c6 a8d8 e2e8 d8e8 e1e8 g8h7
[WORKER] 2026/03/06 14:41:31 worker.go:402: Получена строка от движка: info depth 10 seldepth 23 multipv 1 score cp -131 nodes 23381 nps 1016565 hashfull 7 tbhits 0 time 23 pv c3e5 a8c8 e5d6 c7d6 b5a4 c8c7 a4e8 g8h7 e8b8 c7c4 b8d6 c4e4 e2e4 d5e4 d6e7 d3d4
[WORKER] 2026/03/06 14:41:31 worker.go:402: Получена строка от движка: info depth 10 seldepth 20 multipv 2 score cp -212 nodes 23381 nps 1016565 hashfull 7 tbhits 0 time 23 pv c3b4 c7c5 b5c6 a8d8 e2e8 g8h7 e8d8 d6g3 f2g3 d3g3 g1h2
[WORKER] 2026/03/06 14:41:31 worker.go:402: Получена строка от движка: info depth 10 seldepth 16 multipv 3 score cp -217 nodes 23381 nps 1016565 hashfull 7 tbhits 0 time 23 pv a2a3 d6c5 c3e5 d3f3 e5f4 f5g4
[WORKER] 2026/03/06 14:41:31 worker.go:402: Получена строка от движка: info depth 11 seldepth 12 multipv 1 score cp -131 nodes 38621 nps 965525 hashfull 12 tbhits 0 time 40 pv c3e5 a8c8 e5d6 c7d6 b5a4 c8c7 a4e8 g8h7 e8b8 c7c4 b8d6
[WORKER] 2026/03/06 14:41:31 worker.go:402: Получена строка от движка: info depth 11 seldepth 16 multipv 2 score cp -223 nodes 38621 nps 965525 hashfull 12 tbhits 0 time 40 pv b5c6 a8c8 a2a3 f7f6 b2b4 d5d4 c6c4 g8h7 c3d4
[WORKER] 2026/03/06 14:41:31 worker.go:402: Получена строка от движка: info depth 11 seldepth 21 multipv 3 score cp -248 nodes 38621 nps 965525 hashfull 12 tbhits 0 time 40 pv a2a3 d6c5 c3e5 d3f3 b5c6
[WORKER] 2026/03/06 14:41:31 worker.go:402: Получена строка от движка: info depth 12 seldepth 36 multipv 1 score cp -151 nodes 65369 nps 947376 hashfull 22 tbhits 0 time 69 pv c3e5 a8d8 e5d6 d8d6 e2e5 f5f3 e5h5 d6h6 b5e8 g8h7 h5h6 g7h6 e8e2 c7c5 e2f3 d3f3
[WORKER] 2026/03/06 14:41:31 worker.go:402: Получена строка от движка: info depth 12 seldepth 18 multipv 2 score cp -224 nodes 65369 nps 947376 hashfull 22 tbhits 0 time 69 pv b5a4 d6c5 c3e5 d3f3 e5d4 f5g4
[WORKER] 2026/03/06 14:41:31 worker.go:402: Получена строка от движка: info depth 12 seldepth 21 multipv 3 score cp -239 nodes 65369 nps 947376 hashfull 22 tbhits 0 time 69 pv b5c6 a8c8 a2a3 d6c5 c3e5 d3f3 e5f4 f5g4 b2b4 c5f2 e2f2
[WORKER] 2026/03/06 14:41:31 worker.go:402: Получена строка от движка: info depth 13 seldepth 17 multipv 1 score cp -164 nodes 82318 nps 946183 hashfull 26 tbhits 0 time 87 pv c3e5 a8d8 e5d6 d8d6 e2e5 f5f3 e5h5 d6h6 b5e8 g8h7 h5h6 g7h6 e8e2 f3e2
[WORKER] 2026/03/06 14:41:31 worker.go:402: Получена строка от движка: info depth 13 seldepth 26 multipv 2 score cp -210 nodes 82318 nps 946183 hashfull 26 tbhits 0 time 87 pv b5a4 d6c5 c3e5 d3f3 e5d4 c5d4 a4d4 c7c5 d4e5 a8c8 e5f5 f3f5 e2e7 d5d4 e7a7 d4d3
[WORKER] 2026/03/06 14:41:31 worker.go:402: Получена строка от движка: info depth 13 seldepth 20 multipv 3 score cp -227 nodes 82318 nps 946183 hashfull 26 tbhits 0 time 87 pv b5c6 a8c8 a2a3 d6c5 c3e5 d3f3 e5f4 f5g4 g1f1 g4h3 f1g1 f3g3 f4g3 h3g3 g1f1
[WORKER] 2026/03/06 14:41:31 worker.go:402: Получена строка от движка: info depth 14 seldepth 27 multipv 1 score cp -161 nodes 201315 nps 910927 hashfull 64 tbhits 0 time 221 pv c3e5 a8d8 e5d6 d8d6 e2e5 f5f3 e5h5 d6h6 h5h6 g7h6 b5e8 g8h7 e8e2 f3e2 e1e2 c7c5
[WORKER] 2026/03/06 14:41:31 worker.go:402: Получена строка от движка: info depth 14 seldepth 35 multipv 2 score cp -225 nodes 201315 nps 910927 hashfull 64 tbhits 0 time 221 pv b5c6 a8f8 a2a3 d6c5 c3e5 f5g4 c6c7 f8c8 c7b7 c8e8 b2b4 d3g3 e5g3 g4g3 g1f1 g3h3 f1g1
[WORKER] 2026/03/06 14:41:31 worker.go:402: Получена строка от движка: info depth 14 seldepth 24 multipv 3 score cp -242 nodes 201315 nps 906824 hashfull 64 tbhits 0 time 222 pv b5a4 d6c5 c3e5 d3f3 e5d4 c5d4 a4d4 c7c5 d4d2 d5d4 e2e5 f5f6 e5h5 f3f5 h5g5 g7g6 b2b4 f5g5 h4g5
[WORKER] 2026/03/06 14:41:32 worker.go:402: Получена строка от движка: info depth 15 seldepth 27 multipv 1 score cp -153 nodes 303073 nps 915628 hashfull 95 tbhits 0 time 331 pv c3e5 a8d8 e5d6 d8d6 e2e5 f5f3 e5h5 d6h6 h5h6 g7h6 b5e8 g8h7 e8e2 f3e2 e1e2 d3d1 g1g2 h7g7 e2e7 d1c1 e7d7
[WORKER] 2026/03/06 14:41:32 worker.go:402: Получена строка от движка: info depth 15 seldepth 26 multipv 2 score cp -248 nodes 303073 nps 915628 hashfull 95 tbhits 0 time 331 pv a2a3 d6c5 c3e5 d3f3 e1f1 d5d4 b5c6 a8c8 e5f4 f3f4 g3f4
[WORKER] 2026/03/06 14:41:32 worker.go:402: Получена строка от движка: info depth 15 seldepth 29 multipv 3 score cp -252 nodes 303073 nps 915628 hashfull 95 tbhits 0 time 331 pv b5c6 a8c8 c3e5 d6b4 e1f1 f5g4 e2c2 b4c5 g1h2 g4f5 c2e2 a7a5 e5f4 f5g4
[WORKER] 2026/03/06 14:41:32 worker.go:402: Получена строка от движка: info depth 16 seldepth 42 multipv 1 score cp -164 nodes 439613 nps 921620 hashfull 147 tbhits 0 time 477 pv c3e5 a8d8 e5d6 d8d6 e2e5 f5f3 e5h5 d6h6 h5h6 g7h6 b5e8 g8h7 e8e2 f3e2 e1e2 c7c5 e2e7 d3d2 b2b3 d2a2 e7f7 h7g6 f7d7 d5d4 g3g4
[WORKER] 2026/03/06 14:41:32 worker.go:402: Получена строка от движка: info depth 16 seldepth 35 multipv 2 score cp -247 nodes 439613 nps 921620 hashfull 147 tbhits 0 time 477 pv a2a3 d6c5 c3e5 d3f3 e5f4 f5g4 f4c7 a7a6 b5c6 a8c8 c6d5 c8c7 g1g2 f3f5 d5d8 g8h7 d8c7 g4f3 g2h3 c5f2 c7c3 f2e1 e2e1 f3c3 b2c3 f5c5 e1b1 c5c3 b1b6 c3a3 b6d6
[WORKER] 2026/03/06 14:41:32 worker.go:402: Получена строка от движка: info depth 16 seldepth 28 multipv 3 score cp -254 nodes 439613 nps 921620 hashfull 147 tbhits 0 time 477 pv b5a4 d6c5 c3e5 d3f3 e5f4 f5g4 g1g2 a8f8 e2d2 c7c6 e1e5 f7f6 e5e2 f8c8 e2e1 g7g5 a4d1 f3f4 h4g5 g4d1 e1d1
[WORKER] 2026/03/06 14:41:32 worker.go:402: Получена строка от движка: bestmove c3e5 ponder a8d8
[WORKER] 2026/03/06 14:41:32 worker.go:518: Анализ позиции: 6 тактических ходов из 44 возможных
[WORKER] 2026/03/06 14:41:32 worker.go:179: Полуход 47. Ход белых: 18.2 сек (оценка: -164)
[WORKER] 2026/03/06 14:41:32 worker.go:402: Получена строка от движка: info string Available processors: 0-11
[WORKER] 2026/03/06 14:41:32 worker.go:402: Получена строка от движка: info string Using 1 thread
[WORKER] 2026/03/06 14:41:32 worker.go:402: Получена строка от движка: info string NNUE evaluation using nn-c288c895ea92.nnue (125MiB, (102384, 1024, 15, 32, 1))
[WORKER] 2026/03/06 14:41:32 worker.go:402: Получена строка от движка: info string NNUE evaluation using nn-37f18f62d772.nnue (6MiB, (22528, 128, 15, 32, 1))
[WORKER] 2026/03/06 14:41:32 worker.go:402: Получена строка от движка: info string Network replica 1: Shared memory.
[WORKER] 2026/03/06 14:41:32 worker.go:402: Получена строка от движка: info depth 1 seldepth 8 multipv 1 score cp 195 nodes 202 nps 202000 hashfull 0 tbhits 0 time 1 pv d6c5
[WORKER] 2026/03/06 14:41:32 worker.go:402: Получена строка от движка: info depth 1 seldepth 4 multipv 2 score cp 194 nodes 202 nps 202000 hashfull 0 tbhits 0 time 1 pv a7a6
[WORKER] 2026/03/06 14:41:32 worker.go:402: Получена строка от движка: info depth 1 seldepth 4 multipv 3 score cp 164 nodes 202 nps 202000 hashfull 0 tbhits 0 time 1 pv a8d8
[WORKER] 2026/03/06 14:41:32 worker.go:402: Получена строка от движка: info depth 2 seldepth 6 multipv 1 score cp 164 nodes 570 nps 570000 hashfull 0 tbhits 0 time 1 pv a8d8 e5d6 d8d6 e2e5 f5f3
[WORKER] 2026/03/06 14:41:32 worker.go:402: Получена строка от движка: info depth 2 seldepth 6 multipv 2 score cp 164 nodes 570 nps 570000 hashfull 0 tbhits 0 time 1 pv a8c8 e5d6 c7d6 b5a4 c8c7
[WORKER] 2026/03/06 14:41:32 worker.go:402: Получена строка от движка: info depth 2 seldepth 3 multipv 3 score cp 138 nodes 570 nps 570000 hashfull 0 tbhits 0 time 1 pv d6c5 b2b4
[WORKER] 2026/03/06 14:41:32 worker.go:402: Получена строка от движка: info depth 3 seldepth 4 multipv 1 score cp 164 nodes 826 nps 826000 hashfull 0 tbhits 0 time 1 pv a8d8 b5a4
[WORKER] 2026/03/06 14:41:32 worker.go:402: Получена строка от движка: info depth 3 seldepth 4 multipv 2 score cp 164 nodes 826 nps 826000 hashfull 0 tbhits 0 time 1 pv a8c8 e5d6 c7d6
[WORKER] 2026/03/06 14:41:32 worker.go:402: Получена строка от движка: info depth 3 seldepth 5 multipv 3 score cp 124 nodes 826 nps 826000 hashfull 0 tbhits 0 time 1 pv d5d4
[WORKER] 2026/03/06 14:41:32 worker.go:402: Получена строка от движка: info depth 4 seldepth 16 multipv 1 score cp 164 nodes 1139 nps 1139000 hashfull 0 tbhits 0 time 1 pv a8d8 e5d6 d8d6 e2e5 f5f3 e5h5 d6h6
[WORKER] 2026/03/06 14:41:32 worker.go:402: Получена строка от движка: info depth 4 seldepth 5 multipv 2 score cp 164 nodes 1139 nps 1139000 hashfull 0 tbhits 0 time 1 pv a8c8 e5d6 c7d6 b5a4
[WORKER] 2026/03/06 14:41:32 worker.go:402: Получена строка от движка: info depth 4 seldepth 8 multipv 3 score cp 135 nodes 1139 nps 1139000 hashfull 0 tbhits 0 time 1 pv d6e5 e2e5 f5f3 b5d7
[WORKER] 2026/03/06 14:41:32 worker.go:402: Получена строка от движка: info depth 5 seldepth 6 multipv 1 score cp 164 nodes 1662 nps 1662000 hashfull 0 tbhits 0 time 1 pv a8d8 e5d6 d8d6 e2e5 f5f3
[WORKER] 2026/03/06 14:41:32 worker.go:402: Получена строка от движка: info depth 5 seldepth 6 multipv 2 score cp 164 nodes 1662 nps 1662000 hashfull 0 tbhits 0 time 1 pv a8c8 e5d6 c7d6 b5a4 c8c7
[WORKER] 2026/03/06 14:41:32 worker.go:402: Получена строка от движка: info depth 5 seldepth 10 multipv 3 score cp 144 nodes 1662 nps 1662000 hashfull 0 tbhits 0 time 1 pv d6c5 b2b4 c7c6 b5c6
[WORKER] 2026/03/06 14:41:32 worker.go:402: Получена строка от движка: info depth 6 seldepth 8 multipv 1 score cp 164 nodes 2197 nps 1098500 hashfull 0 tbhits 0 time 2 pv a8d8 e5d6 d8d6 e2e5 f5f3 e5h5
[WORKER] 2026/03/06 14:41:32 worker.go:402: Получена строка от движка: info depth 6 seldepth 8 multipv 2 score cp 153 nodes 2197 nps 1098500 hashfull 0 tbhits 0 time 2 pv a8c8 e5d6 c7d6 b5a4 c8c7 a4e8 g8h7
[WORKER] 2026/03/06 14:41:32 worker.go:402: Получена строка от движка: info depth 6 seldepth 8 multipv 3 score cp 131 nodes 2197 nps 1098500 hashfull 0 tbhits 0 time 2 pv d6c5 b2b4 c5f8
[WORKER] 2026/03/06 14:41:32 worker.go:402: Получена строка от движка: info depth 7 seldepth 9 multipv 1 score cp 174 nodes 4675 nps 1168750 hashfull 0 tbhits 0 time 4 pv a8d8 b5a4 d6c5 a4a7 d3f3 a7c7 d8e8
[WORKER] 2026/03/06 14:41:32 worker.go:402: Получена строка от движка: info depth 7 seldepth 9 multipv 2 score cp 169 nodes 4675 nps 1168750 hashfull 0 tbhits 0 time 4 pv a8c8 e5d6 c7d6 b5a4 c8c7 a4e8 g8h7
[WORKER] 2026/03/06 14:41:32 worker.go:402: Получена строка от движка: info depth 7 seldepth 11 multipv 3 score cp 106 nodes 4675 nps 1168750 hashfull 0 tbhits 0 time 4 pv g8h7 e5d6 c7d6 b5c6 a8c8 c6d6 c8c4 e2e5
[WORKER] 2026/03/06 14:41:32 worker.go:402: Получена строка от движка: info depth 8 seldepth 15 multipv 1 score cp 142 nodes 9324 nps 1165500 hashfull 1 tbhits 0 time 8 pv a8d8 e5d6 d8d6 e2e5 f5f3 e5h5 f3h5
[WORKER] 2026/03/06 14:41:32 worker.go:402: Получена строка от движка: info depth 8 seldepth 18 multipv 2 score cp 132 nodes 9324 nps 1165500 hashfull 1 tbhits 0 time 8 pv a8c8 e5d6 c7d6 b5a4 c8c7 a4e8 g8h7 e8b8 c7c4 b8d6 c4e4 e2e4 d5e4 d6e7 d3d4
[WORKER] 2026/03/06 14:41:32 worker.go:402: Получена строка от движка: info depth 8 seldepth 17 multipv 3 score cp 129 nodes 9324 nps 1165500 hashfull 1 tbhits 0 time 8 pv d6e5 e2e5 f5f3 b5c6 a8f8 e5e2 d3d1 e1d1 f3e2 d1d5 e2e1 g1g2 e1e4 g2g1
[WORKER] 2026/03/06 14:41:32 worker.go:402: Получена строка от движка: info depth 9 seldepth 13 multipv 1 score cp 139 nodes 19717 nps 1095388 hashfull 3 tbhits 0 time 18 pv a8d8 e5d6 d8d6 e2e5 f5f3 e5h5 d6h6 h5h6 g7h6 b5e8 g8h7 e8c6
[WORKER] 2026/03/06 14:41:32 worker.go:402: Получена строка от движка: info depth 9 seldepth 24 multipv 2 score cp 122 nodes 19717 nps 1095388 hashfull 3 tbhits 0 time 18 pv a8c8 e5d6 c7d6 b5a4 c8c7 a4e8 g8h7 e8b8 c7c4 b8d6 f5f3 d6e7
[WORKER] 2026/03/06 14:41:32 worker.go:402: Получена строка от движка: info depth 9 seldepth 19 multipv 3 score cp 115 nodes 19717 nps 1095388 hashfull 3 tbhits 0 time 18 pv d5d4 b5c6 a8d8 e5d6 c7d6 c6c7 d8d7 c7b8
[WORKER] 2026/03/06 14:41:32 worker.go:402: Получена строка от движка: info depth 10 seldepth 12 multipv 1 score cp 139 nodes 24663 nps 1072304 hashfull 5 tbhits 0 time 23 pv a8d8 e5d6 d8d6 e2e5 f5f3 e5h5 d6h6 h5h6 g7h6 b5e8 g8h7
[WORKER] 2026/03/06 14:41:32 worker.go:402: Получена строка от движка: info depth 10 seldepth 19 multipv 2 score cp 128 nodes 24663 nps 1072304 hashfull 5 tbhits 0 time 23 pv a8c8 e5d6 c7d6 b5a4 c8c7 a4e8 g8h7 e8b8 c7c4 b8d6 f5f3 d6e7 a7a5 e2e3 d3e3 e7e3
[WORKER] 2026/03/06 14:41:32 worker.go:402: Получена строка от движка: info depth 10 seldepth 18 multipv 3 score cp 121 nodes 24663 nps 1072304 hashfull 5 tbhits 0 time 23 pv d6c5 b2b4 c5f8 e5f4 d3c3 e2e5 c7c6 e5f5 c6b5 f5h5
[WORKER] 2026/03/06 14:41:32 worker.go:402: Получена строка от движка: info depth 11 seldepth 15 multipv 1 score cp 167 nodes 44093 nps 1025418 hashfull 11 tbhits 0 time 43 pv a8d8 e5d6 d8d6 e2e5 f5f3 e5h5 d6h6 h5h6 g7h6 b5e8 g8h7 e8e5
[WORKER] 2026/03/06 14:41:32 worker.go:402: Получена строка от движка: info depth 11 seldepth 24 multipv 2 score cp 131 nodes 44093 nps 1025418 hashfull 11 tbhits 0 time 43 pv a8c8 e5d6 c7d6 b5a4 c8c7 a4e8 g8h7 e8b8 c7c4 b8d6 c4d4 d6e5 f5g4 e5e8 d4f4 e2e5 d3d2
[WORKER] 2026/03/06 14:41:32 worker.go:402: Получена строка от движка: info depth 11 seldepth 28 multipv 3 score cp 122 nodes 44093 nps 1025418 hashfull 11 tbhits 0 time 43 pv d6e5 e2e5 f5f3 b5c6 a8f8 c6d7 g7g6 e5e3 d3e3 e1e3 f3d1
[WORKER] 2026/03/06 14:41:32 worker.go:402: Получена строка от движка: info depth 12 seldepth 13 multipv 1 score cp 157 nodes 91637 nps 996054 hashfull 28 tbhits 0 time 92 pv a8d8 e5d6 d8d6 e2e5 f5f3 e5h5 d6h6 h5h6 g7h6 b5e8 g8h7 e8e5
[WORKER] 2026/03/06 14:41:32 worker.go:402: Получена строка от движка: info depth 12 seldepth 27 multipv 2 score cp 132 nodes 91637 nps 996054 hashfull 28 tbhits 0 time 92 pv a8c8 e5d6 c7d6 b5a4 c8c7 a4e8 g8h7 e8b8 c7c4 b8d6 c4d4 d6e7 f5f3 e2e3 d3e3 e7e3 f3e3 e1e3 d4d2 e3a3
[WORKER] 2026/03/06 14:41:32 worker.go:402: Получена строка от движка: info depth 12 seldepth 30 multipv 3 score cp 106 nodes 91637 nps 996054 hashfull 28 tbhits 0 time 92 pv d6e5 e2e5 f5f3 b5d7 g7g6 e5e3 d3e3 e1e3 f3f5 d7f5 g6f5 e3e5 a8d8 e5f5
[WORKER] 2026/03/06 14:41:32 worker.go:402: Получена строка от движка: info depth 13 seldepth 17 multipv 1 score cp 160 nodes 138309 nps 987921 hashfull 48 tbhits 0 time 140 pv a8d8 e5d6 d8d6 e2e5 f5f3 e5h5 d6h6 h5h6 g7h6 b5e8 g8h7 e8e2 f3e2 e1e2 c7c5 e2e7
[WORKER] 2026/03/06 14:41:32 worker.go:402: Получена строка от движка: info depth 13 seldepth 32 multipv 2 score cp 135 nodes 138309 nps 987921 hashfull 48 tbhits 0 time 140 pv a8c8 e5d6 c7d6 b5a4 c8c7 a4b4 c7c5 b4a4 a7a5 a4e8 g8h7 e8d8 c5c6 e2e8 c6c2 e8h8 h7g6 d8d6 f7f6 d6b6 d3d2
[WORKER] 2026/03/06 14:41:32 worker.go:402: Получена строка от движка: info depth 13 seldepth 27 multipv 3 score cp 110 nodes 138309 nps 987921 hashfull 48 tbhits 0 time 140 pv d5d4 b5c6 a8d8 e5d6 c7d6 c6c7 d8d7 c7c2 d3f3 c2e4 d4d3
[WORKER] 2026/03/06 14:41:32 worker.go:402: Получена строка от движка: info depth 14 seldepth 17 multipv 1 score cp 160 nodes 174896 nps 977072 hashfull 63 tbhits 0 time 179 pv a8d8 e5d6 d8d6 e2e5 f5f3 e5h5 d6h6 h5h6 g7h6 b5e8 g8h7 e8e2 f3e2 e1e2 c7c5 e2e7
[WORKER] 2026/03/06 14:41:32 worker.go:402: Получена строка от движка: info depth 14 seldepth 29 multipv 2 score cp 139 nodes 174896 nps 977072 hashfull 63 tbhits 0 time 179 pv a8c8 e5d6 c7d6 b5a4 c8c7 a4b4 c7c5 b4a4 a7a5 a4e8 g8h7 e8e7 c5c6 e7b7 c6c4 b7e7 b6b5 e7d6
[WORKER] 2026/03/06 14:41:32 worker.go:402: Получена строка от движка: info depth 14 seldepth 29 multipv 3 score cp 109 nodes 174896 nps 977072 hashfull 63 tbhits 0 time 179 pv d6c5 b2b4 c7c6 b5c6 a8c8 c6a4 c5f8 a2a3 a7a5 b4a5 d3a3 a4f4 f5f4 e5f4 a3a5 e2e8 c8e8 e1e8
[WORKER] 2026/03/06 14:41:32 worker.go:402: Получена строка от движка: info depth 15 seldepth 27 multipv 1 score cp 164 nodes 302486 nps 942323 hashfull 107 tbhits 0 time 321 pv a8d8 e5d6 d8d6 e2e5 f5f3 e5h5 d6h6 h5h6 g7h6 b5e8 g8h7 e8e2 f3e2 e1e2 c7c5 e2e7 d3d2 e7f7 h7g6
[WORKER] 2026/03/06 14:41:32 worker.go:402: Получена строка от движка: info depth 15 seldepth 25 multipv 2 score cp 156 nodes 302486 nps 942323 hashfull 107 tbhits 0 time 321 pv d6c5 b2b4 c7c6 b5c6 a8c8 c6b5 a7a6 b5a4 b6b5 a4a5 c5f8 e5f4 c8c4 a5d8 c4f4 g3f4 f5g4 g1f1
[WORKER] 2026/03/06 14:41:32 worker.go:402: Получена строка от движка: info depth 15 seldepth 31 multipv 3 score cp 135 nodes 302486 nps 942323 hashfull 107 tbhits 0 time 321 pv a8c8 e5d6 c7d6 b5a4 c8c7 a4e8 g8h7 e8b8 c7c4 b8d6 c4e4 e2e4 d5e4 d6e7 d3d2 e7e4 f5e4 e1e4 d2b2 a2a4 b2a2 e4d4 a2a1 g1h2
[WORKER] 2026/03/06 14:41:32 worker.go:402: Получена строка от движка: info depth 16 seldepth 34 multipv 1 score cp 178 nodes 588376 nps 920776 hashfull 207 tbhits 0 time 639 pv a8c8 b5a4 d6f8 e5f4 f5g4 a2a3 f8c5 e2e8 c8e8 a4e8 g8h7 e8f7 d3f3 e1e5
[WORKER] 2026/03/06 14:41:32 worker.go:402: Получена строка от движка: info depth 16 seldepth 34 multipv 2 score cp 163 nodes 588376 nps 920776 hashfull 207 tbhits 0 time 639 pv a8d8 e5d6 d8d6 e2e5 f5f3 e5h5 d6h6 b5e8 g8h7 h5h6 g7h6 e8c6
[WORKER] 2026/03/06 14:41:32 worker.go:402: Получена строка от движка: info depth 16 seldepth 41 multipv 3 score cp 105 nodes 588376 nps 920776 hashfull 207 tbhits 0 time 639 pv d6c5 b2b4 c7c6 b5c6 a8c8 c6b5 a7a6 b5a4 b6b5 a4a5 c5f8 e5f4 f5g6 e2e8 g6c6 e8c8 c6c8 a2a4 c8c3 e1c1 c3b4 a5b4 f8b4 a4b5 a6b5 c1c8 g8h7 c8b8 d3d1 g1g2
[WORKER] 2026/03/06 14:41:32 worker.go:402: Получена строка от движка: bestmove a8c8 ponder b5a4
[WORKER] 2026/03/06 14:41:32 worker.go:518: Анализ позиции: 4 тактических ходов из 45 возможных
[WORKER] 2026/03/06 14:41:32 worker.go:179: Полуход 48. Ход черных: 17.7 сек (оценка: -178)
[WORKER] 2026/03/06 14:41:32 worker.go:402: Получена строка от движка: info string Available processors: 0-11
[WORKER] 2026/03/06 14:41:32 worker.go:402: Получена строка от движка: info string Using 1 thread
[WORKER] 2026/03/06 14:41:32 worker.go:402: Получена строка от движка: info string NNUE evaluation using nn-c288c895ea92.nnue (125MiB, (102384, 1024, 15, 32, 1))
[WORKER] 2026/03/06 14:41:32 worker.go:402: Получена строка от движка: info string NNUE evaluation using nn-37f18f62d772.nnue (6MiB, (22528, 128, 15, 32, 1))
[WORKER] 2026/03/06 14:41:32 worker.go:402: Получена строка от движка: info string Network replica 1: Shared memory.
[WORKER] 2026/03/06 14:41:32 worker.go:402: Получена строка от движка: info depth 1 seldepth 10 multipv 1 score cp -157 nodes 136 nps 136000 hashfull 0 tbhits 0 time 1 pv a2a3 d6c5 e5c7
[WORKER] 2026/03/06 14:41:32 worker.go:402: Получена строка от движка: info depth 1 seldepth 3 multipv 2 score cp -163 nodes 136 nps 136000 hashfull 0 tbhits 0 time 1 pv e5d6
[WORKER] 2026/03/06 14:41:32 worker.go:402: Получена строка от движка: info depth 1 seldepth 2 multipv 3 score cp -198 nodes 136 nps 136000 hashfull 0 tbhits 0 time 1 pv b5a4
[WORKER] 2026/03/06 14:41:32 worker.go:402: Получена строка от движка: info depth 2 seldepth 7 multipv 1 score cp -163 nodes 372 nps 372000 hashfull 0 tbhits 0 time 1 pv e5d6 d8d6 e2e5 f5f3 e5h5
[WORKER] 2026/03/06 14:41:32 worker.go:402: Получена строка от движка: info depth 2 seldepth 5 multipv 2 score cp -173 nodes 372 nps 372000 hashfull 0 tbhits 0 time 1 pv b5a4
[WORKER] 2026/03/06 14:41:32 worker.go:402: Получена строка от движка: info depth 2 seldepth 5 multipv 3 score cp -175 nodes 372 nps 372000 hashfull 0 tbhits 0 time 1 pv a2a3 g8h7
[WORKER] 2026/03/06 14:41:32 worker.go:402: Получена строка от движка: info depth 3 seldepth 6 multipv 1 score cp -156 nodes 667 nps 667000 hashfull 0 tbhits 0 time 1 pv b5a4 g8h7 e5d6 d8d6
[WORKER] 2026/03/06 14:41:32 worker.go:402: Получена строка от движка: info depth 3 seldepth 4 multipv 2 score cp -163 nodes 667 nps 667000 hashfull 0 tbhits 0 time 1 pv e5d6 d8d6 e2e5
[WORKER] 2026/03/06 14:41:32 worker.go:402: Получена строка от движка: info depth 3 seldepth 6 multipv 3 score cp -192 nodes 667 nps 667000 hashfull 0 tbhits 0 time 1 pv b5c6 d6b4 e5c3 b4c5 c6c7
[WORKER] 2026/03/06 14:41:32 worker.go:402: Получена строка от движка: info depth 4 seldepth 11 multipv 1 score cp -138 nodes 1082 nps 1082000 hashfull 0 tbhits 0 time 1 pv e5d6 d8d6 e2e5 f5f3
[WORKER] 2026/03/06 14:41:32 worker.go:402: Получена строка от движка: info depth 4 seldepth 7 multipv 2 score cp -182 nodes 1082 nps 1082000 hashfull 0 tbhits 0 time 1 pv a2a3 d5d4 b5c6
[WORKER] 2026/03/06 14:41:32 worker.go:402: Получена строка от движка: info depth 4 seldepth 6 multipv 3 score cp -192 nodes 1082 nps 1082000 hashfull 0 tbhits 0 time 1 pv b5c6 d6b4 e5c3 b4c5
[WORKER] 2026/03/06 14:41:32 worker.go:402: Получена строка от движка: info depth 5 seldepth 7 multipv 1 score cp -145 nodes 1403 nps 1403000 hashfull 0 tbhits 0 time 1 pv e5d6 d8d6 e2e5 f5f3 e5h5
[WORKER] 2026/03/06 14:41:32 worker.go:402: Получена строка от движка: info depth 5 seldepth 9 multipv 2 score cp -159 nodes 1403 nps 1403000 hashfull 0 tbhits 0 time 1 pv b5a4 g8h7 e5d6 d8d6
[WORKER] 2026/03/06 14:41:32 worker.go:402: Получена строка от движка: info depth 5 seldepth 6 multipv 3 score cp -176 nodes 1403 nps 1403000 hashfull 0 tbhits 0 time 1 pv a2a3 a7a5 e5d6 d8d6 e2e5
[WORKER] 2026/03/06 14:41:32 worker.go:402: Получена строка от движка: info depth 6 seldepth 8 multipv 1 score cp -130 nodes 1670 nps 1670000 hashfull 0 tbhits 0 time 1 pv e5d6 d8d6 e2e5 f5f3 e5h5 d6h6
[WORKER] 2026/03/06 14:41:32 worker.go:402: Получена строка от движка: info depth 6 seldepth 8 multipv 2 score cp -161 nodes 1670 nps 1670000 hashfull 0 tbhits 0 time 1 pv a2a3 d5d4 b5c6 f5f3 c6f3 d3f3 e5d4
[WORKER] 2026/03/06 14:41:32 worker.go:402: Получена строка от движка: info depth 6 seldepth 7 multipv 3 score cp -167 nodes 1670 nps 1670000 hashfull 0 tbhits 0 time 1 pv b5a4 g8h7 e5d6 d8d6 e2e5 f5f3
[WORKER] 2026/03/06 14:41:32 worker.go:402: Получена строка от движка: info depth 7 seldepth 11 multipv 1 score cp -133 nodes 2584 nps 1292000 hashfull 0 tbhits 0 time 2 pv e5d6 d8d6 e2e5 f5f3 e5h5 d6h6 b5e8 g8h7 h5h6 g7h6
[WORKER] 2026/03/06 14:41:32 worker.go:402: Получена строка от движка: info depth 7 seldepth 12 multipv 2 score cp -162 nodes 2584 nps 1292000 hashfull 0 tbhits 0 time 2 pv b5a4 d6c5 e5c7 d3f3 c7f4 f5h3
[WORKER] 2026/03/06 14:41:32 worker.go:402: Получена строка от движка: info depth 7 seldepth 8 multipv 3 score cp -177 nodes 2584 nps 1292000 hashfull 0 tbhits 0 time 2 pv a2a3 c7c5 e5d6 d8d6 b5e8 g8h7 e2e5
[WORKER] 2026/03/06 14:41:32 worker.go:402: Получена строка от движка: info depth 8 seldepth 11 multipv 1 score cp -133 nodes 5534 nps 1106800 hashfull 0 tbhits 0 time 5 pv e5d6 d8d6 e2e5 f5f3 e5h5 d6h6 b5e8 g8h7 h5h6 g7h6
[WORKER] 2026/03/06 14:41:32 worker.go:402: Получена строка от движка: info depth 8 seldepth 15 multipv 2 score cp -150 nodes 5534 nps 1106800 hashfull 0 tbhits 0 time 5 pv b5a4 d6c5 e5c7 d3f3 c7f4 f5h3 e2d2 h3g4
[WORKER] 2026/03/06 14:41:32 worker.go:402: Получена строка от движка: info depth 8 seldepth 20 multipv 3 score cp -209 nodes 5534 nps 1106800 hashfull 0 tbhits 0 time 5 pv b5c6 d6b4 e5c3 b4c5 c6c7 g8h7 b2b4 d8c8
[WORKER] 2026/03/06 14:41:32 worker.go:402: Получена строка от движка: info depth 9 seldepth 20 multipv 1 score cp -151 nodes 30776 nps 1061241 hashfull 10 tbhits 0 time 29 pv b5a4 d6e5 e2e5 f5f3 e5e2 d5d4 a4a7 f3c6
[WORKER] 2026/03/06 14:41:32 worker.go:402: Получена строка от движка: info depth 9 seldepth 29 multipv 2 score cp -172 nodes 30776 nps 1061241 hashfull 10 tbhits 0 time 29 pv e5d6 d8d6 e2e5 f5f3 e5h5 d6h6 h5h6 g7h6 b5c6
[WORKER] 2026/03/06 14:41:32 worker.go:402: Получена строка от движка: info depth 9 seldepth 20 multipv 3 score cp -221 nodes 30776 nps 1061241 hashfull 10 tbhits 0 time 29 pv b5c6 d6b4 e1f1 b4c5 e5f4 f5g4 e2e8 g8h7 e8d8
[WORKER] 2026/03/06 14:41:32 worker.go:402: Получена строка от движка: info depth 10 seldepth 21 multipv 1 score cp -156 nodes 65618 nps 994212 hashfull 21 tbhits 0 time 66 pv b5a4 g8h7 e5d6 d8d6 e2e5 f5f3 a4c2 g7g6 c2c7
[WORKER] 2026/03/06 14:41:32 worker.go:402: Получена строка от движка: info depth 10 seldepth 28 multipv 2 score cp -178 nodes 65618 nps 994212 hashfull 21 tbhits 0 time 66 pv e5d6 d8d6 e2e5 f5f3 e5h5 d6h6 b5e8 g8h7
[WORKER] 2026/03/06 14:41:32 worker.go:402: Получена строка от движка: info depth 10 seldepth 22 multipv 3 score cp -227 nodes 65618 nps 994212 hashfull 21 tbhits 0 time 66 pv a2a4 f5f3 e2e3 d3e3 e1e3 f3d1 g1g2 d5d4 e3d3
[WORKER] 2026/03/06 14:41:32 worker.go:402: Получена строка от движка: info depth 11 seldepth 29 multipv 1 score cp -161 nodes 83256 nps 968093 hashfull 28 tbhits 0 time 86 pv e5d6 d8d6 e2e5 f5f3 e5h5 d6h6 b5e8 g8h7 h5h6 g7h6 e8e2 f3e2 e1e2 c7c5 e2e7 d3d2 e7f7 h7g6 f7d7 c5c4 g1g2 d2b2 d7d5
[WORKER] 2026/03/06 14:41:32 worker.go:402: Получена строка от движка: info depth 11 seldepth 27 multipv 2 score cp -169 nodes 83256 nps 968093 hashfull 28 tbhits 0 time 86 pv b5a4 d6c5 e5c7 d3f3 c7f4 f5h3 e2e8 d8e8 e1e8 g8h7 a4c2 g7g6 f4e5 f3g3 e5g3 h3g3 g1f1 g3h3 f1g1 h3h4
[WORKER] 2026/03/06 14:41:32 worker.go:402: Получена строка от движка: info depth 11 seldepth 17 multipv 3 score cp -219 nodes 83256 nps 968093 hashfull 28 tbhits 0 time 86 pv a2a4 f5f3 e2e3 d3e3 e1e3 f3f5 e5d6 d8d6 b5e8 g8h7 e3e5 f5f3
[WORKER] 2026/03/06 14:41:32 worker.go:402: Получена строка от движка: info depth 12 seldepth 33 multipv 1 score cp -166 nodes 90985 nps 957736 hashfull 30 tbhits 0 time 95 pv e5d6 d8d6 e2e5 f5f3 e5h5 d6h6 b5e8 g8h7 h5h6 g7h6 e8e2 f3e2 e1e2 c7c5 e2e7 d3d2 e7f7 h7g6 f7a7 d2b2 g3g4 d5d4 a7d7 b2a2
[WORKER] 2026/03/06 14:41:32 worker.go:402: Получена строка от движка: info depth 12 seldepth 21 multipv 2 score cp -169 nodes 90985 nps 957736 hashfull 30 tbhits 0 time 95 pv b5a4 d6c5 e5c7 d3f3 c7f4 f5h3 e2e8 d8e8 e1e8 g8h7 a4c2 g7g6 f4e5 f3g3 e5g3 h3g3 g1f1 g3h3 f1g1 h3h4
[WORKER] 2026/03/06 14:41:32 worker.go:402: Получена строка от движка: info depth 12 seldepth 15 multipv 3 score cp -209 nodes 90985 nps 957736 hashfull 30 tbhits 0 time 95 pv a2a4 d6c5 e5f4 d3f3 g1g2 f3f4 e2e8 d8e8 b5e8 g8h7 g3f4 f5f4
[WORKER] 2026/03/06 14:41:33 worker.go:402: Получена строка от движка: info depth 13 seldepth 33 multipv 1 score cp -151 nodes 141399 nps 930256 hashfull 46 tbhits 0 time 152 pv e5d6 d8d6 e2e5 f5f3 e5h5 d6h6 h5h6 g7h6 b5c6 d3d2 e1f1 d2b2 a2a4 g8h7 c6c7 d5d4 c7e5 b2b4
[WORKER] 2026/03/06 14:41:33 worker.go:402: Получена строка от движка: info depth 13 seldepth 30 multipv 2 score cp -169 nodes 141399 nps 930256 hashfull 46 tbhits 0 time 152 pv b5a4 d6c5 e5c7 d3f3 c7f4 f5h3 e2e8 d8e8 e1e8 g8h7 a4c2 g7g6 f4e5 f3g3 e5g3 h3g3 g1f1
[WORKER] 2026/03/06 14:41:33 worker.go:402: Получена строка от движка: info depth 13 seldepth 23 multipv 3 score cp -215 nodes 141399 nps 930256 hashfull 46 tbhits 0 time 152 pv a2a4 c7c6 b5c6 d6b4 e5c3 b4c5 c3e5 d3f3 e5f4 f3f4 e2e8 g8h7
[WORKER] 2026/03/06 14:41:33 worker.go:402: Получена строка от движка: info depth 14 seldepth 34 multipv 1 score cp -144 nodes 197672 nps 936834 hashfull 67 tbhits 0 time 211 pv e5d6 d8d6 e2e5 f5f3 e5h5 d6h6 h5h6 g7h6 b5c6 d3d2 e1f1 d2b2 a2a4 f3a3
[WORKER] 2026/03/06 14:41:33 worker.go:402: Получена строка от движка: info depth 14 seldepth 18 multipv 2 score cp -177 nodes 197672 nps 936834 hashfull 67 tbhits 0 time 211 pv b5a4 d6c5 e5c7 d3f3 c7f4 f5g4 g1g2 g8h7 a4c2 g7g6 f4e5
[WORKER] 2026/03/06 14:41:33 worker.go:402: Получена строка от движка: info depth 14 seldepth 24 multipv 3 score cp -228 nodes 197672 nps 936834 hashfull 67 tbhits 0 time 211 pv b2b4 d5d4 b5c4 d8e8 c4c6 e8e5 e2e5 d6e5 c6e8 g8h7 e1e5
[WORKER] 2026/03/06 14:41:33 worker.go:402: Получена строка от движка: info depth 15 seldepth 32 multipv 1 score cp -161 nodes 324838 nps 938838 hashfull 114 tbhits 0 time 346 pv e5d6 d8d6 e2e5 f5f3 e5h5 d6h6 h5h6 g7h6 b5c6 d3d2 e1f1 d2b2 c6h6 c7c5 h6g5 g8h7 h4h5 b2b4 f1e1 b4g4 g5d8 g4d4 d8g5 c5c4 h5h6 d4g4 g5d8 g4g8 d8c7
[WORKER] 2026/03/06 14:41:33 worker.go:402: Получена строка от движка: info depth 15 seldepth 32 multipv 2 score cp -177 nodes 324838 nps 938838 hashfull 114 tbhits 0 time 346 pv b5a4 g8h7 e5d6 d8d6 e2e5 f5f3 a4c2 d5d4 e5h5 f3h5 c2d3 h5g6 d3f3 d6e6 e1e6 f7e6 f3b7 g6b1 g1g2
[WORKER] 2026/03/06 14:41:33 worker.go:402: Получена строка от движка: info depth 15 seldepth 22 multipv 3 score cp -224 nodes 324838 nps 938838 hashfull 114 tbhits 0 time 346 pv b5c6 d6b4 e5c3 b4c5 c6c7 g8h7 c3d2 d8e8 c7f4 f5f4 d2f4 e8e2 e1e2 f7f6 e2d2 d3d2 f4d2
[WORKER] 2026/03/06 15:01:33 worker.go:65: === Запуск worker ===
[WORKER] 2026/03/06 15:01:33 worker.go:79: Архетипы загружены успешно (всего: 11)
[WORKER] 2026/03/06 15:01:33 worker.go:99: Начинаем обработку матча test_match_001 с архетипами [attacker pragmatic]
[WORKER] 2026/03/06 15:01:33 worker.go:396: Создаем движок: C:\Users\yaros\Downloads\stockfish-windows-x86-64-avx2\stockfish\stockfish-windows-x86-64-avx2.exe
[WORKER] 2026/03/06 15:01:33 worker.go:409: Запускаем движок...
[WORKER] 2026/03/06 15:01:33 worker.go:442: Отправляем команду uci
[WORKER] 2026/03/06 15:01:33 worker.go:425: Запускаем goroutine для чтения вывода
[WORKER] 2026/03/06 15:01:33 worker.go:429: Получена строка от движка: Stockfish 18 by the Stockfish developers (see AUTHORS file)
[WORKER] 2026/03/06 15:01:33 worker.go:447: Ждем uciok...
[WORKER] 2026/03/06 15:01:33 worker.go:471: Ждем маркер: uciok
[WORKER] 2026/03/06 15:01:33 worker.go:476: Получена строка при ожидании: Stockfish 18 by the Stockfish developers (see AUTHORS file)
[WORKER] 2026/03/06 15:01:33 worker.go:429: Получена строка от движка: id name Stockfish 18
[WORKER] 2026/03/06 15:01:33 worker.go:429: Получена строка от движка: id author the Stockfish developers (see AUTHORS file)
[WORKER] 2026/03/06 15:01:33 worker.go:429: Получена строка от движка: 
[WORKER] 2026/03/06 15:01:33 worker.go:429: Получена строка от движка: option name Debug Log File type string default <empty>
[WORKER] 2026/03/06 15:01:33 worker.go:476: Получена строка при ожидании: id name Stockfish 18
[WORKER] 2026/03/06 15:01:33 worker.go:429: Получена строка от движка: option name NumaPolicy type string default auto
[WORKER] 2026/03/06 15:01:33 worker.go:476: Получена строка при ожидании: id author the Stockfish developers (see AUTHORS file)
[WORKER] 2026/03/06 15:01:33 worker.go:476: Получена строка при ожидании: 
[WORKER] 2026/03/06 15:01:33 worker.go:476: Получена строка при ожидании: option name Debug Log File type string default <empty>
[WORKER] 2026/03/06 15:01:33 worker.go:476: Получена строка при ожидании: option name NumaPolicy type string default auto
[WORKER] 2026/03/06 15:01:33 worker.go:429: Получена строка от движка: option name Threads type spin default 1 min 1 max 1024
[WORKER] 2026/03/06 15:01:33 worker.go:429: Получена строка от движка: option name Hash type spin default 16 min 1 max 33554432
[WORKER] 2026/03/06 15:01:33 worker.go:429: Получена строка от движка: option name Clear Hash type button
[WORKER] 2026/03/06 15:01:33 worker.go:476: Получена строка при ожидании: option name Threads type spin default 1 min 1 max 1024
[WORKER] 2026/03/06 15:01:33 worker.go:476: Получена строка при ожидании: option name Hash type spin default 16 min 1 max 33554432
[WORKER] 2026/03/06 15:01:33 worker.go:429: Получена строка от движка: option name Ponder type check default false
[WORKER] 2026/03/06 15:01:33 worker.go:429: Получена строка от движка: option name MultiPV type spin default 1 min 1 max 256
[WORKER] 2026/03/06 15:01:33 worker.go:429: Получена строка от движка: option name Skill Level type spin default 20 min 0 max 20
[WORKER] 2026/03/06 15:01:33 worker.go:476: Получена строка при ожидании: option name Clear Hash type button
[WORKER] 2026/03/06 15:01:33 worker.go:476: Получена строка при ожидании: option name Ponder type check default false
[WORKER] 2026/03/06 15:01:33 worker.go:476: Получена строка при ожидании: option name MultiPV type spin default 1 min 1 max 256
[WORKER] 2026/03/06 15:01:33 worker.go:476: Получена строка при ожидании: option name Skill Level type spin default 20 min 0 max 20
[WORKER] 2026/03/06 15:01:33 worker.go:429: Получена строка от движка: option name Move Overhead type spin default 10 min 0 max 5000
[WORKER] 2026/03/06 15:01:33 worker.go:429: Получена строка от движка: option name nodestime type spin default 0 min 0 max 10000
[WORKER] 2026/03/06 15:01:33 worker.go:476: Получена строка при ожидании: option name Move Overhead type spin default 10 min 0 max 5000
[WORKER] 2026/03/06 15:01:33 worker.go:476: Получена строка при ожидании: option name nodestime type spin default 0 min 0 max 10000
[WORKER] 2026/03/06 15:01:33 worker.go:429: Получена строка от движка: option name UCI_Chess960 type check default false
[WORKER] 2026/03/06 15:01:33 worker.go:429: Получена строка от движка: option name UCI_LimitStrength type check default false
[WORKER] 2026/03/06 15:01:33 worker.go:476: Получена строка при ожидании: option name UCI_Chess960 type check default false
[WORKER] 2026/03/06 15:01:33 worker.go:476: Получена строка при ожидании: option name UCI_LimitStrength type check default false
[WORKER] 2026/03/06 15:01:33 worker.go:429: Получена строка от движка: option name UCI_Elo type spin default 1320 min 1320 max 3190
[WORKER] 2026/03/06 15:01:33 worker.go:429: Получена строка от движка: option name UCI_ShowWDL type check default false
[WORKER] 2026/03/06 15:01:33 worker.go:476: Получена строка при ожидании: option name UCI_Elo type spin default 1320 min 1320 max 3190
[WORKER] 2026/03/06 15:01:33 worker.go:476: Получена строка при ожидании: option name UCI_ShowWDL type check default false
[WORKER] 2026/03/06 15:01:33 worker.go:429: Получена строка от движка: option name SyzygyPath type string default <empty>
[WORKER] 2026/03/06 15:01:33 worker.go:429: Получена строка от движка: option name SyzygyProbeDepth type spin default 1 min 1 max 100
[WORKER] 2026/03/06 15:01:33 worker.go:429: Получена строка от движка: option name Syzygy50MoveRule type check default true
[WORKER] 2026/03/06 15:01:33 worker.go:429: Получена строка от движка: option name SyzygyProbeLimit type spin default 7 min 0 max 7
[WORKER] 2026/03/06 15:01:33 worker.go:476: Получена строка при ожидании: option name SyzygyPath type string default <empty>
[WORKER] 2026/03/06 15:01:33 worker.go:476: Получена строка при ожидании: option name SyzygyProbeDepth type spin default 1 min 1 max 100
[WORKER] 2026/03/06 15:01:33 worker.go:476: Получена строка при ожидании: option name Syzygy50MoveRule type check default true
[WORKER] 2026/03/06 15:01:33 worker.go:476: Получена строка при ожидании: option name SyzygyProbeLimit type spin default 7 min 0 max 7
[WORKER] 2026/03/06 15:01:33 worker.go:429: Получена строка от движка: option name EvalFile type string default nn-c288c895ea92.nnue
[WORKER] 2026/03/06 15:01:33 worker.go:429: Получена строка от движка: option name EvalFileSmall type string default nn-37f18f62d772.nnue
[WORKER] 2026/03/06 15:01:33 worker.go:429: Получена строка от движка: uciok
[WORKER] 2026/03/06 15:01:33 worker.go:476: Получена строка при ожидании: option name EvalFile type string default nn-c288c895ea92.nnue
[WORKER] 2026/03/06 15:01:33 worker.go:476: Получена строка при ожидании: option name EvalFileSmall type string default nn-37f18f62d772.nnue
[WORKER] 2026/03/06 15:01:33 worker.go:476: Получена строка при ожидании: uciok
[WORKER] 2026/03/06 15:01:33 worker.go:478: Найден маркер: uciok
[WORKER] 2026/03/06 15:01:33 worker.go:453: Получен uciok
[WORKER] 2026/03/06 15:01:33 worker.go:456: Настраиваем MultiPV
[WORKER] 2026/03/06 15:01:33 worker.go:459: Движок успешно инициализирован
[WORKER] 2026/03/06 15:01:33 worker.go:139: Начинаем обработку 86 полуходов. EngPath: C:\Users\yaros\Downloads\stockfish-windows-x86-64-avx2\stockfish\stockfish-windows-x86-64-avx2.exe
[WORKER] 2026/03/06 15:01:33 worker.go:429: Получена строка от движка: info string Available processors: 0-11
[WORKER] 2026/03/06 15:01:33 worker.go:429: Получена строка от движка: info string Using 1 thread
[WORKER] 2026/03/06 15:01:33 worker.go:429: Получена строка от движка: info string NNUE evaluation using nn-c288c895ea92.nnue (125MiB, (102384, 1024, 15, 32, 1))
[WORKER] 2026/03/06 15:01:33 worker.go:429: Получена строка от движка: info string NNUE evaluation using nn-37f18f62d772.nnue (6MiB, (22528, 128, 15, 32, 1))
[WORKER] 2026/03/06 15:01:33 worker.go:429: Получена строка от движка: info string Network replica 1: Shared memory.
[WORKER] 2026/03/06 15:01:33 worker.go:429: Получена строка от движка: info depth 1 seldepth 2 multipv 1 score cp -1 nodes 71 nps 71000 hashfull 0 tbhits 0 time 1 pv e2e4
[WORKER] 2026/03/06 15:01:33 worker.go:429: Получена строка от движка: info depth 1 seldepth 2 multipv 2 score cp -2 nodes 71 nps 71000 hashfull 0 tbhits 0 time 1 pv c2c3
[WORKER] 2026/03/06 15:01:33 worker.go:429: Получена строка от движка: info depth 1 seldepth 2 multipv 3 score cp -2 nodes 71 nps 71000 hashfull 0 tbhits 0 time 1 pv d2d4
[WORKER] 2026/03/06 15:01:33 worker.go:429: Получена строка от движка: info depth 2 seldepth 3 multipv 1 score cp 27 nodes 149 nps 149000 hashfull 0 tbhits 0 time 1 pv e2e4
[WORKER] 2026/03/06 15:01:33 worker.go:429: Получена строка от движка: info depth 2 seldepth 3 multipv 2 score cp 23 nodes 149 nps 149000 hashfull 0 tbhits 0 time 1 pv d2d4
[WORKER] 2026/03/06 15:01:33 worker.go:429: Получена строка от движка: info depth 2 seldepth 3 multipv 3 score cp 16 nodes 149 nps 149000 hashfull 0 tbhits 0 time 1 pv c2c3
[WORKER] 2026/03/06 15:01:33 worker.go:429: Получена строка от движка: info depth 3 seldepth 4 multipv 1 score cp 44 nodes 342 nps 171000 hashfull 0 tbhits 0 time 2 pv e2e4
[WORKER] 2026/03/06 15:01:33 worker.go:429: Получена строка от движка: info depth 3 seldepth 5 multipv 2 score cp 29 nodes 342 nps 171000 hashfull 0 tbhits 0 time 2 pv c2c3
[WORKER] 2026/03/06 15:01:33 worker.go:429: Получена строка от движка: info depth 3 seldepth 4 multipv 3 score cp 28 nodes 342 nps 171000 hashfull 0 tbhits 0 time 2 pv d2d4 d7d5 c2c3
[WORKER] 2026/03/06 15:01:33 worker.go:429: Получена строка от движка: info depth 4 seldepth 5 multipv 1 score cp 55 nodes 1166 nps 291500 hashfull 0 tbhits 0 time 4 pv e2e4
[WORKER] 2026/03/06 15:01:33 worker.go:429: Получена строка от движка: info depth 4 seldepth 8 multipv 2 score cp 31 nodes 1166 nps 291500 hashfull 0 tbhits 0 time 4 pv d2d4 d7d5 b1d2
[WORKER] 2026/03/06 15:01:33 worker.go:429: Получена строка от движка: info depth 4 seldepth 6 multipv 3 score cp 29 nodes 1166 nps 291500 hashfull 0 tbhits 0 time 4 pv g2g3 d7d5 c2c3 c8f5
[WORKER] 2026/03/06 15:01:33 worker.go:429: Получена строка от движка: info depth 5 seldepth 9 multipv 1 score cp 61 nodes 2990 nps 498333 hashfull 1 tbhits 0 time 6 pv e2e4 d7d5 e4d5 d8d5
[WORKER] 2026/03/06 15:01:33 worker.go:429: Получена строка от движка: info depth 5 seldepth 9 multipv 2 score cp 27 nodes 2990 nps 498333 hashfull 1 tbhits 0 time 6 pv d2d4 d7d5 b1d2 c8f5 c2c3
[WORKER] 2026/03/06 15:01:33 worker.go:429: Получена строка от движка: info depth 5 seldepth 7 multipv 3 score cp 18 nodes 2990 nps 498333 hashfull 1 tbhits 0 time 6 pv g1f3 d7d5 d2d4 c8f5
[WORKER] 2026/03/06 15:01:33 worker.go:429: Получена строка от движка: info depth 6 seldepth 8 multipv 1 score cp 54 nodes 4104 nps 684000 hashfull 1 tbhits 0 time 6 pv e2e4 c7c6 d2d4 d7d5 b1d2 d5e4 d2e4
[WORKER] 2026/03/06 15:01:33 worker.go:429: Получена строка от движка: info depth 6 seldepth 8 multipv 2 score cp 25 nodes 4104 nps 586285 hashfull 1 tbhits 0 time 7 pv d2d4 d7d5 b1d2 c8f5 c2c3 b8d7
[WORKER] 2026/03/06 15:01:33 worker.go:429: Получена строка от движка: info depth 6 seldepth 7 multipv 3 score cp 16 nodes 4104 nps 586285 hashfull 1 tbhits 0 time 7 pv g1f3 d7d5 d2d4 b8d7
[WORKER] 2026/03/06 15:01:33 worker.go:429: Получена строка от движка: info depth 7 seldepth 8 multipv 1 score cp 54 nodes 6458 nps 717555 hashfull 1 tbhits 0 time 9 pv e2e4 c7c6 d2d4 d7d5 b1d2 d5e4 d2e4
[WORKER] 2026/03/06 15:01:33 worker.go:429: Получена строка от движка: info depth 7 seldepth 11 multipv 2 score cp 27 nodes 6458 nps 717555 hashfull 1 tbhits 0 time 9 pv d2d4 d7d5 c2c3 c7c6 c1f4
[WORKER] 2026/03/06 15:01:33 worker.go:429: Получена строка от движка: info depth 7 seldepth 9 multipv 3 score cp 20 nodes 6458 nps 717555 hashfull 1 tbhits 0 time 9 pv g2g3 e7e5 d2d4 e5d4 d1d4
[WORKER] 2026/03/06 15:01:33 worker.go:429: Получена строка от движка: info depth 8 seldepth 11 multipv 1 score cp 50 nodes 14461 nps 657318 hashfull 2 tbhits 0 time 22 pv e2e4 e7e5 g1f3 g8f6 f3e5 f6e4 f1c4
[WORKER] 2026/03/06 15:01:33 worker.go:429: Получена строка от движка: info depth 8 seldepth 13 multipv 2 score cp 22 nodes 14461 nps 657318 hashfull 2 tbhits 0 time 22 pv d2d4 d7d5 c2c4 e7e6 g1f3 g8f6 b1c3 d5c4
[WORKER] 2026/03/06 15:01:33 worker.go:429: Получена строка от движка: info depth 8 seldepth 12 multipv 3 score cp 22 nodes 14461 nps 657318 hashfull 2 tbhits 0 time 22 pv c2c4 e7e5 b1c3 b8c6 g1f3 f8b4
[WORKER] 2026/03/06 15:01:33 worker.go:429: Получена строка от движка: info depth 9 seldepth 17 multipv 1 score cp 47 nodes 31451 nps 698911 hashfull 8 tbhits 0 time 45 pv e2e4 e7e5 g1f3 b8c6 f1b5 g8e7 b1c3 a7a6 b5c6 e7c6
[WORKER] 2026/03/06 15:01:33 worker.go:429: Получена строка от движка: info depth 9 seldepth 17 multipv 2 score cp 33 nodes 31451 nps 698911 hashfull 8 tbhits 0 time 45 pv d2d4 d7d5 c2c4 e7e6 b1c3 f8e7 g1f3 g8f6 c1g5 d5c4
[WORKER] 2026/03/06 15:01:33 worker.go:429: Получена строка от движка: info depth 9 seldepth 13 multipv 3 score cp 20 nodes 31451 nps 698911 hashfull 8 tbhits 0 time 45 pv c2c4 e7e5 b1c3 b8c6 g1f3 f8b4 d2d4 e5d4 f3d4
[WORKER] 2026/03/06 15:01:33 worker.go:429: Получена строка от движка: info depth 10 seldepth 17 multipv 1 score cp 45 nodes 45496 nps 699938 hashfull 10 tbhits 0 time 65 pv e2e4 c7c5 g1f3 e7e6 b1c3 b8c6 d2d4 c5d4 f3d4 g8f6 d4c6 b7c6
[WORKER] 2026/03/06 15:01:33 worker.go:429: Получена строка от движка: info depth 10 seldepth 18 multipv 2 score cp 37 nodes 45496 nps 699938 hashfull 10 tbhits 0 time 65 pv d2d4 d7d5 c2c4 e7e6 b1c3 f8e7 g1f3 g8f6 c4d5 e6d5 c1f4 e8g8
[WORKER] 2026/03/06 15:01:33 worker.go:429: Получена строка от движка: info depth 10 seldepth 13 multipv 3 score cp 23 nodes 45496 nps 699938 hashfull 10 tbhits 0 time 65 pv c2c4 e7e5 b1c3 b8c6 g1f3 f8b4 d2d4 e5d4 f3d4 g8f6
[WORKER] 2026/03/06 15:01:33 worker.go:429: Получена строка от движка: info depth 11 seldepth 17 multipv 1 score cp 46 nodes 78287 nps 705288 hashfull 23 tbhits 0 time 111 pv e2e4 c7c5 g1f3 e7e6 b1c3 b8c6 d2d4 c5d4 f3d4 g8f6 d4c6 d7c6 d1d8 e8d8 c1f4 f8b4
[WORKER] 2026/03/06 15:01:33 worker.go:429: Получена строка от движка: info depth 11 seldepth 23 multipv 2 score cp 36 nodes 78287 nps 705288 hashfull 23 tbhits 0 time 111 pv d2d4 g8f6 c2c4 e7e6 g1f3 d7d5 c1g5 h7h6 g5f6 d8f6 e2e3 f8b4 b1c3
[WORKER] 2026/03/06 15:01:33 worker.go:429: Получена строка от движка: info depth 11 seldepth 20 multipv 3 score cp 23 nodes 78287 nps 705288 hashfull 23 tbhits 0 time 111 pv e2e3 e7e5 d2d4 e5d4 e3d4 d7d5 g1f3
[WORKER] 2026/03/06 15:01:33 worker.go:429: Получена строка от движка: info depth 12 seldepth 16 multipv 1 score cp 46 nodes 98598 nps 644431 hashfull 29 tbhits 0 time 153 pv e2e4 c7c5 g1f3 e7e6 b1c3 b8c6 d2d4 c5d4 f3d4 g8f6 d4c6 d7c6 d1d8 e8d8 c1f4
[WORKER] 2026/03/06 15:01:33 worker.go:429: Получена строка от движка: info depth 12 seldepth 23 multipv 2 score cp 36 nodes 98598 nps 644431 hashfull 29 tbhits 0 time 153 pv d2d4 g8f6 c2c4 e7e6 g1f3 d7d5 c1g5 f8e7 b1c3 h7h6 g5f6 e7f6 c4d5 e6d5 e2e3 e8g8
[WORKER] 2026/03/06 15:01:33 worker.go:429: Получена строка от движка: info depth 12 seldepth 15 multipv 3 score cp 30 nodes 98598 nps 644431 hashfull 29 tbhits 0 time 153 pv g1f3 d7d5 d2d4 c8f5 c2c4 c7c6 b1c3 e7e6 c1g5 g8f6 e2e3 f8d6
[WORKER] 2026/03/06 15:01:33 worker.go:429: Получена строка от движка: info depth 13 seldepth 22 multipv 1 score cp 44 nodes 142394 nps 608521 hashfull 42 tbhits 0 time 234 pv e2e4 e7e5 g1f3 g8f6 f3e5 f6e4 d2d4 d7d5 f1d3 f8d6 e1g1
[WORKER] 2026/03/06 15:01:33 worker.go:429: Получена строка от движка: info depth 13 seldepth 22 multipv 2 score cp 35 nodes 142394 nps 605931 hashfull 42 tbhits 0 time 235 pv d2d4 g8f6 c2c4 e7e6 g1f3 d7d5 b1c3 f8e7 c1g5 h7h6 g5f6 e7f6 e2e3 c7c6
[WORKER] 2026/03/06 15:01:33 worker.go:429: Получена строка от движка: info depth 13 seldepth 15 multipv 3 score cp 33 nodes 142394 nps 605931 hashfull 42 tbhits 0 time 235 pv g1f3 d7d5 d2d4 g8f6 c2c4 e7e6 c1g5 f8e7 b1c3 h7h6 g5f4 e8g8
[WORKER] 2026/03/06 15:01:34 worker.go:429: Получена строка от движка: info depth 14 seldepth 21 multipv 1 score cp 44 nodes 158371 nps 628456 hashfull 46 tbhits 0 time 252 pv e2e4 e7e5 g1f3 b8c6 d2d4 e5d4 f3d4 g8f6 d4c6 d7c6 d1d8 e8d8 f2f3 c8e6 c1e3 f6d7 b1d2 f8c5 e3c5 d7c5
[WORKER] 2026/03/06 15:01:34 worker.go:429: Получена строка от движка: info depth 14 seldepth 21 multipv 2 score cp 34 nodes 158371 nps 628456 hashfull 46 tbhits 0 time 252 pv d2d4 g8f6 c2c4 e7e6 g1f3 b7b6 a2a3 c8a6 b1d2 d7d5 c4d5 e6d5 b2b3 f8e7
[WORKER] 2026/03/06 15:01:34 worker.go:429: Получена строка от движка: info depth 14 seldepth 22 multipv 3 score cp 34 nodes 158371 nps 628456 hashfull 46 tbhits 0 time 252 pv g1f3 d7d5 d2d4 g8f6 c2c4 e7e6 b1c3 c7c5 c4d5 c5d4 d1d4
[WORKER] 2026/03/06 15:01:34 worker.go:429: Получена строка от движка: info depth 15 seldepth 23 multipv 1 score cp 45 nodes 185795 nps 649632 hashfull 53 tbhits 0 time 286 pv e2e4 e7e5 g1f3 b8c6 d2d4 e5d4 f3d4 g8f6 d4c6 b7c6 f1d3 f8d6 b1d2 e8g8 e1g1 f8e8 f2f4 d6c5 g1h1
[WORKER] 2026/03/06 15:01:34 worker.go:429: Получена строка от движка: info depth 15 seldepth 22 multipv 2 score cp 34 nodes 185795 nps 649632 hashfull 53 tbhits 0 time 286 pv d2d4 g8f6 c2c4 e7e6 g1f3 d7d5 c1g5 f8e7 b1c3 h7h6 g5f6 e7f6 e2e3 e8g8 a1c1 c7c6 f1d3 d5c4 d3c4 b7b5 c4b3
[WORKER] 2026/03/06 15:01:34 worker.go:429: Получена строка от движка: info depth 15 seldepth 25 multipv 3 score cp 34 nodes 185795 nps 649632 hashfull 53 tbhits 0 time 286 pv g1f3 d7d5 d2d4 g8f6 c2c4 e7e6 c1g5 f8e7 b1c3 h7h6 g5f6 e7f6 e2e3 e8g8 a1c1 c7c6 f1d3 d5c4
[WORKER] 2026/03/06 15:01:34 worker.go:429: Получена строка от движка: info depth 16 seldepth 30 multipv 1 score cp 50 nodes 295244 nps 681856 hashfull 101 tbhits 0 time 433 pv e2e4 c7c6 d2d4 d7d5 b1c3 d5e4 c3e4 g8f6 e4g3 c8g4 d1d3 e7e6
[WORKER] 2026/03/06 15:01:34 worker.go:429: Получена строка от движка: info depth 16 seldepth 28 multipv 2 score cp 32 nodes 295244 nps 681856 hashfull 101 tbhits 0 time 433 pv d2d4 g8f6 c2c4 e7e6 g1f3 d7d5 c1g5 f8e7 e2e3 e8g8 b1c3 h7h6 g5f6 e7f6 a1c1 b7b6
[WORKER] 2026/03/06 15:01:34 worker.go:429: Получена строка от движка: info depth 16 seldepth 28 multipv 3 score cp 31 nodes 295244 nps 681856 hashfull 101 tbhits 0 time 433 pv g1f3 d7d5 d2d4 g8f6 c2c4 e7e6 c1g5 f8e7 e2e3 h7h6 g5h4 e8g8 b1c3 f6e4 h4e7 d8e7 d1c2 e4c3 c2c3 d5c4 f1c4 c7c5 d4c5 e7c5
[WORKER] 2026/03/06 15:01:34 worker.go:429: Получена строка от движка: bestmove e2e4 ponder c7c6
[WORKER] 2026/03/06 15:01:38 worker.go:553: Анализ позиции: 0 тактических ходов из 20 возможных
[WORKER] 2026/03/06 15:01:38 worker.go:179: Полуход 1. Ход белых: 0.3 сек (оценка: 50)
[WORKER] 2026/03/06 15:01:38 worker.go:429: Получена строка от движка: info string Available processors: 0-11
[WORKER] 2026/03/06 15:01:38 worker.go:429: Получена строка от движка: info string Using 1 thread
[WORKER] 2026/03/06 15:01:38 worker.go:429: Получена строка от движка: info string NNUE evaluation using nn-c288c895ea92.nnue (125MiB, (102384, 1024, 15, 32, 1))
[WORKER] 2026/03/06 15:01:38 worker.go:429: Получена строка от движка: info string NNUE evaluation using nn-37f18f62d772.nnue (6MiB, (22528, 128, 15, 32, 1))
[WORKER] 2026/03/06 15:01:38 worker.go:429: Получена строка от движка: info string Network replica 1: Shared memory.
[WORKER] 2026/03/06 15:01:38 worker.go:429: Получена строка от движка: info depth 1 seldepth 4 multipv 1 score cp -37 nodes 68 nps 68000 hashfull 0 tbhits 0 time 1 pv g8f6
[WORKER] 2026/03/06 15:01:38 worker.go:429: Получена строка от движка: info depth 1 seldepth 2 multipv 2 score cp -39 nodes 68 nps 68000 hashfull 0 tbhits 0 time 1 pv e7e5
[WORKER] 2026/03/06 15:01:38 worker.go:429: Получена строка от движка: info depth 1 seldepth 2 multipv 3 score cp -48 nodes 68 nps 68000 hashfull 0 tbhits 0 time 1 pv c7c6
[WORKER] 2026/03/06 15:01:38 worker.go:429: Получена строка от движка: info depth 2 seldepth 5 multipv 1 score cp -43 nodes 262 nps 262000 hashfull 0 tbhits 0 time 1 pv e7e5 g1f3
[WORKER] 2026/03/06 15:01:38 worker.go:429: Получена строка от движка: info depth 2 seldepth 3 multipv 2 score cp -49 nodes 262 nps 262000 hashfull 0 tbhits 0 time 1 pv c7c6
[WORKER] 2026/03/06 15:01:38 worker.go:429: Получена строка от движка: info depth 2 seldepth 5 multipv 3 score cp -60 nodes 262 nps 262000 hashfull 0 tbhits 0 time 1 pv g7g6
[WORKER] 2026/03/06 15:01:38 worker.go:429: Получена строка от движка: info depth 3 seldepth 6 multipv 1 score cp -47 nodes 481 nps 481000 hashfull 0 tbhits 0 time 1 pv c7c6 d2d4 d7d5 b1c3
[WORKER] 2026/03/06 15:01:38 worker.go:429: Получена строка от движка: info depth 3 seldepth 6 multipv 2 score cp -50 nodes 481 nps 481000 hashfull 0 tbhits 0 time 1 pv e7e6 d2d4 d7d5 b1c3
[WORKER] 2026/03/06 15:01:38 worker.go:429: Получена строка от движка: info depth 3 seldepth 4 multipv 3 score cp -55 nodes 481 nps 481000 hashfull 0 tbhits 0 time 1 pv e7e5 g1f3 b8c6
[WORKER] 2026/03/06 15:01:38 worker.go:429: Получена строка от движка: info depth 4 seldepth 6 multipv 1 score cp -47 nodes 576 nps 576000 hashfull 0 tbhits 0 time 1 pv c7c6 d2d4 d7d5 b1c3
[WORKER] 2026/03/06 15:01:38 worker.go:429: Получена строка от движка: info depth 4 seldepth 6 multipv 2 score cp -50 nodes 576 nps 576000 hashfull 0 tbhits 0 time 1 pv e7e6 d2d4 d7d5 b1c3
[WORKER] 2026/03/06 15:01:38 worker.go:429: Получена строка от движка: info depth 4 seldepth 5 multipv 3 score cp -52 nodes 576 nps 576000 hashfull 0 tbhits 0 time 1 pv e7e5 g1f3 b8c6 f1b5
[WORKER] 2026/03/06 15:01:38 worker.go:429: Получена строка от движка: info depth 5 seldepth 10 multipv 1 score cp -50 nodes 1325 nps 1325000 hashfull 0 tbhits 0 time 1 pv e7e6 d2d4 d7d5 b1c3 g8f6
[WORKER] 2026/03/06 15:01:38 worker.go:429: Получена строка от движка: info depth 5 seldepth 9 multipv 2 score cp -52 nodes 1325 nps 1325000 hashfull 0 tbhits 0 time 1 pv e7e5 g1f3 b8c6 f1b5
[WORKER] 2026/03/06 15:01:38 worker.go:429: Получена строка от движка: info depth 5 seldepth 7 multipv 3 score cp -60 nodes 1325 nps 1325000 hashfull 0 tbhits 0 time 1 pv c7c6 d2d4 d7d5 b1c3 d5e4 c3e4
[WORKER] 2026/03/06 15:01:38 worker.go:429: Получена строка от движка: info depth 6 seldepth 10 multipv 1 score cp -47 nodes 1644 nps 1644000 hashfull 0 tbhits 0 time 1 pv e7e6 d2d4 d7d5 b1c3 d5e4 c3e4 g8f6 e4f6 d8f6
[WORKER] 2026/03/06 15:01:38 worker.go:429: Получена строка от движка: info depth 6 seldepth 10 multipv 2 score cp -50 nodes 1644 nps 1644000 hashfull 0 tbhits 0 time 1 pv e7e5 g1f3 b8c6 f1b5 f8d6 d2d4 e5d4 f3d4
[WORKER] 2026/03/06 15:01:38 worker.go:429: Получена строка от движка: info depth 6 seldepth 7 multipv 3 score cp -59 nodes 1644 nps 1644000 hashfull 0 tbhits 0 time 1 pv c7c6 d2d4 d7d5 b1c3 e7e6
[WORKER] 2026/03/06 15:01:38 worker.go:429: Получена строка от движка: info depth 7 seldepth 10 multipv 1 score cp -47 nodes 1870 nps 1870000 hashfull 0 tbhits 0 time 1 pv e7e6 d2d4 d7d5 b1c3 d5e4 c3e4 g8f6
[WORKER] 2026/03/06 15:01:38 worker.go:429: Получена строка от движка: info depth 7 seldepth 11 multipv 2 score cp -48 nodes 1870 nps 1870000 hashfull 0 tbhits 0 time 1 pv c7c6 d2d4 d7d5 b1c3 d5e4 c3e4
[WORKER] 2026/03/06 15:01:38 worker.go:429: Получена строка от движка: info depth 7 seldepth 10 multipv 3 score cp -50 nodes 1870 nps 1870000 hashfull 0 tbhits 0 time 1 pv e7e5 g1f3 b8c6 f1b5 f8d6 d2d4 e5d4 f3d4
[WORKER] 2026/03/06 15:01:38 worker.go:429: Получена строка от движка: info depth 8 seldepth 21 multipv 1 score cp -43 nodes 8885 nps 888500 hashfull 2 tbhits 0 time 10 pv c7c6 d2d4 d7d5 b1c3 d5e4 c3e4 g8f6 e4f6 e7f6
[WORKER] 2026/03/06 15:01:38 worker.go:429: Получена строка от движка: info depth 8 seldepth 14 multipv 2 score cp -48 nodes 8885 nps 888500 hashfull 2 tbhits 0 time 10 pv e7e6 d2d4 d7d5 b1c3 g8f6 c1g5
[WORKER] 2026/03/06 15:01:38 worker.go:429: Получена строка от движка: info depth 8 seldepth 18 multipv 3 score cp -54 nodes 8885 nps 888500 hashfull 2 tbhits 0 time 10 pv e7e5 g1f3 b8c6 f1b5 a7a6 b5a4 g8f6 e1g1 b7b5 a4b3 c8b7
[WORKER] 2026/03/06 15:01:38 worker.go:429: Получена строка от движка: info depth 9 seldepth 16 multipv 1 score cp -44 nodes 9855 nps 895909 hashfull 2 tbhits 0 time 11 pv c7c6 d2d4 d7d5 e4d5 c6d5 g1f3 g8f6 c2c4 e7e6 c4c5
[WORKER] 2026/03/06 15:01:38 worker.go:429: Получена строка от движка: info depth 9 seldepth 13 multipv 2 score cp -45 nodes 9855 nps 895909 hashfull 2 tbhits 0 time 11 pv e7e6 d2d4 d7d5 b1c3 g8f6 e4e5 f6d7 g1f3
[WORKER] 2026/03/06 15:01:38 worker.go:429: Получена строка от движка: info depth 9 seldepth 19 multipv 3 score cp -53 nodes 9855 nps 895909 hashfull 2 tbhits 0 time 11 pv e7e5 g1f3 b8c6 f1b5 a7a6 b5a4 g8f6 e1g1 b7b5 a4b3 c8b7 f1e1 f8c5 c2c3 d7d6
[WORKER] 2026/03/06 15:01:38 worker.go:429: Получена строка от движка: info depth 10 seldepth 11 multipv 1 score cp -42 nodes 17312 nps 865600 hashfull 5 tbhits 0 time 20 pv e7e6 d2d4 d7d5 b1c3 g8f6 c1g5 d5e4
[WORKER] 2026/03/06 15:01:38 worker.go:429: Получена строка от движка: info depth 10 seldepth 18 multipv 2 score cp -46 nodes 17312 nps 865600 hashfull 5 tbhits 0 time 20 pv c7c6 d2d4 d7d5 b1c3 d5e4 c3e4 g8f6 e4g3 c8g4 d1d3 g7g6 h2h3 g4e6 g1f3 f8g7 f1e2 e8g8
[WORKER] 2026/03/06 15:01:38 worker.go:429: Получена строка от движка: info depth 10 seldepth 27 multipv 3 score cp -53 nodes 17312 nps 865600 hashfull 5 tbhits 0 time 20 pv e7e5 g1f3 b8c6 f1b5 a7a6 b5a4 b7b5 a4b3 c8b7 e1g1 g8f6 f1e1 f8c5 c2c3 d7d6 d2d4 c5b6 c1g5
[WORKER] 2026/03/06 15:01:38 worker.go:429: Получена строка от движка: info depth 11 seldepth 17 multipv 1 score cp -40 nodes 25207 nps 869206 hashfull 7 tbhits 0 time 29 pv e7e6 b1c3 d7d5 d2d4 g8f6 e4e5 f6d7 c3e2 c7c5 g1f3 f8e7 c2c3 c5d4
[WORKER] 2026/03/06 15:01:38 worker.go:429: Получена строка от движка: info depth 11 seldepth 17 multipv 2 score cp -42 nodes 25207 nps 869206 hashfull 7 tbhits 0 time 29 pv c7c6 d2d4 d7d5 e4e5 c8f5 h2h4 h7h5 f1d3 f5d3 d1d3 e7e6 g1f3 c6c5 e1g1 b8c6
[WORKER] 2026/03/06 15:01:38 worker.go:429: Получена строка от движка: info depth 11 seldepth 29 multipv 3 score cp -44 nodes 25207 nps 869206 hashfull 7 tbhits 0 time 29 pv e7e5 g1f3 b8c6 f1b5 a7a6 b5a4 b7b5 a4b3 c8b7 c2c3
[WORKER] 2026/03/06 15:01:38 worker.go:429: Получена строка от движка: info depth 12 seldepth 24 multipv 1 score cp -38 nodes 60253 nps 836847 hashfull 23 tbhits 0 time 72 pv e7e6 d2d4 d7d5 b1c3 g8f6 e4e5 f6d7 c3e2 c7c5 g1f3 d8b6 c2c3
[WORKER] 2026/03/06 15:01:38 worker.go:429: Получена строка от движка: info depth 12 seldepth 24 multipv 2 score cp -44 nodes 60253 nps 836847 hashfull 23 tbhits 0 time 72 pv c7c6 d2d4 d7d5 e4e5 c8f5 g2g4 f5g6 h2h4 h7h5 e5e6 h5g4 d1g4 g8f6 g4g3 g6c2 e6f7 e8f7 g1f3 f7g8
[WORKER] 2026/03/06 15:01:38 worker.go:429: Получена строка от движка: info depth 12 seldepth 29 multipv 3 score cp -44 nodes 60253 nps 836847 hashfull 23 tbhits 0 time 72 pv e7e5 g1f3 b8c6 f1b5 a7a6 b5a4 b7b5 a4b3 g8f6 e1g1 c8b7 f1e1 f8c5 c2c3 d7d6 d2d4 c5b6 c1g5 e8g8 a2a4 e5d4 c3d4 h7h6
[WORKER] 2026/03/06 15:01:38 worker.go:429: Получена строка от движка: info depth 13 seldepth 24 multipv 1 score cp -36 nodes 127752 nps 798450 hashfull 44 tbhits 0 time 160 pv e7e6 d2d4 d7d5 e4e5 c7c5 c2c3 d8b6 g1f3 b8c6 f1e2 c5d4 c3d4 g8e7 e1g1
[WORKER] 2026/03/06 15:01:38 worker.go:429: Получена строка от движка: info depth 13 seldepth 28 multipv 2 score cp -39 nodes 127752 nps 798450 hashfull 44 tbhits 0 time 160 pv c7c6 d2d4 d7d5 e4e5 c8f5 b1c3 e7e6 g2g4 f5g6 g1e2 c6c5 h2h4 h7h6
[WORKER] 2026/03/06 15:01:38 worker.go:429: Получена строка от движка: info depth 13 seldepth 23 multipv 3 score cp -44 nodes 127752 nps 798450 hashfull 44 tbhits 0 time 160 pv e7e5 g1f3 b8c6 f1b5 a7a6 b5a4 b7b5 a4b3 g8f6 e1g1 c8b7 f1e1 f8c5 c2c3 d7d6 d2d4 c5b6 c1g5 e8g8 a2a4 e5d4 c3d4
[WORKER] 2026/03/06 15:01:39 worker.go:429: Получена строка от движка: info depth 14 seldepth 25 multipv 1 score cp -36 nodes 371110 nps 782932 hashfull 135 tbhits 0 time 474 pv c7c6 d2d4 d7d5 b1c3 d5e4 c3e4 g8f6 e4g3 c6c5 d4c5 d8d1 e1d1 e7e6 c1e3
[WORKER] 2026/03/06 15:01:39 worker.go:429: Получена строка от движка: info depth 14 seldepth 26 multipv 2 score cp -37 nodes 371110 nps 782932 hashfull 135 tbhits 0 time 474 pv e7e6 d2d4 d7d5 b1c3 g8f6 e4e5 f6d7 c3e2 c7c5 g1f3 b8c6 c2c3 c5d4 c3d4 f8b4 e2c3 e8g8 a2a3
[WORKER] 2026/03/06 15:01:39 worker.go:429: Получена строка от движка: info depth 14 seldepth 27 multipv 3 score cp -47 nodes 371110 nps 782932 hashfull 135 tbhits 0 time 474 pv e7e5 g1f3 b8c6 f1b5 a7a6 b5a4 f8e7 b1c3 b7b5 a4b3 g8f6 e1g1 c8b7 c3d5 e8g8 f1e1 c6a5 d5e7 d8e7 d2d4
[WORKER] 2026/03/06 15:01:39 worker.go:429: Получена строка от движка: info depth 15 seldepth 28 multipv 1 score cp -32 nodes 577354 nps 795253 hashfull 204 tbhits 0 time 726 pv e7e6 d2d4 d7d5 e4e5 c7c5 c2c3 b8c6 g1f3 c8d7 a2a3 c5c4 f1e2 c6a5 b1d2 g8e7 e1g1
[WORKER] 2026/03/06 15:01:39 worker.go:429: Получена строка от движка: info depth 15 seldepth 31 multipv 2 score cp -33 nodes 577354 nps 795253 hashfull 204 tbhits 0 time 726 pv c7c6 d2d4 d7d5 e4e5 c8f5 h2h4 h7h5 f1d3 f5d3 d1d3 e7e6 g1f3 d8a5 c2c3 a5a6 d3d1 c6c5 d4c5 f8c5 b2b4 c5b6 a2a4 a6c4 b1a3 c4c3 c1d2 c3d3
[WORKER] 2026/03/06 15:01:39 worker.go:429: Получена строка от движка: info depth 15 seldepth 31 multipv 3 score cp -41 nodes 577354 nps 795253 hashfull 204 tbhits 0 time 726 pv e7e5 g1f3 b8c6 f1b5 a7a6 b5a4 f8e7 e1g1 g8f6 f1e1 b7b5 a4b3 e8g8 a2a4 c8b7 d2d3 d7d5 a4b5 a6b5 a1a8 b7a8 e4d5 f6d5 f3e5 c6e5 e1e5
[WORKER] 2026/03/06 15:01:39 worker.go:429: Получена строка от движка: info depth 16 seldepth 34 multipv 1 score cp -38 nodes 879976 nps 788508 hashfull 305 tbhits 0 time 1116 pv c7c6 d2d4 d7d5 e4e5 c8f5 b1c3 e7e6 g2g4 f5g6 g1e2 g8e7 h2h4 h7h5 e2f4 h5g4 f4g6 e7g6 h4h5 c6c5 d1g4 c5d4 h5g6 h8h1 g6f7 e8f7 g4f3 f7g8 f3h1 d4c3
[WORKER] 2026/03/06 15:01:39 worker.go:429: Получена строка от движка: info depth 16 seldepth 33 multipv 2 score cp -44 nodes 879976 nps 788508 hashfull 305 tbhits 0 time 1116 pv e7e6 b1c3 d7d5 d2d4 g8f6 e4e5 f6d7 f2f4 c7c5 g1f3 b8c6 c1e3 d8b6 a2a3 c6d4 f3d4 c5d4 e3d4 f8c5 c3b5
[WORKER] 2026/03/06 15:01:39 worker.go:429: Получена строка от движка: info depth 16 seldepth 38 multipv 3 score cp -44 nodes 879976 nps 788508 hashfull 305 tbhits 0 time 1116 pv e7e5 g1f3 b8c6 f1b5 a7a6 b5a4 g8f6 e1g1 f8e7 f1e1 b7b5 a4b3 e8g8 c2c3 c6a5 b3c2 d7d5 d2d4 d5e4 f3e5 c7c5 d4c5 d8c7 c1f4 a5c4 c2e4 f6e4 e1e4 c4b2
[WORKER] 2026/03/06 15:01:39 worker.go:429: Получена строка от движка: bestmove c7c6 ponder d2d4
[WORKER] 2026/03/06 15:01:43 worker.go:553: Анализ позиции: 0 тактических ходов из 20 возможных
[WORKER] 2026/03/06 15:01:43 worker.go:179: Полуход 2. Ход черных: 0.8 сек (оценка: 38)
[WORKER] 2026/03/06 15:01:43 worker.go:429: Получена строка от движка: info string Available processors: 0-11
[WORKER] 2026/03/06 15:01:43 worker.go:429: Получена строка от движка: info string Using 1 thread
[WORKER] 2026/03/06 15:01:43 worker.go:429: Получена строка от движка: info string NNUE evaluation using nn-c288c895ea92.nnue (125MiB, (102384, 1024, 15, 32, 1))
[WORKER] 2026/03/06 15:01:43 worker.go:429: Получена строка от движка: info string NNUE evaluation using nn-37f18f62d772.nnue (6MiB, (22528, 128, 15, 32, 1))
[WORKER] 2026/03/06 15:01:43 worker.go:429: Получена строка от движка: info string Network replica 1: Shared memory.
[WORKER] 2026/03/06 15:01:43 worker.go:429: Получена строка от движка: info depth 1 seldepth 2 multipv 1 score cp 58 nodes 104 nps 104000 hashfull 0 tbhits 0 time 1 pv d2d4
[WORKER] 2026/03/06 15:01:43 worker.go:429: Получена строка от движка: info depth 1 seldepth 5 multipv 2 score cp 44 nodes 104 nps 104000 hashfull 0 tbhits 0 time 1 pv b1c3
[WORKER] 2026/03/06 15:01:43 worker.go:429: Получена строка от движка: info depth 1 seldepth 2 multipv 3 score cp 43 nodes 104 nps 104000 hashfull 0 tbhits 0 time 1 pv g1f3
[WORKER] 2026/03/06 15:01:43 worker.go:429: Получена строка от движка: info depth 2 seldepth 4 multipv 1 score cp 48 nodes 400 nps 400000 hashfull 0 tbhits 0 time 1 pv d2d4 d7d5
[WORKER] 2026/03/06 15:01:43 worker.go:429: Получена строка от движка: info depth 2 seldepth 18 multipv 2 score cp 44 nodes 400 nps 400000 hashfull 0 tbhits 0 time 1 pv b1c3 c7c5
[WORKER] 2026/03/06 15:01:43 worker.go:429: Получена строка от движка: info depth 2 seldepth 16 multipv 3 score cp 40 nodes 400 nps 400000 hashfull 0 tbhits 0 time 1 pv g1f3 d7d5
[WORKER] 2026/03/06 15:01:43 worker.go:429: Получена строка от движка: info depth 3 seldepth 6 multipv 1 score cp 45 nodes 1152 nps 1152000 hashfull 0 tbhits 0 time 1 pv d2d4 d7d5 b1c3
[WORKER] 2026/03/06 15:01:43 worker.go:429: Получена строка от движка: info depth 3 seldepth 6 multipv 2 score cp 44 nodes 1152 nps 1152000 hashfull 0 tbhits 0 time 1 pv b1c3 d7d5 d2d4 g8f6
[WORKER] 2026/03/06 15:01:43 worker.go:429: Получена строка от движка: info depth 3 seldepth 6 multipv 3 score cp 22 nodes 1152 nps 1152000 hashfull 0 tbhits 0 time 1 pv d1e2 c7c5 g1f3 b8c6
[WORKER] 2026/03/06 15:01:43 worker.go:429: Получена строка от движка: info depth 4 seldepth 7 multipv 1 score cp 44 nodes 1857 nps 1857000 hashfull 0 tbhits 0 time 1 pv d2d4 d7d5 b1c3 g8f6 e4e5 f6d7
[WORKER] 2026/03/06 15:01:43 worker.go:429: Получена строка от движка: info depth 4 seldepth 6 multipv 2 score cp 44 nodes 1857 nps 1857000 hashfull 0 tbhits 0 time 1 pv b1c3 d7d5 d2d4 g8f6 e4e5
[WORKER] 2026/03/06 15:01:43 worker.go:429: Получена строка от движка: info depth 4 seldepth 6 multipv 3 score cp 22 nodes 1857 nps 1857000 hashfull 0 tbhits 0 time 1 pv d1e2 c7c5 g1f3 b8c6
[WORKER] 2026/03/06 15:01:43 worker.go:429: Получена строка от движка: info depth 5 seldepth 6 multipv 1 score cp 50 nodes 2193 nps 1096500 hashfull 0 tbhits 0 time 2 pv d2d4 d7d5 b1c3 g8f6
[WORKER] 2026/03/06 15:01:43 worker.go:429: Получена строка от движка: info depth 5 seldepth 10 multipv 2 score cp 43 nodes 2193 nps 1096500 hashfull 0 tbhits 0 time 2 pv b1c3 c7c5 g1f3 b8c6 d2d4 c5d4 f3d4 g8f6
[WORKER] 2026/03/06 15:01:43 worker.go:429: Получена строка от движка: info depth 5 seldepth 9 multipv 3 score cp 26 nodes 2193 nps 1096500 hashfull 0 tbhits 0 time 2 pv g1f3 d7d5 e4e5 c7c5
[WORKER] 2026/03/06 15:01:43 worker.go:429: Получена строка от движка: info depth 6 seldepth 7 multipv 1 score cp 49 nodes 3328 nps 1109333 hashfull 0 tbhits 0 time 3 pv d2d4 d7d5 b1c3 d5e4 c3e4
[WORKER] 2026/03/06 15:01:43 worker.go:429: Получена строка от движка: info depth 6 seldepth 10 multipv 2 score cp 43 nodes 3328 nps 1109333 hashfull 0 tbhits 0 time 3 pv b1c3 c7c5 g1f3 b8c6 d2d4 c5d4 f3d4 g8f6
[WORKER] 2026/03/06 15:01:43 worker.go:429: Получена строка от движка: info depth 6 seldepth 9 multipv 3 score cp 27 nodes 3328 nps 1109333 hashfull 0 tbhits 0 time 3 pv c2c3 d7d5 e4e5 c7c5 g1f3 c8d7
[WORKER] 2026/03/06 15:01:43 worker.go:429: Получена строка от движка: info depth 7 seldepth 12 multipv 1 score cp 45 nodes 4970 nps 1242500 hashfull 1 tbhits 0 time 4 pv d2d4 d7d5 b1c3 g8f6 e4e5 f6d7 f2f4
[WORKER] 2026/03/06 15:01:43 worker.go:429: Получена строка от движка: info depth 7 seldepth 10 multipv 2 score cp 40 nodes 4970 nps 1242500 hashfull 1 tbhits 0 time 4 pv b1c3 d7d5 d2d4 g8f6 e4e5 f6d7 f2f4
[WORKER] 2026/03/06 15:01:43 worker.go:429: Получена строка от движка: info depth 7 seldepth 13 multipv 3 score cp 33 nodes 4970 nps 1242500 hashfull 1 tbhits 0 time 4 pv c2c3 d7d5 e4e5 c7c5 d2d4
[WORKER] 2026/03/06 15:01:43 worker.go:429: Получена строка от движка: info depth 8 seldepth 18 multipv 1 score cp 44 nodes 8644 nps 960444 hashfull 1 tbhits 0 time 9 pv d2d4 d7d5 b1c3 g8f6 e4e5 f6d7 f2f4 c7c5 g1f3 b8c6 c1e3 d8b6 a2a3 c6d4 e3d4
[WORKER] 2026/03/06 15:01:43 worker.go:429: Получена строка от движка: info depth 8 seldepth 25 multipv 2 score cp 42 nodes 8644 nps 960444 hashfull 1 tbhits 0 time 9 pv b1c3 d7d5 d2d4 g8f6 e4e5 f6d7 f2f4 c7c5 g1f3 b8c6 c1e3 d8b6 a2a3 c6d4 f3d4 c5d4 e3d4 f8c5 c3b5 e8g8 b2b4 c5d4 d1d4
[WORKER] 2026/03/06 15:01:43 worker.go:429: Получена строка от движка: info depth 8 seldepth 18 multipv 3 score cp 32 nodes 8644 nps 960444 hashfull 1 tbhits 0 time 9 pv c2c3 d7d5 e4e5 c7c5 d2d4 b8c6 g1f3 c8d7 f1d3 c5d4 c3d4 d8b6 e1g1 c6d4
[WORKER] 2026/03/06 15:01:43 worker.go:429: Получена строка от движка: info depth 9 seldepth 32 multipv 1 score cp 42 nodes 14102 nps 829529 hashfull 2 tbhits 0 time 17 pv b1c3 d7d5 d2d4 g8f6 e4e5 f6d7 f2f4 c7c5 g1f3 b8c6 c1e3 d8b6 a2a3 f8e7
[WORKER] 2026/03/06 15:01:43 worker.go:429: Получена строка от движка: info depth 9 seldepth 33 multipv 2 score cp 41 nodes 14102 nps 829529 hashfull 2 tbhits 0 time 17 pv d2d4 d7d5 b1c3 g8f6 e4e5 f6d7 f2f4 c7c5 g1f3 b8c6 c1e3 d8b6 a2a3 c6d4 f3d4 c5d4 e3d4 f8c5 d4c5 d7c5 f1b5
[WORKER] 2026/03/06 15:01:43 worker.go:429: Получена строка от движка: info depth 9 seldepth 18 multipv 3 score cp 30 nodes 14102 nps 829529 hashfull 2 tbhits 0 time 17 pv c2c3 d7d5 e4e5 c7c5 d2d4 b8c6 g1f3 c8d7 f1d3
[WORKER] 2026/03/06 15:01:43 worker.go:429: Получена строка от движка: info depth 10 seldepth 27 multipv 1 score cp 38 nodes 38755 nps 775100 hashfull 8 tbhits 0 time 50 pv d2d4 d7d5 b1c3 g8f6 e4e5 f6d7 f2f4 c7c5 g1f3 c5d4 f3d4
[WORKER] 2026/03/06 15:01:43 worker.go:429: Получена строка от движка: info depth 10 seldepth 32 multipv 2 score cp 33 nodes 38755 nps 775100 hashfull 8 tbhits 0 time 50 pv b1c3 d7d5 d2d4 g8f6 e4e5 f6d7 f2f4 c7c5 g1f3 b8c6
[WORKER] 2026/03/06 15:01:43 worker.go:429: Получена строка от движка: info depth 10 seldepth 19 multipv 3 score cp 31 nodes 38755 nps 775100 hashfull 8 tbhits 0 time 50 pv c2c3 c7c5 d2d4 d7d5 e4e5 b8c6 g1f3 c8d7 a2a3 c5c4 g2g3 g8e7
[WORKER] 2026/03/06 15:01:43 worker.go:429: Получена строка от движка: info depth 11 seldepth 33 multipv 1 score cp 43 nodes 49964 nps 745731 hashfull 11 tbhits 0 time 67 pv b1c3 d7d5 d2d4 g8f6 e4e5 f6d7 f2f4 c7c5 g1f3 b8c6
[WORKER] 2026/03/06 15:01:43 worker.go:429: Получена строка от движка: info depth 11 seldepth 31 multipv 2 score cp 41 nodes 49964 nps 745731 hashfull 11 tbhits 0 time 67 pv d2d4 d7d5 b1c3 g8f6 e4e5 f6d7 f2f4 c7c5 g1f3 c5d4 f3d4 b8c6 c1e3 d8b6 d1d2 b6b2 a1b1 b2a3 c3b5 a3a2 b5c7 e8d8
[WORKER] 2026/03/06 15:01:43 worker.go:429: Получена строка от движка: info depth 11 seldepth 18 multipv 3 score cp 39 nodes 49964 nps 745731 hashfull 11 tbhits 0 time 67 pv g1f3 d7d5 e4e5 c7c5 c2c3 d5d4 b1a3 c8d7 f1d3 g8e7 e1g1 e7g6
[WORKER] 2026/03/06 15:01:43 worker.go:429: Получена строка от движка: info depth 12 seldepth 32 multipv 1 score cp 38 nodes 81545 nps 679541 hashfull 20 tbhits 0 time 120 pv d2d4 d7d5 b1c3 g8f6 e4e5 f6d7 f2f4 c7c5 g1f3 b8c6 c1e3 d8b6 c3a4 b6a5 c2c3 c5d4 b2b4 c6b4 c3b4 f8b4 e3d2 b4d2 f3d2 e8g8 f1d3 f7f6 e1g1 f6e5 f4e5 f8f1 g1f1
[WORKER] 2026/03/06 15:01:43 worker.go:429: Получена строка от движка: info depth 12 seldepth 28 multipv 2 score cp 37 nodes 81545 nps 679541 hashfull 20 tbhits 0 time 120 pv b1c3 d7d5 d2d4 g8f6 e4e5 f6d7 f2f4 c7c5 g1f3 b8c6 c1e3 d8b6 c3a4 b6a5 c2c3 c6d4
[WORKER] 2026/03/06 15:01:43 worker.go:429: Получена строка от движка: info depth 12 seldepth 19 multipv 3 score cp 34 nodes 81545 nps 679541 hashfull 20 tbhits 0 time 120 pv g1f3 d7d5 e4e5 c7c5 c2c3 d5d4 b1a3 g8e7 f1d3 b8c6 e1g1 e7g6 c3d4
[WORKER] 2026/03/06 15:01:43 worker.go:429: Получена строка от движка: info depth 13 seldepth 37 multipv 1 score cp 44 nodes 133589 nps 639181 hashfull 39 tbhits 0 time 209 pv d2d4 d7d5 b1c3 g8f6 e4e5 f6d7 f2f4 c7c5 g1f3 c5d4 c3b5 b8c6 b5d4 d8b6 a2a4 d7c5 c2c3
[WORKER] 2026/03/06 15:01:43 worker.go:429: Получена строка от движка: info depth 13 seldepth 33 multipv 2 score cp 38 nodes 133589 nps 639181 hashfull 39 tbhits 0 time 209 pv b1c3 d7d5 d2d4 g8f6 e4e5 f6d7 f2f4 c7c5 g1f3 b8c6 c1e3 c5d4 f3d4 d8b6 a2a3 c6d4 e3d4 f8c5 c3b5 e8g8
[WORKER] 2026/03/06 15:01:43 worker.go:429: Получена строка от движка: info depth 13 seldepth 18 multipv 3 score cp 36 nodes 133589 nps 639181 hashfull 39 tbhits 0 time 209 pv g1f3 d7d5 e4e5 c7c5 c2c3 d5d4 f1d3 c8d7 e1g1 g8e7 d3e4 d7c6 d2d3 c6e4 d3e4
[WORKER] 2026/03/06 15:01:44 worker.go:429: Получена строка от движка: info depth 14 seldepth 43 multipv 1 score cp 44 nodes 226145 nps 609555 hashfull 66 tbhits 0 time 371 pv b1c3 d7d5 d2d4 g8f6 e4e5 f6d7 f2f4 c7c5 g1f3 b8c6 c1e3 c5d4 f3d4 d8b6 d1d2 b6b2 a1b1 b2a3 c3b5 a3a2 b1b3 d7c5
[WORKER] 2026/03/06 15:01:44 worker.go:429: Получена строка от движка: info depth 14 seldepth 24 multipv 2 score cp 43 nodes 226145 nps 609555 hashfull 66 tbhits 0 time 371 pv d2d4 d7d5 b1c3 g8f6 e4e5 f6d7 f2f4 c7c5 g1f3 c5d4 c3b5 b8c6 b5d4 d7c5
[WORKER] 2026/03/06 15:01:44 worker.go:429: Получена строка от движка: info depth 14 seldepth 25 multipv 3 score cp 31 nodes 226145 nps 609555 hashfull 66 tbhits 0 time 371 pv g1f3 d7d5 e4e5 c7c5 c2c3 d5d4 f1d3 c8d7 e1g1 d7c6 b1a3 g8e7 c3d4 c5d4 a3c2 e7g6 d3g6 h7g6 c2d4 c6d5 d2d3 f8e7
[WORKER] 2026/03/06 15:01:44 worker.go:429: Получена строка от движка: info depth 15 seldepth 31 multipv 1 score cp 44 nodes 251722 nps 608024 hashfull 72 tbhits 0 time 414 pv b1c3 d7d5 d2d4 g8f6 e4e5 f6d7 f2f4 c7c5 g1f3 b8c6 c1e3 c5d4 f3d4 d8b6 d1d2 b6b2 a1b1 b2a3 c3b5 a3a2 b1b3 d7c5 b5c7 e8d7
[WORKER] 2026/03/06 15:01:44 worker.go:429: Получена строка от движка: info depth 15 seldepth 35 multipv 2 score cp 43 nodes 251722 nps 608024 hashfull 72 tbhits 0 time 414 pv d2d4 d7d5 b1c3 g8f6 e4e5 f6d7 f2f4 c7c5 g1f3 b8c6 c1e3 c5d4 f3d4 d8b6 d1d2 b6b2 a1b1 b2a3 c3b5 a3a2 b1b3 a8b8 d2c3 a2a5 d4c6 a5c3 b3c3 b7c6 c3c6 e8d8 b5a7
[WORKER] 2026/03/06 15:01:44 worker.go:429: Получена строка от движка: info depth 15 seldepth 25 multipv 3 score cp 30 nodes 251722 nps 608024 hashfull 72 tbhits 0 time 414 pv g1f3 d7d5 e4e5 c7c5 c2c3 d5d4 f1d3 c8d7 c3d4 c5d4 f3d4 d7c6 d4c6 b8c6
[WORKER] 2026/03/06 15:01:44 worker.go:429: Получена строка от движка: info depth 16 seldepth 45 multipv 1 score cp 50 nodes 581414 nps 537351 hashfull 186 tbhits 0 time 1082 pv d2d4 d7d5 b1c3 g8f6 e4e5 f6d7 f2f4 c7c5 g1f3 a7a6 c1e3 b8c6 d1d2 f8e7 f1d3 c5d4 f3d4 d7c5 d3e2
[WORKER] 2026/03/06 15:01:44 worker.go:429: Получена строка от движка: info depth 16 seldepth 31 multipv 2 score cp 45 nodes 581414 nps 537351 hashfull 186 tbhits 0 time 1082 pv b1c3 d7d5 d2d4 g8f6 e4e5 f6d7 f2f4 c7c5 g1f3 a7a6 c1e3 b8c6 d1d2 f8e7 d4c5 e7c5
[WORKER] 2026/03/06 15:01:44 worker.go:429: Получена строка от движка: info depth 16 seldepth 31 multipv 3 score cp 28 nodes 581414 nps 537351 hashfull 186 tbhits 0 time 1082 pv g1f3 d7d5 e4e5 c7c5 c2c3 d5d4 c3d4 c5d4 f1d3 g8e7 e1g1 c8d7 b2b4 d7c6
[WORKER] 2026/03/06 15:01:44 worker.go:429: Получена строка от движка: bestmove d2d4 ponder d7d5
[WORKER] 2026/03/06 15:01:48 worker.go:553: Анализ позиции: 0 тактических ходов из 30 возможных
[WORKER] 2026/03/06 15:01:48 worker.go:179: Полуход 3. Ход белых: 0.3 сек (оценка: 50)
[WORKER] 2026/03/06 15:01:48 worker.go:429: Получена строка от движка: info string Available processors: 0-11
[WORKER] 2026/03/06 15:01:48 worker.go:429: Получена строка от движка: info string Using 1 thread
[WORKER] 2026/03/06 15:01:48 worker.go:429: Получена строка от движка: info string NNUE evaluation using nn-c288c895ea92.nnue (125MiB, (102384, 1024, 15, 32, 1))
[WORKER] 2026/03/06 15:01:48 worker.go:429: Получена строка от движка: info string NNUE evaluation using nn-37f18f62d772.nnue (6MiB, (22528, 128, 15, 32, 1))
[WORKER] 2026/03/06 15:01:48 worker.go:429: Получена строка от движка: info string Network replica 1: Shared memory.
[WORKER] 2026/03/06 15:01:48 worker.go:429: Получена строка от движка: info depth 1 seldepth 4 multipv 1 score cp -50 nodes 130 nps 130000 hashfull 0 tbhits 0 time 1 pv d7d5
[WORKER] 2026/03/06 15:01:48 worker.go:429: Получена строка от движка: info depth 1 seldepth 5 multipv 2 score cp -66 nodes 130 nps 130000 hashfull 0 tbhits 0 time 1 pv c7c5
[WORKER] 2026/03/06 15:01:48 worker.go:429: Получена строка от движка: info depth 1 seldepth 2 multipv 3 score cp -72 nodes 130 nps 130000 hashfull 0 tbhits 0 time 1 pv c7c6
[WORKER] 2026/03/06 15:01:48 worker.go:429: Получена строка от движка: info depth 2 seldepth 4 multipv 1 score cp -45 nodes 600 nps 600000 hashfull 0 tbhits 0 time 1 pv d7d5 b1c3
[WORKER] 2026/03/06 15:01:48 worker.go:429: Получена строка от движка: info depth 2 seldepth 5 multipv 2 score cp -64 nodes 600 nps 600000 hashfull 0 tbhits 0 time 1 pv b8c6
[WORKER] 2026/03/06 15:01:48 worker.go:429: Получена строка от движка: info depth 2 seldepth 4 multipv 3 score cp -72 nodes 600 nps 600000 hashfull 0 tbhits 0 time 1 pv g8e7
[WORKER] 2026/03/06 15:01:48 worker.go:429: Получена строка от движка: info depth 3 seldepth 5 multipv 1 score cp -45 nodes 903 nps 451500 hashfull 0 tbhits 0 time 2 pv d7d5 b1c3 g8f6
[WORKER] 2026/03/06 15:01:48 worker.go:429: Получена строка от движка: info depth 3 seldepth 5 multipv 2 score cp -61 nodes 903 nps 451500 hashfull 0 tbhits 0 time 2 pv a7a6 h2h4
[WORKER] 2026/03/06 15:01:48 worker.go:429: Получена строка от движка: info depth 3 seldepth 8 multipv 3 score cp -64 nodes 903 nps 451500 hashfull 0 tbhits 0 time 2 pv c7c6 f1d3 d7d5 b1c3
[WORKER] 2026/03/06 15:01:48 worker.go:429: Получена строка от движка: info depth 4 seldepth 5 multipv 1 score cp -45 nodes 1459 nps 729500 hashfull 0 tbhits 0 time 2 pv d7d5 b1c3 g8f6 e4e5
[WORKER] 2026/03/06 15:01:48 worker.go:429: Получена строка от движка: info depth 4 seldepth 9 multipv 2 score cp -56 nodes 1459 nps 729500 hashfull 0 tbhits 0 time 2 pv a7a6 g1f3
[WORKER] 2026/03/06 15:01:48 worker.go:429: Получена строка от движка: info depth 4 seldepth 6 multipv 3 score cp -65 nodes 1459 nps 729500 hashfull 0 tbhits 0 time 2 pv c7c6 f1d3 d7d5 b1c3
[WORKER] 2026/03/06 15:01:48 worker.go:429: Получена строка от движка: info depth 5 seldepth 6 multipv 1 score cp -45 nodes 2986 nps 746500 hashfull 0 tbhits 0 time 4 pv d7d5 b1c3 g8f6 e4e5 f6d7
[WORKER] 2026/03/06 15:01:48 worker.go:429: Получена строка от движка: info depth 5 seldepth 10 multipv 2 score cp -55 nodes 2986 nps 746500 hashfull 0 tbhits 0 time 4 pv a7a6 f1d3 d7d5 b1c3 d5e4 c3e4 d8d4 g1f3 d4b6
[WORKER] 2026/03/06 15:01:48 worker.go:429: Получена строка от движка: info depth 5 seldepth 8 multipv 3 score cp -74 nodes 2986 nps 746500 hashfull 0 tbhits 0 time 4 pv f8e7 d1g4 g7g6 f1d3
[WORKER] 2026/03/06 15:01:48 worker.go:429: Получена строка от движка: info depth 6 seldepth 7 multipv 1 score cp -45 nodes 3739 nps 934750 hashfull 0 tbhits 0 time 4 pv d7d5 b1c3 g8f6 e4e5 f6d7 f2f4
[WORKER] 2026/03/06 15:01:48 worker.go:429: Получена строка от движка: info depth 6 seldepth 10 multipv 2 score cp -60 nodes 3739 nps 934750 hashfull 0 tbhits 0 time 4 pv f8e7 b1c3 d7d5 e4e5 b8d7 f1d3 c7c5
[WORKER] 2026/03/06 15:01:48 worker.go:429: Получена строка от движка: info depth 6 seldepth 12 multipv 3 score cp -61 nodes 3739 nps 934750 hashfull 0 tbhits 0 time 4 pv a7a6 h2h4 c7c5 c1g5
[WORKER] 2026/03/06 15:01:48 worker.go:429: Получена строка от движка: info depth 7 seldepth 9 multipv 1 score cp -45 nodes 5333 nps 888833 hashfull 0 tbhits 0 time 6 pv d7d5 b1c3 g8f6 e4e5 f6d7 f2f4 c7c5
[WORKER] 2026/03/06 15:01:48 worker.go:429: Получена строка от движка: info depth 7 seldepth 10 multipv 2 score cp -63 nodes 5333 nps 888833 hashfull 0 tbhits 0 time 6 pv a7a6 h2h4 d7d5 b1c3 d5e4 c3e4 f7f5 e4g3
[WORKER] 2026/03/06 15:01:48 worker.go:429: Получена строка от движка: info depth 7 seldepth 10 multipv 3 score cp -65 nodes 5333 nps 888833 hashfull 0 tbhits 0 time 6 pv f8e7 b1c3 d7d5 f1d3 d5e4 c3e4 g8f6
[WORKER] 2026/03/06 15:01:48 worker.go:429: Получена строка от движка: info depth 8 seldepth 21 multipv 1 score cp -45 nodes 14381 nps 798944 hashfull 3 tbhits 0 time 18 pv d7d5 b1c3 g8f6 e4e5 f6d7 f2f4 c7c5 g1f3 a7a6 c1e3 b8c6 d1d2 f8e7 d4c5 e7c5 e3c5 d7c5
[WORKER] 2026/03/06 15:01:48 worker.go:429: Получена строка от движка: info depth 8 seldepth 13 multipv 2 score cp -60 nodes 14381 nps 798944 hashfull 3 tbhits 0 time 18 pv a7a6 h2h4 d7d6 b1c3 g8f6 g1f3 f8e7 h4h5
[WORKER] 2026/03/06 15:01:48 worker.go:429: Получена строка от движка: info depth 8 seldepth 16 multipv 3 score cp -70 nodes 14381 nps 798944 hashfull 3 tbhits 0 time 18 pv c7c5 d4d5 g8f6 b1c3 d7d6 f1b5 c8d7 b5d7 b8d7 d5e6 f7e6
[WORKER] 2026/03/06 15:01:48 worker.go:429: Получена строка от движка: info depth 9 seldepth 15 multipv 1 score cp -45 nodes 27460 nps 858125 hashfull 7 tbhits 0 time 32 pv d7d5 b1c3 g8f6 e4e5 f6d7 f2f4 c7c5 g1f3 a7a6 c1e3 b8c6 d1d2 f8e7
[WORKER] 2026/03/06 15:01:48 worker.go:429: Получена строка от движка: info depth 9 seldepth 20 multipv 2 score cp -67 nodes 27460 nps 858125 hashfull 7 tbhits 0 time 32 pv f8e7 b1c3 d7d5 e4e5 c7c5 d1g4 g7g5 h2h4 h7h5 g4g3 c5d4 c3b5
[WORKER] 2026/03/06 15:01:48 worker.go:429: Получена строка от движка: info depth 9 seldepth 15 multipv 3 score cp -71 nodes 27460 nps 858125 hashfull 7 tbhits 0 time 32 pv c7c5 d4d5 g8f6 b1c3 d7d6 d5e6 c8e6
[WORKER] 2026/03/06 15:01:48 worker.go:429: Получена строка от движка: info depth 10 seldepth 18 multipv 1 score cp -45 nodes 30397 nps 868485 hashfull 8 tbhits 0 time 35 pv d7d5 b1c3 g8f6 e4e5 f6d7 f2f4 c7c5 g1f3 a7a6 c1e3 b8c6 d1d2 f8e7 d4c5 e7c5 e3c5 d7c5
[WORKER] 2026/03/06 15:01:48 worker.go:429: Получена строка от движка: info depth 10 seldepth 19 multipv 2 score cp -56 nodes 30397 nps 868485 hashfull 8 tbhits 0 time 35 pv f8e7 b1c3 d7d5 d1g4 g7g6 g4f4 d5e4 c3e4 g8f6
[WORKER] 2026/03/06 15:01:48 worker.go:429: Получена строка от движка: info depth 10 seldepth 14 multipv 3 score cp -70 nodes 30397 nps 868485 hashfull 8 tbhits 0 time 35 pv a7a6 c1e3 d7d5 b1d2 c7c5 d4c5 g8f6 f1d3 b8c6 g1f3 d5d4 e3f4 f8c5
[WORKER] 2026/03/06 15:01:48 worker.go:429: Получена строка от движка: info depth 11 seldepth 20 multipv 1 score cp -43 nodes 73512 nps 844965 hashfull 27 tbhits 0 time 87 pv d7d5 b1c3 g8f6 e4e5 f6d7 f2f4 c7c5 g1f3 a7a6 c1e3 b8c6 d1d2 f8e7 d4c5 e7c5 e1c1 d8b6 e3c5 d7c5
[WORKER] 2026/03/06 15:01:48 worker.go:429: Получена строка от движка: info depth 11 seldepth 17 multipv 2 score cp -69 nodes 73512 nps 844965 hashfull 27 tbhits 0 time 87 pv a7a6 c1e3 d7d5 b1d2 c7c5 d4c5 d5d4 e3f4 f8c5 f1d3 g8e7
[WORKER] 2026/03/06 15:01:48 worker.go:429: Получена строка от движка: info depth 11 seldepth 24 multipv 3 score cp -69 nodes 73512 nps 844965 hashfull 27 tbhits 0 time 87 pv f8e7 f1d3 d7d5 e4e5 c7c5 d4c5 e7c5
[WORKER] 2026/03/06 15:01:48 worker.go:429: Получена строка от движка: info depth 12 seldepth 20 multipv 1 score cp -43 nodes 112106 nps 830414 hashfull 43 tbhits 0 time 135 pv d7d5 b1c3 g8f6 e4e5 f6d7 f2f4 c7c5 g1f3 a7a6 c1e3 b8c6 d1d2 f8e7 d4c5 e7c5 e1c1 d8b6 e3c5
[WORKER] 2026/03/06 15:01:48 worker.go:429: Получена строка от движка: info depth 12 seldepth 23 multipv 2 score cp -64 nodes 112106 nps 830414 hashfull 43 tbhits 0 time 135 pv a7a6 c1e3 d7d5 b1d2 c7c5 d4c5 d5d4 e3f4 f8c5 d1g4 g8f6 g4g7 h8g8 g7h6 b8c6 g1f3 g8g6
[WORKER] 2026/03/06 15:01:48 worker.go:429: Получена строка от движка: info depth 12 seldepth 21 multipv 3 score cp -72 nodes 112106 nps 830414 hashfull 43 tbhits 0 time 135 pv c7c5 d4d5 g8f6 b1c3 d7d6 f1b5 c8d7 a2a4 e6d5 e4d5 f8e7 g1e2 b8a6
[WORKER] 2026/03/06 15:01:49 worker.go:429: Получена строка от движка: info depth 13 seldepth 31 multipv 1 score cp -44 nodes 251961 nps 812777 hashfull 95 tbhits 0 time 310 pv d7d5 b1c3 g8f6 e4e5 f6d7 f2f4 c7c5 g1f3 f8e7 c1e3 e8g8 d1d2 a7a6 a2a3 b7b5 f1d3 b8c6 e1g1 c5c4 d3e2 f7f5
[WORKER] 2026/03/06 15:01:49 worker.go:429: Получена строка от движка: info depth 13 seldepth 29 multipv 2 score cp -66 nodes 251961 nps 812777 hashfull 95 tbhits 0 time 310 pv a7a6 g1f3 d7d5 b1c3 g8f6 e4e5 f6d7 c3e2 c7c5 c2c3 d8b6 a2a3
[WORKER] 2026/03/06 15:01:49 worker.go:429: Получена строка от движка: info depth 13 seldepth 18 multipv 3 score cp -71 nodes 251961 nps 812777 hashfull 95 tbhits 0 time 310 pv h7h6 f1d3 d7d5 e4e5 c7c5 c2c3 b8c6 g1f3 c8d7 e1g1 c5d4 c3d4 d8b6 b1c3
[WORKER] 2026/03/06 15:01:49 worker.go:429: Получена строка от движка: info depth 14 seldepth 34 multipv 1 score cp -54 nodes 435626 nps 808211 hashfull 164 tbhits 0 time 539 pv d7d5 b1c3 g8f6 e4e5 f6d7 f2f4 c7c5 g1f3 f8e7 c1e3 e8g8 d1d2 a7a6 h2h4 b8c6 h4h5 b7b5 h5h6
[WORKER] 2026/03/06 15:01:49 worker.go:429: Получена строка от движка: info depth 14 seldepth 27 multipv 2 score cp -61 nodes 435626 nps 808211 hashfull 164 tbhits 0 time 539 pv a7a6 c1e3 d7d5 b1d2 d5e4 d2e4 b7b6 f1d3 c8b7 d1f3 b8d7
[WORKER] 2026/03/06 15:01:49 worker.go:429: Получена строка от движка: info depth 14 seldepth 28 multipv 3 score cp -66 nodes 435626 nps 808211 hashfull 164 tbhits 0 time 539 pv c7c5 d4d5 g8f6 b1c3 d7d6 g1e2 a7a6 e2g3 g7g6 f1e2 b7b5
[WORKER] 2026/03/06 15:01:49 worker.go:429: Получена строка от движка: info depth 15 seldepth 34 multipv 1 score cp -50 nodes 567936 nps 804441 hashfull 218 tbhits 0 time 706 pv d7d5 b1c3 g8f6 e4e5 f6d7 f2f4 c7c5 g1f3 f8e7 c1e3 e8g8 d1d2 a7a6 h2h4 b7b6
[WORKER] 2026/03/06 15:01:49 worker.go:429: Получена строка от движка: info depth 15 seldepth 28 multipv 2 score cp -69 nodes 567936 nps 804441 hashfull 218 tbhits 0 time 706 pv a7a6 g1f3 d7d5 b1c3 g8f6 e4e5 f6d7 c3e2 c7c5 c2c3 d8b6 a2a3 b8c6 g2g3 f7f6 f1h3 f6e5 f3g5 c5d4
[WORKER] 2026/03/06 15:01:49 worker.go:429: Получена строка от движка: info depth 15 seldepth 25 multipv 3 score cp -69 nodes 567936 nps 804441 hashfull 218 tbhits 0 time 706 pv c7c5 d4d5 g8f6 b1c3 d7d6 f1c4 f8e7 g1e2 e6d5 c4d5 e8g8 e1g1 f8e8 h2h3 f6d5 c3d5
[WORKER] 2026/03/06 15:01:49 worker.go:429: Получена строка от движка: info depth 16 seldepth 35 multipv 1 score cp -47 nodes 695120 nps 804537 hashfull 249 tbhits 0 time 864 pv d7d5 b1c3 g8f6 e4e5 f6d7 f2f4 c7c5 g1f3 f8e7 c1e3 e8g8 d4c5 d7c5 a2a3 c8d7 h2h4 b8c6 d1d2 c5e4
[WORKER] 2026/03/06 15:01:49 worker.go:429: Получена строка от движка: info depth 16 seldepth 32 multipv 2 score cp -64 nodes 695120 nps 804537 hashfull 249 tbhits 0 time 864 pv a7a6 g1f3 d7d5 e4e5 c7c5 c2c3 b8c6 f1d3 c8d7 a2a3 d8b6 d4c5 f8c5 e1g1 b6c7 f1e1 c5a7
[WORKER] 2026/03/06 15:01:49 worker.go:429: Получена строка от движка: info depth 16 seldepth 29 multipv 3 score cp -72 nodes 695120 nps 804537 hashfull 249 tbhits 0 time 864 pv c7c5 d4d5 g8f6 b1c3 d7d6 d5e6 c8e6 g1e2 f8e7 e2f4 e6d7 f2f3 a7a6 a2a4
[WORKER] 2026/03/06 15:01:49 worker.go:429: Получена строка от движка: bestmove d7d5 ponder b1c3
[WORKER] 2026/03/06 15:01:53 worker.go:553: Анализ позиции: 1 тактических ходов из 30 возможных
[WORKER] 2026/03/06 15:01:53 worker.go:179: Полуход 4. Ход черных: 0.8 сек (оценка: 47)
[WORKER] 2026/03/06 15:01:53 worker.go:429: Получена строка от движка: info string Available processors: 0-11
[WORKER] 2026/03/06 15:01:53 worker.go:429: Получена строка от движка: info string Using 1 thread
[WORKER] 2026/03/06 15:01:53 worker.go:429: Получена строка от движка: info string NNUE evaluation using nn-c288c895ea92.nnue (125MiB, (102384, 1024, 15, 32, 1))
[WORKER] 2026/03/06 15:01:53 worker.go:429: Получена строка от движка: info string NNUE evaluation using nn-37f18f62d772.nnue (6MiB, (22528, 128, 15, 32, 1))
[WORKER] 2026/03/06 15:01:53 worker.go:429: Получена строка от движка: info string Network replica 1: Shared memory.
[WORKER] 2026/03/06 15:01:53 worker.go:429: Получена строка от движка: info depth 1 seldepth 4 multipv 1 score cp 55 nodes 187 nps 187000 hashfull 0 tbhits 0 time 1 pv b1c3
[WORKER] 2026/03/06 15:01:53 worker.go:429: Получена строка от движка: info depth 1 seldepth 4 multipv 2 score cp 53 nodes 187 nps 187000 hashfull 0 tbhits 0 time 1 pv e4e5
[WORKER] 2026/03/06 15:01:53 worker.go:429: Получена строка от движка: info depth 1 seldepth 7 multipv 3 score cp 45 nodes 187 nps 187000 hashfull 0 tbhits 0 time 1 pv b1d2
[WORKER] 2026/03/06 15:01:53 worker.go:429: Получена строка от движка: info depth 2 seldepth 3 multipv 1 score cp 48 nodes 762 nps 762000 hashfull 0 tbhits 0 time 1 pv b1c3 g8f6
[WORKER] 2026/03/06 15:01:53 worker.go:429: Получена строка от движка: info depth 2 seldepth 9 multipv 2 score cp 38 nodes 762 nps 762000 hashfull 0 tbhits 0 time 1 pv b1d2
[WORKER] 2026/03/06 15:01:53 worker.go:429: Получена строка от движка: info depth 2 seldepth 4 multipv 3 score cp 22 nodes 762 nps 762000 hashfull 0 tbhits 0 time 1 pv e4d5 e6d5
[WORKER] 2026/03/06 15:01:53 worker.go:429: Получена строка от движка: info depth 3 seldepth 4 multipv 1 score cp 47 nodes 1364 nps 682000 hashfull 0 tbhits 0 time 2 pv b1c3 g8f6 e4e5
[WORKER] 2026/03/06 15:01:53 worker.go:429: Получена строка от движка: info depth 3 seldepth 6 multipv 2 score cp 34 nodes 1364 nps 682000 hashfull 0 tbhits 0 time 2 pv e4e5 c7c5 c2c3 c5d4 c3d4
[WORKER] 2026/03/06 15:01:53 worker.go:429: Получена строка от движка: info depth 3 seldepth 6 multipv 3 score cp 25 nodes 1364 nps 682000 hashfull 0 tbhits 0 time 2 pv f1b5 c7c6
[WORKER] 2026/03/06 15:01:53 worker.go:429: Получена строка от движка: info depth 4 seldepth 5 multipv 1 score cp 47 nodes 1659 nps 829500 hashfull 0 tbhits 0 time 2 pv b1c3 g8f6 e4e5 f6d7
[WORKER] 2026/03/06 15:01:53 worker.go:429: Получена строка от движка: info depth 4 seldepth 6 multipv 2 score cp 34 nodes 1659 nps 829500 hashfull 0 tbhits 0 time 2 pv e4e5 c7c5 c2c3 c5d4
[WORKER] 2026/03/06 15:01:53 worker.go:429: Получена строка от движка: info depth 4 seldepth 6 multipv 3 score cp 26 nodes 1659 nps 829500 hashfull 0 tbhits 0 time 2 pv e4d5 e6d5 g1f3 f8d6 f1d3
[WORKER] 2026/03/06 15:01:53 worker.go:429: Получена строка от движка: info depth 5 seldepth 6 multipv 1 score cp 47 nodes 2316 nps 1158000 hashfull 0 tbhits 0 time 2 pv b1c3 g8f6 e4e5 f6d7 f2f4
[WORKER] 2026/03/06 15:01:53 worker.go:429: Получена строка от движка: info depth 5 seldepth 6 multipv 2 score cp 34 nodes 2316 nps 1158000 hashfull 0 tbhits 0 time 2 pv e4e5 c7c5 c2c3 c5d4 c3d4
[WORKER] 2026/03/06 15:01:53 worker.go:429: Получена строка от движка: info depth 5 seldepth 7 multipv 3 score cp 26 nodes 2316 nps 1158000 hashfull 0 tbhits 0 time 2 pv e4d5 e6d5 g1f3 f8d6 f1d3
[WORKER] 2026/03/06 15:01:53 worker.go:429: Получена строка от движка: info depth 6 seldepth 8 multipv 1 score cp 47 nodes 3200 nps 1066666 hashfull 0 tbhits 0 time 3 pv b1c3 g8f6 e4e5 f6d7 f2f4 c7c5
[WORKER] 2026/03/06 15:01:53 worker.go:429: Получена строка от движка: info depth 6 seldepth 7 multipv 2 score cp 31 nodes 3200 nps 1066666 hashfull 0 tbhits 0 time 3 pv e4e5 c7c5 c2c3 c5d4 c3d4 c8d7
[WORKER] 2026/03/06 15:01:53 worker.go:429: Получена строка от движка: info depth 6 seldepth 9 multipv 3 score cp 30 nodes 3200 nps 1066666 hashfull 0 tbhits 0 time 3 pv e4d5 e6d5 f1d3 f8d6 g1f3
[WORKER] 2026/03/06 15:01:53 worker.go:429: Получена строка от движка: info depth 7 seldepth 9 multipv 1 score cp 47 nodes 4570 nps 1142500 hashfull 0 tbhits 0 time 4 pv b1c3 g8f6 e4e5 f6d7 f2f4 c7c5 g1f3
[WORKER] 2026/03/06 15:01:53 worker.go:429: Получена строка от движка: info depth 7 seldepth 12 multipv 2 score cp 33 nodes 4570 nps 1142500 hashfull 0 tbhits 0 time 4 pv e4e5 c7c5 c2c3 b8c6 g1f3 c5d4 c3d4
[WORKER] 2026/03/06 15:01:53 worker.go:429: Получена строка от движка: info depth 7 seldepth 12 multipv 3 score cp 27 nodes 4570 nps 1142500 hashfull 0 tbhits 0 time 4 pv b1d2 c7c5 g1f3 c5d4 f3d4 b8c6 d4c6 b7c6
[WORKER] 2026/03/06 15:01:53 worker.go:429: Получена строка от движка: info depth 8 seldepth 21 multipv 1 score cp 47 nodes 8035 nps 892777 hashfull 1 tbhits 0 time 9 pv b1c3 g8f6 e4e5 f6d7 f2f4 c7c5 g1f3 f8e7 c1e3 e8g8 d4c5 d7c5 a2a3 c8d7 h2h4 b8c6 d1d2 c5e4
[WORKER] 2026/03/06 15:01:53 worker.go:429: Получена строка от движка: info depth 8 seldepth 14 multipv 2 score cp 45 nodes 8035 nps 892777 hashfull 1 tbhits 0 time 9 pv e4e5 c7c5 c2c3 b8c6 g1f3 c5d4 c3d4
[WORKER] 2026/03/06 15:01:53 worker.go:429: Получена строка от движка: info depth 8 seldepth 15 multipv 3 score cp 32 nodes 8035 nps 892777 hashfull 1 tbhits 0 time 9 pv b1d2 c7c5 g1f3 c5d4 f3d4 b8c6
[WORKER] 2026/03/06 15:01:53 worker.go:429: Получена строка от движка: info depth 9 seldepth 14 multipv 1 score cp 50 nodes 14026 nps 876625 hashfull 3 tbhits 0 time 16 pv e4e5 c7c5 c2c3 g8e7 g1f3 e7f5 f1d3 b8c6 d4c5 f8c5
[WORKER] 2026/03/06 15:01:53 worker.go:429: Получена строка от движка: info depth 9 seldepth 17 multipv 2 score cp 47 nodes 14026 nps 876625 hashfull 3 tbhits 0 time 16 pv b1c3 g8f6 e4e5 f6d7 f2f4 c7c5 g1f3 f8e7 c1e3 e8g8 f1d3
[WORKER] 2026/03/06 15:01:53 worker.go:429: Получена строка от движка: info depth 9 seldepth 17 multipv 3 score cp 24 nodes 14026 nps 876625 hashfull 3 tbhits 0 time 16 pv b1d2 c7c5 e4d5 e6d5 f1b5 c8d7 b5d7 d8d7 d1e2 f8e7 d4c5 b8c6
[WORKER] 2026/03/06 15:01:53 worker.go:429: Получена строка от движка: info depth 10 seldepth 25 multipv 1 score cp 49 nodes 29855 nps 963064 hashfull 7 tbhits 0 time 31 pv b1c3 g8f6 e4e5 f6d7 f2f4 c7c5 g1f3 f8e7 c1e3 e8g8 d1d2 a7a6 h2h4 b7b5 h4h5 c8b7 d2f2 c5d4 f3d4 b8c6 e1c1 b5b4 c3e2
[WORKER] 2026/03/06 15:01:53 worker.go:429: Получена строка от движка: info depth 10 seldepth 21 multipv 2 score cp 35 nodes 29855 nps 963064 hashfull 7 tbhits 0 time 31 pv e4e5 c7c5 c2c3 b8c6 g1f3 c8d7 a2a3 c5c4 b1d2 f8e7 g2g3 f7f6
[WORKER] 2026/03/06 15:01:53 worker.go:429: Получена строка от движка: info depth 10 seldepth 19 multipv 3 score cp 31 nodes 29855 nps 963064 hashfull 7 tbhits 0 time 31 pv b1d2 c7c5 e4d5 e6d5 f1b5 c8d7 b5d7 b8d7 g1e2 f8e7
[WORKER] 2026/03/06 15:01:53 worker.go:429: Получена строка от движка: info depth 11 seldepth 24 multipv 1 score cp 49 nodes 39838 nps 995950 hashfull 8 tbhits 0 time 40 pv b1c3 g8f6 e4e5 f6d7 f2f4 c7c5 g1f3 f8e7 c1e3 e8g8 d1d2 a7a6 h2h4 b7b5 h4h5 c8b7 d2f2 c5d4 f3d4 b8c6 e1c1 b5b4
[WORKER] 2026/03/06 15:01:53 worker.go:429: Получена строка от движка: info depth 11 seldepth 19 multipv 2 score cp 38 nodes 39838 nps 995950 hashfull 8 tbhits 0 time 40 pv e4e5 c7c5 c2c3 b8c6 g1f3 c8d7 a2a3 c5c4 g2g3 d8c7 h2h4 f7f6 c1f4 c7b6
[WORKER] 2026/03/06 15:01:53 worker.go:429: Получена строка от движка: info depth 11 seldepth 18 multipv 3 score cp 31 nodes 39838 nps 995950 hashfull 8 tbhits 0 time 40 pv b1d2 c7c5 e4d5 e6d5 f1b5 c8d7 b5d7 b8d7 g1e2 d7f6
[WORKER] 2026/03/06 15:01:53 worker.go:429: Получена строка от движка: info depth 12 seldepth 29 multipv 1 score cp 51 nodes 82396 nps 867326 hashfull 21 tbhits 0 time 95 pv b1c3 g8f6 e4e5 f6d7 f2f4 c7c5 g1f3 f8e7 c1e3 a7a6 d4c5 d7c5 a2a3 e8g8 b2b4 c5d7 f1d3
[WORKER] 2026/03/06 15:01:53 worker.go:429: Получена строка от движка: info depth 12 seldepth 24 multipv 2 score cp 34 nodes 82396 nps 867326 hashfull 21 tbhits 0 time 95 pv e4e5 c7c5 c2c3 b8c6 g1f3 c8d7 a2a3 c5c4 g2g3 d8c7 f1e2 g8e7 e1g1 c6a5 b1d2 h7h6 a1b1
[WORKER] 2026/03/06 15:01:53 worker.go:429: Получена строка от движка: info depth 12 seldepth 22 multipv 3 score cp 34 nodes 82396 nps 867326 hashfull 21 tbhits 0 time 95 pv b1d2 c7c5 e4d5 e6d5 f1b5 b8c6 g1f3 d8e7 b5e2 e7c7 d4c5 f8c5 d2b3
[WORKER] 2026/03/06 15:01:53 worker.go:429: Получена строка от движка: info depth 13 seldepth 35 multipv 1 score cp 47 nodes 132927 nps 846668 hashfull 38 tbhits 0 time 157 pv b1c3 g8f6 e4e5 f6d7 f2f4 c7c5 g1f3 b8c6 c1e3 a7a6 d1d2 b7b5 h2h4 c8b7 d4c5
[WORKER] 2026/03/06 15:01:53 worker.go:429: Получена строка от движка: info depth 13 seldepth 20 multipv 2 score cp 34 nodes 132927 nps 846668 hashfull 38 tbhits 0 time 157 pv e4e5 c7c5 c2c3 b8c6 g1f3 c8d7 a2a3 c5c4 f1e2 c6a5 b1d2 f8e7 a1b1 g8h6 e1g1
[WORKER] 2026/03/06 15:01:53 worker.go:429: Получена строка от движка: info depth 13 seldepth 26 multipv 3 score cp 33 nodes 132927 nps 846668 hashfull 38 tbhits 0 time 157 pv b1d2 c7c5 e4d5 e6d5 f1b5 c8d7 d1e2 d8e7 b5d7 b8d7 d4c5 e7e2 g1e2 d7c5 d2b3 f8d6 e1g1
[WORKER] 2026/03/06 15:01:53 worker.go:429: Получена строка от движка: info depth 14 seldepth 28 multipv 1 score cp 45 nodes 184170 nps 837136 hashfull 51 tbhits 0 time 220 pv b1c3 g8f6 e4e5 f6d7 f2f4 c7c5 g1f3 b8c6 c1e3 a7a6 d1d2 b7b5 g2g4
[WORKER] 2026/03/06 15:01:53 worker.go:429: Получена строка от движка: info depth 14 seldepth 27 multipv 2 score cp 33 nodes 184170 nps 837136 hashfull 51 tbhits 0 time 220 pv b1d2 c7c5 e4d5 e6d5 f1b5 c8d7 d1e2 d8e7 b5d7 b8d7 d4c5 e7e2 g1e2 d7c5 d2b3 f8d6 e1g1
[WORKER] 2026/03/06 15:01:53 worker.go:429: Получена строка от движка: info depth 14 seldepth 23 multipv 3 score cp 31 nodes 184170 nps 837136 hashfull 51 tbhits 0 time 220 pv e4e5 c7c5 c2c3 b8c6 g1f3 c8d7 a2a3 c5c4 f1e2 c6a5 b1d2 d8c7 e1g1 g8e7
[WORKER] 2026/03/06 15:01:54 worker.go:429: Получена строка от движка: info depth 15 seldepth 33 multipv 1 score cp 43 nodes 237094 nps 826111 hashfull 68 tbhits 0 time 287 pv b1c3 g8f6 e4e5 f6d7 f2f4 c7c5 g1f3 b8c6 c1e3 a7a6 h2h4 c5d4 f3d4 d8b6 a2a3 f8c5 c3a4 b6a5 c2c3 c5d4 e3d4 c6d4 d1d4 b7b5
[WORKER] 2026/03/06 15:01:54 worker.go:429: Получена строка от движка: info depth 15 seldepth 31 multipv 2 score cp 36 nodes 237094 nps 826111 hashfull 68 tbhits 0 time 287 pv e4e5 c7c5 c2c3 b8c6 g1f3 c5d4 c3d4 g8e7 f1d3 e7f5 d3f5 e6f5 b1c3 f8b4 e1g1 b4e7 c3e2 e8g8
[WORKER] 2026/03/06 15:01:54 worker.go:429: Получена строка от движка: info depth 15 seldepth 21 multipv 3 score cp 34 nodes 237094 nps 826111 hashfull 68 tbhits 0 time 287 pv b1d2 c7c5 e4d5 d8d5 g1f3 g8f6 f1c4 d5d6 d4c5 d6c5 e1g1
[WORKER] 2026/03/06 15:01:54 worker.go:429: Получена строка от движка: info depth 16 seldepth 32 multipv 1 score cp 54 nodes 431795 nps 810121 hashfull 133 tbhits 0 time 533 pv b1c3 g8f6 e4e5 f6d7 f2f4 c7c5 g1f3 b8c6 c1e3 a7a6 d1d2 b7b5 h2h4 c8b7 h4h5 f8e7 h5h6 g7g6 c3d1 c5d4 f3d4 b5b4 d1f2
[WORKER] 2026/03/06 15:01:54 worker.go:429: Получена строка от движка: info depth 16 seldepth 29 multipv 2 score cp 40 nodes 431795 nps 810121 hashfull 133 tbhits 0 time 533 pv e4e5 c7c5 c2c3 b8c6 g1f3 c8d7 a2a3 c5c4 f1e2 c6a5 b1d2 d8c7 e1g1 g8e7 f1e1 e7c6 b2b3 c4b3 h2h4 f8e7 a1b1 e8g8 d2b3 a5b3 d1b3
[WORKER] 2026/03/06 15:01:54 worker.go:429: Получена строка от движка: info depth 16 seldepth 34 multipv 3 score cp 32 nodes 431795 nps 810121 hashfull 133 tbhits 0 time 533 pv b1d2 c7c5 e4d5 e6d5 f1b5 b8c6 g1f3 f8d6 d4c5 d6c5 e1g1 g8e7 d2b3 c5b6
[WORKER] 2026/03/06 15:01:54 worker.go:429: Получена строка от движка: bestmove b1c3 ponder g8f6
[WORKER] 2026/03/06 15:01:58 worker.go:553: Анализ позиции: 2 тактических ходов из 38 возможных
[WORKER] 2026/03/06 15:01:58 worker.go:179: Полуход 5. Ход белых: 0.8 сек (оценка: 54)
[WORKER] 2026/03/06 15:01:58 worker.go:429: Получена строка от движка: info string Available processors: 0-11
[WORKER] 2026/03/06 15:01:58 worker.go:429: Получена строка от движка: info string Using 1 thread
[WORKER] 2026/03/06 15:01:58 worker.go:429: Получена строка от движка: info string NNUE evaluation using nn-c288c895ea92.nnue (125MiB, (102384, 1024, 15, 32, 1))
[WORKER] 2026/03/06 15:01:58 worker.go:429: Получена строка от движка: info string NNUE evaluation using nn-37f18f62d772.nnue (6MiB, (22528, 128, 15, 32, 1))
[WORKER] 2026/03/06 15:01:58 worker.go:429: Получена строка от движка: info string Network replica 1: Shared memory.
[WORKER] 2026/03/06 15:01:58 worker.go:429: Получена строка от движка: info depth 1 seldepth 3 multipv 1 score cp -48 nodes 131 nps 131000 hashfull 0 tbhits 0 time 1 pv b8c6
[WORKER] 2026/03/06 15:01:58 worker.go:429: Получена строка от движка: info depth 1 seldepth 3 multipv 2 score cp -50 nodes 131 nps 131000 hashfull 0 tbhits 0 time 1 pv f8b4
[WORKER] 2026/03/06 15:01:58 worker.go:429: Получена строка от движка: info depth 1 seldepth 7 multipv 3 score cp -54 nodes 131 nps 131000 hashfull 0 tbhits 0 time 1 pv g8f6
[WORKER] 2026/03/06 15:01:58 worker.go:429: Получена строка от движка: info depth 2 seldepth 5 multipv 1 score cp -48 nodes 476 nps 476000 hashfull 0 tbhits 0 time 1 pv g8f6
[WORKER] 2026/03/06 15:01:58 worker.go:429: Получена строка от движка: info depth 2 seldepth 3 multipv 2 score cp -52 nodes 476 nps 476000 hashfull 0 tbhits 0 time 1 pv f8b4
[WORKER] 2026/03/06 15:01:58 worker.go:429: Получена строка от движка: info depth 2 seldepth 3 multipv 3 score cp -55 nodes 476 nps 476000 hashfull 0 tbhits 0 time 1 pv a7a6
[WORKER] 2026/03/06 15:01:58 worker.go:429: Получена строка от движка: info depth 3 seldepth 7 multipv 1 score cp -43 nodes 972 nps 972000 hashfull 0 tbhits 0 time 1 pv a7a6
[WORKER] 2026/03/06 15:01:58 worker.go:429: Получена строка от движка: info depth 3 seldepth 4 multipv 2 score cp -55 nodes 972 nps 972000 hashfull 0 tbhits 0 time 1 pv g8f6 e4e5
[WORKER] 2026/03/06 15:01:58 worker.go:429: Получена строка от движка: info depth 3 seldepth 6 multipv 3 score cp -63 nodes 972 nps 972000 hashfull 0 tbhits 0 time 1 pv f8e7 f1d3
[WORKER] 2026/03/06 15:01:58 worker.go:429: Получена строка от движка: info depth 4 seldepth 8 multipv 1 score cp -54 nodes 1984 nps 992000 hashfull 0 tbhits 0 time 2 pv g8f6 e4e5 f6d7 f2f4 c7c5 g1f3 b8c6
[WORKER] 2026/03/06 15:01:58 worker.go:429: Получена строка от движка: info depth 4 seldepth 9 multipv 2 score cp -65 nodes 1984 nps 992000 hashfull 0 tbhits 0 time 2 pv a7a6 f1d3 c7c5 d4c5 f8c5 g1f3 g8f6
[WORKER] 2026/03/06 15:01:58 worker.go:429: Получена строка от движка: info depth 4 seldepth 8 multipv 3 score cp -70 nodes 1984 nps 992000 hashfull 0 tbhits 0 time 2 pv f8b4 e4e5 c7c5 a2a3 b4c3 b2c3
[WORKER] 2026/03/06 15:01:58 worker.go:429: Получена строка от движка: info depth 5 seldepth 7 multipv 1 score cp -54 nodes 2747 nps 1373500 hashfull 0 tbhits 0 time 2 pv g8f6 e4e5 f6d7 f2f4 c7c5
[WORKER] 2026/03/06 15:01:58 worker.go:429: Получена строка от движка: info depth 5 seldepth 9 multipv 2 score cp -67 nodes 2747 nps 1373500 hashfull 0 tbhits 0 time 2 pv a7a6 g1f3 f8b4 e4e5 c7c5
[WORKER] 2026/03/06 15:01:58 worker.go:429: Получена строка от движка: info depth 5 seldepth 9 multipv 3 score cp -70 nodes 2747 nps 1373500 hashfull 0 tbhits 0 time 2 pv f8b4 e4e5 c7c5 a2a3 b4c3 b2c3
[WORKER] 2026/03/06 15:01:58 worker.go:429: Получена строка от движка: info depth 6 seldepth 7 multipv 1 score cp -54 nodes 3639 nps 1213000 hashfull 0 tbhits 0 time 3 pv g8f6 e4e5 f6d7 f2f4 c7c5 g1f3
[WORKER] 2026/03/06 15:01:58 worker.go:429: Получена строка от движка: info depth 6 seldepth 8 multipv 2 score cp -65 nodes 3639 nps 1213000 hashfull 0 tbhits 0 time 3 pv f8e7 f1d3 d5e4 c3e4 g8f6
[WORKER] 2026/03/06 15:01:58 worker.go:429: Получена строка от движка: info depth 6 seldepth 10 multipv 3 score cp -70 nodes 3639 nps 1213000 hashfull 0 tbhits 0 time 3 pv f8b4 e4e5 c7c5 a2a3 b4c3 b2c3
[WORKER] 2026/03/06 15:01:58 worker.go:429: Получена строка от движка: info depth 7 seldepth 9 multipv 1 score cp -51 nodes 5031 nps 1257750 hashfull 0 tbhits 0 time 4 pv g8f6 e4e5 f6d7 f2f4 c7c5 g1f3 b8c6
[WORKER] 2026/03/06 15:01:58 worker.go:429: Получена строка от движка: info depth 7 seldepth 9 multipv 2 score cp -63 nodes 5031 nps 1257750 hashfull 0 tbhits 0 time 4 pv f8e7 f1d3 d5e4 c3e4 g8f6 c2c3
[WORKER] 2026/03/06 15:01:58 worker.go:429: Получена строка от движка: info depth 7 seldepth 13 multipv 3 score cp -69 nodes 5031 nps 1257750 hashfull 0 tbhits 0 time 4 pv a7a6 g1f3 g8f6 e4e5 f6d7 c3e2
[WORKER] 2026/03/06 15:01:58 worker.go:429: Получена строка от движка: info depth 8 seldepth 21 multipv 1 score cp -52 nodes 7468 nps 1066857 hashfull 0 tbhits 0 time 7 pv g8f6 e4e5 f6d7 f2f4 c7c5 g1f3 b8c6 c1e3 a7a6 d1d2 b7b5
[WORKER] 2026/03/06 15:01:58 worker.go:429: Получена строка от движка: info depth 8 seldepth 11 multipv 2 score cp -60 nodes 7468 nps 1066857 hashfull 0 tbhits 0 time 7 pv f8e7 f1d3 d5e4 c3e4 g8f6 c2c3 f6e4 d3e4 c7c5
[WORKER] 2026/03/06 15:01:58 worker.go:429: Получена строка от движка: info depth 8 seldepth 13 multipv 3 score cp -66 nodes 7468 nps 1066857 hashfull 0 tbhits 0 time 7 pv a7a6 f1d3 c7c5 d4c5 f8c5 g1f3 g8f6 e4e5
[WORKER] 2026/03/06 15:01:58 worker.go:429: Получена строка от движка: info depth 9 seldepth 11 multipv 1 score cp -52 nodes 13094 nps 935285 hashfull 1 tbhits 0 time 14 pv g8f6 e4e5 f6d7 f2f4 c7c5 g1f3 b8c6 c1e3 a7a6
[WORKER] 2026/03/06 15:01:58 worker.go:429: Получена строка от движка: info depth 9 seldepth 16 multipv 2 score cp -60 nodes 13094 nps 935285 hashfull 1 tbhits 0 time 14 pv d5e4 c3e4 b8d7 g1f3 g8f6 f1d3 c7c5 e1g1 f6e4 d3e4
[WORKER] 2026/03/06 15:01:58 worker.go:429: Получена строка от движка: info depth 9 seldepth 14 multipv 3 score cp -66 nodes 13094 nps 935285 hashfull 1 tbhits 0 time 14 pv f8e7 f1d3 d5e4 c3e4 b8d7 g1f3 g8f6 e1g1
[WORKER] 2026/03/06 15:01:58 worker.go:429: Получена строка от движка: info depth 10 seldepth 24 multipv 1 score cp -54 nodes 27264 nps 908800 hashfull 5 tbhits 0 time 30 pv g8f6 e4e5 f6d7 f2f4 c7c5 g1f3 b8c6 c1e3 d8b6 c3a4 b6a5 c2c3 c5d4 b2b4 c6b4 c3b4 f8b4 e3d2 b4d2 f3d2
[WORKER] 2026/03/06 15:01:58 worker.go:429: Получена строка от движка: info depth 10 seldepth 18 multipv 2 score cp -56 nodes 27264 nps 908800 hashfull 5 tbhits 0 time 30 pv f8e7 f1d3 d5e4 c3e4 g8f6 g1f3 b8d7 e4f6 e7f6
[WORKER] 2026/03/06 15:01:58 worker.go:429: Получена строка от движка: info depth 10 seldepth 19 multipv 3 score cp -57 nodes 27264 nps 908800 hashfull 5 tbhits 0 time 30 pv d5e4 c3e4 b8d7 g1f3 g8f6 e4f6 d7f6 c1e3 f8e7
[WORKER] 2026/03/06 15:01:58 worker.go:429: Получена строка от движка: info depth 11 seldepth 20 multipv 1 score cp -51 nodes 34188 nps 924000 hashfull 7 tbhits 0 time 37 pv d5e4 c3e4 b8d7 c2c3 g8f6 f1d3 f6e4 d3e4 c7c5 g1f3 d7f6 e4c2 d8c7
[WORKER] 2026/03/06 15:01:58 worker.go:429: Получена строка от движка: info depth 11 seldepth 21 multipv 2 score cp -54 nodes 34188 nps 924000 hashfull 7 tbhits 0 time 37 pv g8f6 e4e5 f6d7 f2f4 c7c5 g1f3 b8c6 c1e3 d8b6 c3a4 b6a5 c2c3 c5d4 b2b4 c6b4 c3b4 f8b4 e3d2 b4d2 f3d2
[WORKER] 2026/03/06 15:01:58 worker.go:429: Получена строка от движка: info depth 11 seldepth 16 multipv 3 score cp -55 nodes 34188 nps 924000 hashfull 7 tbhits 0 time 37 pv f8e7 f1d3 d5e4 c3e4 g8f6 g1f3 f6e4 d3e4 b8d7 e1g1 c7c5 d1e2 e8g8
[WORKER] 2026/03/06 15:01:58 worker.go:429: Получена строка от движка: info depth 12 seldepth 30 multipv 1 score cp -50 nodes 55468 nps 880444 hashfull 14 tbhits 0 time 63 pv g8f6 e4e5 f6d7 f2f4 c7c5 g1f3 b8c6 c1e3 f8e7 d1d2 a7a6 d4c5 e7c5 e1c1 b7b5 c3e2 b5b4 e2d4 d8b6 h2h4 a6a5 h4h5 a5a4 c1b1 h7h6
[WORKER] 2026/03/06 15:01:58 worker.go:429: Получена строка от движка: info depth 12 seldepth 19 multipv 2 score cp -52 nodes 55468 nps 880444 hashfull 14 tbhits 0 time 63 pv d5e4 c3e4 b8d7 g1f3 g8f6 e4f6 d7f6 f3e5 f8d6 f1d3 c7c5
[WORKER] 2026/03/06 15:01:58 worker.go:429: Получена строка от движка: info depth 12 seldepth 16 multipv 3 score cp -57 nodes 55468 nps 880444 hashfull 14 tbhits 0 time 63 pv f8e7 e4e5 c7c5 d1g4 g7g5 h2h4 h7h5 g4g3 c5d4 c3b5 g5g4
[WORKER] 2026/03/06 15:01:58 worker.go:429: Получена строка от движка: info depth 13 seldepth 26 multipv 1 score cp -50 nodes 111875 nps 822610 hashfull 36 tbhits 0 time 136 pv d5e4 c3e4 b8d7 f1d3 g8f6 e4f6 d7f6 g1f3 c7c5 c1e3 d8c7 d1e2 c8d7 f3e5
[WORKER] 2026/03/06 15:01:58 worker.go:429: Получена строка от движка: info depth 13 seldepth 30 multipv 2 score cp -52 nodes 111875 nps 822610 hashfull 36 tbhits 0 time 136 pv g8f6 e4e5 f6d7 f2f4 c7c5 g1f3 b8c6 c1e3 f8e7 d1d2 a7a6 d4c5 e7c5 e1c1 b7b5 f4f5 e8g8
[WORKER] 2026/03/06 15:01:58 worker.go:429: Получена строка от движка: info depth 13 seldepth 21 multipv 3 score cp -58 nodes 111875 nps 822610 hashfull 36 tbhits 0 time 136 pv f8e7 e4e5 c7c5 d1g4 e8f8 g1f3 h7h5 g4f4 b7b6 c1d2 b8c6 e1c1 c5c4 h2h4
[WORKER] 2026/03/06 15:01:59 worker.go:429: Получена строка от движка: info depth 14 seldepth 24 multipv 1 score cp -52 nodes 201274 nps 801888 hashfull 66 tbhits 0 time 251 pv g8f6 e4e5 f6d7 f2f4 c7c5 g1f3 b8c6 c1e3 f8e7 d1d2 a7a6 d4c5 e7c5 e1c1 b7b5 f4f5 b5b4 c3a4 c5e3 d2e3 e8g8
[WORKER] 2026/03/06 15:01:59 worker.go:429: Получена строка от движка: info depth 14 seldepth 25 multipv 2 score cp -54 nodes 201274 nps 801888 hashfull 66 tbhits 0 time 251 pv a7a6 h2h4 d5e4 c3e4 b8d7 f1d3 d7f6
[WORKER] 2026/03/06 15:01:59 worker.go:429: Получена строка от движка: info depth 14 seldepth 30 multipv 3 score cp -56 nodes 201274 nps 801888 hashfull 66 tbhits 0 time 251 pv d5e4 c3e4 b8d7 c1e3 f8e7 g1f3 g8f6 e4f6 e7f6 f1d3 c7c5 c2c3 c5d4 f3d4 e8g8 d1c2
[WORKER] 2026/03/06 15:01:59 worker.go:429: Получена строка от движка: info depth 15 seldepth 21 multipv 1 score cp -52 nodes 365978 nps 777023 hashfull 130 tbhits 0 time 471 pv g8f6 e4e5 f6d7 f2f4 c7c5 g1f3 b8c6 c1e3 f8e7 d1d2 a7a6 d4c5 e7c5 e1c1 b7b5 f4f5 b5b4 c3a4 c5e3
[WORKER] 2026/03/06 15:01:59 worker.go:429: Получена строка от движка: info depth 15 seldepth 25 multipv 2 score cp -54 nodes 365978 nps 777023 hashfull 130 tbhits 0 time 471 pv d5e4 c3e4 b8d7 g1f3 g8f6 e4f6 d7f6 f1d3 c7c5 c1e3 d8c7 d1e2 f8e7 e1c1 c8d7 d4c5
[WORKER] 2026/03/06 15:01:59 worker.go:429: Получена строка от движка: info depth 15 seldepth 29 multipv 3 score cp -68 nodes 365978 nps 777023 hashfull 130 tbhits 0 time 471 pv a7a6 c1e3 g8f6 f1d3 d5e4 c3e4 f6e4 d3e4 b8d7 c2c3
[WORKER] 2026/03/06 15:01:59 worker.go:429: Получена строка от движка: info depth 16 seldepth 23 multipv 1 score cp -52 nodes 435627 nps 783501 hashfull 152 tbhits 0 time 556 pv g8f6 e4e5 f6d7 f2f4 c7c5 g1f3 b8c6 c1e3 f8e7 d1d2 a7a6 d4c5 e7c5 e1c1 b7b5 f4f5 b5b4 c3a4 c5e3 d2e3 e8g8
[WORKER] 2026/03/06 15:01:59 worker.go:429: Получена строка от движка: info depth 16 seldepth 32 multipv 2 score cp -58 nodes 435627 nps 783501 hashfull 152 tbhits 0 time 556 pv d5e4 c3e4 b8d7 g1f3 g8f6 e4f6 d7f6 f1d3 c7c5 c1e3 d8c7 d1e2 c8d7 e1c1 f8e7 f3e5 e8g8 e5d7 f6d7 c1b1
[WORKER] 2026/03/06 15:01:59 worker.go:429: Получена строка от движка: info depth 16 seldepth 32 multipv 3 score cp -63 nodes 435627 nps 783501 hashfull 152 tbhits 0 time 556 pv a7a6 c1e3 g8f6 f1d3 d5e4 c3e4 f6e4 d3e4 b8d7 g1f3 d7f6 e4d3 f8e7 d1e2 e8g8 e1c1 b7b5 h2h4 c8b7 h4h5 h7h6
[WORKER] 2026/03/06 15:01:59 worker.go:429: Получена строка от движка: bestmove g8f6 ponder e4e5
[WORKER] 2026/03/06 15:42:02 worker.go:66: === Запуск worker ===
[WORKER] 2026/03/06 15:42:02 worker.go:80: Архетипы загружены успешно (всего: 11)
[WORKER] 2026/03/06 15:42:02 worker.go:100: Начинаем обработку матча test_simple с архетипами [attacker pragmatic]
[WORKER] 2026/03/06 15:42:02 worker.go:396: Создаем движок: C:/Users/yaros/Downloads/stockfish-windows-x86-64-avx2/stockfish/stockfish-windows-x86-64-avx2.exe
[WORKER] 2026/03/06 15:42:02 worker.go:409: Запускаем движок...
[WORKER] 2026/03/06 15:42:02 worker.go:423: Отправляем команду uci
[WORKER] 2026/03/06 15:42:02 worker.go:427: Ждем uciok...
[WORKER] 2026/03/06 15:42:02 worker.go:476: Ждем маркер: uciok
[WORKER] 2026/03/06 15:42:02 worker.go:491: Получена строка при ожидании: Stockfish 18 by the Stockfish developers (see AUTHORS file)
[WORKER] 2026/03/06 15:42:02 worker.go:491: Получена строка при ожидании: id name Stockfish 18
[WORKER] 2026/03/06 15:42:02 worker.go:491: Получена строка при ожидании: uciok
[WORKER] 2026/03/06 15:42:02 worker.go:493: Найден маркер: uciok
[WORKER] 2026/03/06 15:42:02 worker.go:433: Получен uciok
[WORKER] 2026/03/06 15:42:02 worker.go:436: Настраиваем MultiPV
[WORKER] 2026/03/06 15:42:02 worker.go:439: Движок успешно инициализирован
[WORKER] 2026/03/06 15:42:02 worker.go:140: Начинаем обработку 0 полуходов. EngPath: C:/Users/yaros/Downloads/stockfish-windows-x86-64-avx2/stockfish/stockfish-windows-x86-64-avx2.exe
[WORKER] 2026/03/06 15:42:02 worker.go:601: Отправляем отчет для матча test_simple на URL: http://localhost:3000/matches/test_simple/report
[WORKER] 2026/03/06 15:42:02 worker.go:623: Ошибка при связи с бэкендом: Post "http://localhost:3000/matches/test_simple/report": dial tcp [::1]:3000: connectex: No connection could be made because the target machine actively refused it.
[WORKER] 2026/03/06 15:42:02 worker.go:186: Игра test_simple обработана: 0 полуходов
[WORKER] 2026/03/06 15:45:32 worker.go:66: === Запуск worker ===
[WORKER] 2026/03/06 15:45:32 worker.go:80: Архетипы загружены успешно (всего: 11)
[WORKER] 2026/03/06 15:45:32 worker.go:100: Начинаем обработку матча test_match_001 с архетипами [attacker pragmatic]
[WORKER] 2026/03/06 15:45:32 worker.go:396: Создаем движок: C:\Users\yaros\Downloads\stockfish-windows-x86-64-avx2\stockfish\stockfish-windows-x86-64-avx2.exe
[WORKER] 2026/03/06 15:45:32 worker.go:409: Запускаем движок...
[WORKER] 2026/03/06 15:45:32 worker.go:423: Отправляем команду uci
[WORKER] 2026/03/06 15:45:32 worker.go:427: Ждем uciok...
[WORKER] 2026/03/06 15:45:32 worker.go:476: Ждем маркер: uciok
[WORKER] 2026/03/06 15:45:32 worker.go:491: Получена строка при ожидании: Stockfish 18 by the Stockfish developers (see AUTHORS file)
[WORKER] 2026/03/06 15:45:33 worker.go:491: Получена строка при ожидании: id name Stockfish 18
[WORKER] 2026/03/06 15:45:33 worker.go:491: Получена строка при ожидании: uciok
[WORKER] 2026/03/06 15:45:33 worker.go:493: Найден маркер: uciok
[WORKER] 2026/03/06 15:45:33 worker.go:433: Получен uciok
[WORKER] 2026/03/06 15:45:33 worker.go:436: Настраиваем MultiPV
[WORKER] 2026/03/06 15:45:33 worker.go:439: Движок успешно инициализирован
[WORKER] 2026/03/06 15:45:33 worker.go:140: Начинаем обработку 0 полуходов. EngPath: C:\Users\yaros\Downloads\stockfish-windows-x86-64-avx2\stockfish\stockfish-windows-x86-64-avx2.exe
[WORKER] 2026/03/06 15:45:33 worker.go:601: Отправляем отчет для матча test_match_001 на URL: http://localhost:3000/matches/test_match_001/report
[WORKER] 2026/03/06 15:45:33 worker.go:623: Ошибка при связи с бэкендом: Post "http://localhost:3000/matches/test_match_001/report": dial tcp [::1]:3000: connectex: No connection could be made because the target machine actively refused it.
[WORKER] 2026/03/06 15:45:33 worker.go:186: Игра test_match_001 обработана: 0 полуходов
[WORKER] 2026/03/06 15:45:33 worker.go:601: Отправляем отчет для матча test-id на URL: http://127.0.0.1:61530/matches/test-id/report
[WORKER] 2026/03/06 15:45:33 worker.go:631: Отчет успешно отправлен! (2 полуходов обработано)
